	BSample_01	BSample_02	BSample_03	BSample_04	BSample_05	BSample_06	BSample_07	BSample_08	BSample_09	BSample_10	BSample_11	BSample_12	BSample_13	BSample_14	BSample_15	BSample_16	BSample_17	BSample_18	BSample_19	BSample_20
BGene_0001	2.1392649499947174	2.1314161962903717	2.1532243981347667	2.1011340917876247	2.1474083054453463	2.0550582402745423	2.127376562056988	2.086389649272639	2.1363973017065025	2.108043651773418	2.0869739939039027	2.094539022952033	2.0545080405474874	2.09450372628274	2.07558352234659	2.149645037972796	2.1424382624645473	2.111127321797434	2.0895657099963225	2.107386596242831
BGene_0002	2.112030544187931	2.1679998494213897	2.2078768411437624	2.053856031545468	2.125855957721262	1.9776587772461738	2.0347078703247345	2.047825810746174	2.0245566343104273	2.252667487832267	2.0334259117240308	2.13124091557389	1.9910950837064672	2.1403951149129483	2.1360605837503823	2.0377892313437154	2.0353014311753865	2.039234031293364	2.103200334659618	2.1342216450797062
BGene_0003	-0.5046306399315776	-0.31469568199832376	-0.23704723191160817	-0.7365900688578324	-0.33128433905881793	-0.8461843337901035	-0.7096259129489652	-0.9764120556573682	-0.9221519396047555	-0.19432499413803642	-1.0708933734273105	-0.482174523721023	-1.065985866556643	-0.5430952070838004	-0.46638511915133857	-0.8637545970812277	-0.8464077684316854	-0.694111386986407	-0.7845956819648788	-0.46071515282025216
BGene_0004	0.35120988452585244	0.3928643863681465	0.512630625704478	0.3615006378790858	0.4202122536252992	0.2082958905935995	0.29286038791880975	0.23103176050408797	0.27712545927405124	0.4764640803231932	0.3012283740275731	0.3377976654331426	0.15307040834174135	0.3181992069685152	0.40456331602047435	0.28524840647590793	0.24567165936728144	0.304149726679115	0.2702286684808024	0.3325438766366194
BGene_0005	1.1811573622634708	1.2149867423678127	1.3432133687261314	1.1059879330910654	1.2357506431804255	0.9598319827436786	0.9704485391685969	0.9932610367123804	1.0145715239248605	1.3168066495464077	1.0032173003665592	1.1687744431312963	0.9833900664653227	1.1225509778085407	1.20581643593103	0.9749165625865175	1.001406529810404	0.99329981252725	0.9540425389847061	1.0634587834536946
BGene_0006	0.1927067902635318	0.2965962952326137	0.40405901739420413	0.09157262213205274	0.3089204457376034	0.12838211645461517	0.08235150078129007	0.19316602868043553	0.0759413155114371	0.36916422765164925	-0.04962874015535842	0.2683573170895585	0.07114059889821535	0.27312519276365016	0.30911840211013303	0.18617296333819025	0.10055555307030538	0.23028802904977094	0.08801301853780717	0.24705576942521232
BGene_0007	3.05767342365463	3.0353612788969033	3.105934909086743	3.019006998938476	3.082092077394125	3.0070779302018242	2.9748428846362094	3.0252569341392617	2.9947150304224706	3.0859731651050213	2.986005169342418	3.049707362065148	2.9744278091657046	3.045351606772229	3.0141562086792675	2.9779052015875043	2.9987215416821678	3.0336208589367666	2.9858176501927636	3.021110562349259
BGene_0008	2.523146573903863	2.540782511840326	2.5875872153913138	2.4834241677436197	2.55487621605191	2.536372689855558	2.4973840043987825	2.56655073045704	2.5156244453211745	2.5899942475786486	2.5206262743831807	2.5756534794100543	2.524969205922662	2.547671904703458	2.5589883243628275	2.48215513003114	2.4807372007449078	2.4790943281952647	2.501840877563819	2.522094123641329
BGene_0009	0.30693815174262207	0.3807868045906816	0.4213187071880082	0.2698187751290743	0.30169439677957377	0.10067171933949395	0.016367071894841576	0.11591895790047002	0.05839760430529463	0.4191997260142915	0.08979458401880304	0.3036109386124981	0.0722597032363561	0.27668531132872026	0.22598222342915442	0.10942967163725059	0.16188720620091698	0.09728989089888812	0.07140047915336335	0.18313894041345383
BGene_0010	2.5636410711440676	2.602716573467824	2.6501376633821563	2.5250008171044973	2.5811734760932854	2.5116169646232085	2.5318693575490396	2.5271933014478836	2.5570365247545204	2.6221627212209224	2.5570496493608914	2.579848112023909	2.5435840376118226	2.5556664287425592	2.5858391042584117	2.5648517039610166	2.522587265984205	2.533758925390512	2.514311603979757	2.588697751035429
BGene_0011	1.4540611577571452	1.5724782855368797	1.567877070363988	1.426028774317722	1.5091211242933698	1.4079286799864679	1.3562192530447634	1.4319763476328864	1.4386118365084397	1.55858362956505	1.303122510620281	1.5600237170809552	1.4165180421610795	1.5110501781522212	1.4440087770337189	1.3360715402214387	1.3987884859777873	1.3795070503529034	1.3692358495949781	1.4243897055365429
BGene_0012	2.671707162498124	2.721204624091209	2.675992406115861	2.689153243635508	2.6699312590292825	2.6740552938254036	2.6268527229680543	2.6560463590030627	2.672711189931669	2.6818825929940493	2.6461572284975317	2.676020633407666	2.6432087410525145	2.7058998265423813	2.6985701823687407	2.63924810068512	2.6534351577792337	2.6061713886415627	2.6861229628832275	2.6781871288874495
BGene_0013	2.357619466642211	2.3886816098170507	2.457246294230328	2.2854747770351924	2.3534835714840048	2.2994795031599407	2.266359532705723	2.3327296024341933	2.282947402504557	2.444846105650546	2.292077721594896	2.3653659030059586	2.310829845831266	2.360401284842502	2.338232909085985	2.3007063720844916	2.310300659658976	2.374382424808188	2.330454961459973	2.3273549414924246
BGene_0014	-0.8209687986068306	-0.7122766483734613	-0.47366832697599354	-0.9430717642121734	-0.5749971777258501	-1.1700171392561256	-1.3359410826019105	-0.8668026946477856	-1.089182138411803	-0.5166871528397786	-1.1049187196388564	-0.6403386710069202	-1.0575134839575855	-0.8374685718519406	-0.8271894650276687	-0.9900822700243852	-1.0295559979535	-1.044193376569693	-1.2063261027551262	-0.9970261805757097
BGene_0015	1.7957945526387624	1.8226725488103661	1.8761847127345057	1.7448735458818974	1.8461279342553303	1.7372227455518738	1.7103955163937659	1.796218632674234	1.7419354425507922	1.812177866105233	1.7917506912766863	1.8128160836811562	1.7638404691766467	1.790049422558817	1.8141639671966407	1.804452150374028	1.7712823961741135	1.74123989291828	1.759463084726445	1.7177879051527762
BGene_0016	1.0592927795270137	1.1007133866791075	1.2785618683923208	0.9003155613993222	1.0851116231652151	0.7535493909363835	0.8189232618820576	0.8001628644505763	0.8120767019344661	1.2184231690373157	0.8501511203015046	1.0483429671807944	0.8511449533364354	0.975153974097876	1.0326556621011531	0.8175644196046397	0.8319807164853718	0.8440317482742605	0.770650534352539	0.9956069495576815
BGene_0017	1.1560740569391792	1.147476936222791	1.2340649499065286	1.1750232096186317	1.2686796051236047	1.1437868688462705	1.0400940733802464	1.1867232773816565	1.1434892032242865	1.2118469581089009	1.0702301294014127	1.2224900199383508	1.1072347838931866	1.129973591876033	1.153459352773888	1.1775174770834445	1.1420024365507773	1.1583969975776722	1.1600734750812933	1.1854596924989653
BGene_0018	2.701034518546365	2.7116500448203826	2.7100841951759085	2.7070146111105116	2.680313649107098	2.6556125816421305	2.694462258166364	2.6681096698616993	2.6951090342576847	2.7250892215887395	2.670167700140794	2.664691188834998	2.6483028881841197	2.659689552364484	2.722746525448055	2.710079387445684	2.72035108556195	2.6819256779539784	2.6776834297540195	2.69211494738341
BGene_0019	2.16389641175089	2.160770866798952	2.1952962136481875	2.134569218546936	2.163028449256723	2.0069642087535593	2.084310406094149	2.011957258848593	2.073645144587726	2.148520504947916	2.094210739276896	2.10279334181361	2.0622902406006975	2.1530914419070544	2.1609103122884528	2.124405015942711	2.0801187745438394	2.1059902734785143	2.072813793764739	2.1187418244258347
BGene_0020	2.6763655988556136	2.7281320165509877	2.748411290935059	2.6330440176483134	2.7305652971732166	2.6382758722312327	2.61396590148515	2.6476730153872956	2.6690002682738507	2.7783878164806963	2.6532306569306674	2.692467048100744	2.6382434044703156	2.6923407205790606	2.6626422964418386	2.6380245728647584	2.6601616288893637	2.6584114065721867	2.625262999320835	2.651628661786817
BGene_0021	0.5700346780957429	0.6683801340076706	0.832436782101856	0.429097262847155	0.6382501533095734	0.052281022182916456	0.1369293978888811	0.22060482292688027	0.1982158475896501	0.7914225751375855	0.28940556331679923	0.5948036571641248	0.2190916319906427	0.47161436782621596	0.5412495397239864	0.3794067100279646	0.37296385631574425	0.2484235056325262	0.348396096786964	0.45105882348763326
BGene_0022	1.3163868524127547	1.347423122214374	1.4134126003130958	1.2036740161935526	1.3452396254171342	1.2285921819204182	1.1566754761510991	1.2463578184821342	1.2091420387056067	1.395862232392744	1.168250840909722	1.3738502368358612	1.2610259350244606	1.2931591794911614	1.3033730392403313	1.1955935231799146	1.1862541886923212	1.1591781882677963	1.1807373272838262	1.223366567505378
BGene_0023	1.8529095110206855	1.8641816697176898	1.8563998899127483	1.8250686617639114	1.8712415473735806	1.8195855658004678	1.8411008913963764	1.8276817309799098	1.8222602026294614	1.87501208281151	1.8361122091723678	1.8132457250568321	1.8297301531156636	1.7868943351785789	1.8322516793871455	1.8880909166201127	1.7963208020671448	1.8145844857506492	1.7705156294154132	1.8109695098771632
BGene_0024	-0.22143440068408404	0.01967263433314622	0.17567397855478387	-0.24447697488035722	-0.024989914496453325	-0.377625979420907	-0.41728644908175966	-0.29135951110114516	-0.4736158942602569	0.17420275512005554	-0.42231961666089896	-0.0636876141805364	-0.42978709375827456	-0.02987013922204335	-0.03332180177609935	-0.5489806923803286	-0.46498815173975105	-0.3200312739467007	-0.4554316031001258	-0.23845487501830695
BGene_0025	2.002269279879052	2.0257030368501927	2.028387590166723	1.9623561079024285	1.9953128547351875	1.9340896740420004	1.9777573513030258	1.9916110193230545	1.9509015407173818	2.0203160199554184	1.992665467850252	1.9977464018648037	1.9570256347473292	1.9745958140370248	2.0200591760327593	1.944673744090054	1.9351023975360506	1.98205027390966	1.9783533349464855	1.9991133358752766
BGene_0026	0.3642251136724747	0.24029023600426175	0.27525177779526466	0.565548332636517	0.25637037176611993	0.3129927555669148	0.26529278158820635	0.22758122700252478	0.3163572058698793	0.2802769511128076	0.5160039867322964	0.35649504600769577	0.1727147026018296	0.21788096078575725	0.22421667139400153	0.2081657640076889	0.46603776786351664	0.3212997841556332	0.22430896029800299	0.298618399287691
BGene_0027	0.8678325028375565	0.8300883053497429	0.7792124954221592	1.070543333604302	0.8188152786444886	0.844032259867369	0.8160424188830872	0.796177502487338	0.8430320543604051	0.8364084146282189	1.057931983643429	0.9077057651000866	0.782937474069455	0.8338819273919363	0.8728691039077677	0.8512090758247961	1.0302098600469485	0.8394676766478021	0.7913650668080006	0.7864708964174058
BGene_0028	1.9905510312705434	1.9182421528667908	1.9648790027456595	2.2758923257480608	1.910752530097114	1.943363288080094	1.889536598972822	1.9144114949099693	1.9850225610138394	1.995221971446107	2.278756002797091	2.030153456662675	1.9555814807939889	1.9449436756250005	1.9663939517084421	1.9902123339367321	2.173406969141323	1.9787155582056066	1.9105716971449302	1.89584815154819
BGene_0029	1.474272739730518	1.3380356471574262	1.3848469060790072	1.7769992267189891	1.2774987778715294	1.3603310540125257	1.3475519319397042	1.3531045106123039	1.4629349771986921	1.3620557341413675	1.7737849320238244	1.5236409410696254	1.3156048623642855	1.3317820320330922	1.3685134083155823	1.3750293589814309	1.645530584982279	1.3403906259704756	1.284347695957934	1.284926775603542
BGene_0030	1.7292678679127413	1.670985976205637	1.7146243804822958	1.8125765558802016	1.6957250100728198	1.7547243320070942	1.658376604762272	1.774899027929967	1.8028918885708647	1.6910154795536567	1.7747384106233055	1.800038272364837	1.7161604565005348	1.7433454052966082	1.6964777564769384	1.7175536471742023	1.80224749546465	1.6968575591118713	1.6763561993006	1.6788403350816026
BGene_0031	-0.4218285372706877	-0.9231000118238716	-0.9612844642163276	0.05920323150989891	-1.181012767295353	-0.9476641150252669	-0.9241782095660308	-1.3071085635827455	-0.5900299859725757	-0.9501491898595273	0.08877150984988504	-0.647398314943181	-1.0794284221796715	-1.214344875817085	-0.9628711459471274	-0.8313789645949147	-0.06248791908051252	-0.8402861154831202	-1.0752855058291304	-0.867644291056809
BGene_0032	2.126716539237625	1.9933006680598881	2.033871621575891	2.4280029436972073	1.931068688050884	2.0591757990013355	2.016204324508217	2.0190100043855574	2.1362530956288808	2.0077866718699764	2.44844392402951	2.1152951492058087	1.956140420408675	2.010250038270959	2.040898553216466	2.1516675003914605	2.3694271973557246	2.042563271849136	1.9434274894346153	1.9675938224660892
BGene_0033	-0.02941342132332935	-0.5964836276748431	-0.43765350274899933	0.7814168614224285	-0.691366059997216	-0.3634917143403272	-0.47659363500725704	-0.746521102431031	-0.12988724859932968	-0.46768130921815065	0.7924183974562248	-0.09509834589431436	-0.5858681040368914	-0.6039305367412796	-0.36799074358298367	-0.28848319030938735	0.5365058797457931	-0.313974305716663	-0.7288471797830972	-0.610512226028672
BGene_0034	1.2561896639871315	1.2140480604696375	1.2634952591959392	1.5040437380820166	1.2164225957634958	1.2780116575304832	1.2288259821068164	1.2780355214069923	1.314244097906153	1.27379121349855	1.5205692052938935	1.2962480103988934	1.267406205589131	1.2692837898655693	1.254812418026202	1.1642354702589188	1.394839609350883	1.3017160479642818	1.1877759043525966	1.1932057214073541
BGene_0035	2.5519724592527524	2.5369608035354507	2.530117551894188	2.642937901955487	2.540880459687812	2.4989076675145063	2.51160758903752	2.4797302954648233	2.569057413183217	2.5031133692234255	2.6156063610428557	2.539309615624371	2.510841247822651	2.476476016317444	2.5258807705385267	2.524898704820022	2.5913590021458006	2.502930053388912	2.516420047815384	2.5263025878541714
BGene_0036	2.339508252203835	2.2299843649605884	2.2671818567925732	2.4149416415725358	2.180201073296668	2.1717237122946687	2.2092643143776485	2.200597016951918	2.2541452793623726	2.2629326164929062	2.493061962595951	2.282461529836567	2.2015120618444346	2.169419240896946	2.290213675432205	2.2021040108600993	2.397919547765655	2.219060220212916	2.202099234652833	2.2297626986725736
BGene_0037	0.8556196561544462	0.5324148823175646	0.7209431811620497	1.401492497557515	0.4766313251159735	0.6300267916634734	0.5114069814322205	0.4964625163286865	0.8385218451181371	0.6107677488152754	1.4528005279005176	0.838587727857241	0.5817112756257314	0.5289066380370065	0.6783032034962361	0.6783566896676206	1.2049855355290686	0.6791856643752591	0.3612120244067882	0.412752574797216
BGene_0038	0.8728289769650355	0.7239390739619374	0.737173182821804	1.0514239892254935	0.6952310744220871	0.7767844560348764	0.7065901644365578	0.6962435155036187	0.8565850152987691	0.7605859611915501	1.0813362676312521	0.85293095012996	0.7324097921435566	0.7268295851393767	0.7931001282568891	0.8226052431799936	1.021707059638011	0.7470696159323922	0.747647978545007	0.7191069379221838
BGene_0039	0.8839804372388641	0.5383660952634841	0.6710704809728283	1.4498792406571193	0.3891638059505838	0.6553003698637646	0.617255003979417	0.41487193267166134	0.7511271402981848	0.6119264433958946	1.4700383771926007	0.858183643841552	0.5584673186961245	0.5997850785282985	0.7422980151110031	0.6357173987395074	1.2305071783168073	0.6617511602990604	0.4669700817955401	0.5023872805280413
BGene_0040	2.115692484427648	2.0816917665126473	2.0798448612429308	2.3319678832938355	2.0392559856672454	2.058197410087984	2.0603964389363396	2.020401158424281	2.139943789875009	2.0807283843659827	2.3662005830319894	2.1376689736905865	2.003206222027291	2.0252671940424856	2.0781482825977537	2.123881686998044	2.298522829524089	2.0914172984869253	1.9998098827551167	2.0637168354454585
BGene_0041	2.056528728038315	1.999807585110277	2.04876768274112	2.183646780650738	1.9659092593579324	2.032791216711912	2.0636417922963948	2.0348659486728358	2.021702156147836	2.062425988964799	2.1598046748359736	2.06607611579693	2.0256687131914988	2.02259038190715	2.0435410371051437	1.9820004071221944	2.060090493460312	1.9935351137909134	2.042466412980938	2.0017602613709777
BGene_0042	0.8347720446815058	0.46798326633189485	0.5733866852205703	1.3396930262289062	0.4296903840877816	0.5853319561966072	0.43771670560633363	0.5335896756134018	0.7929072692140026	0.5440059015021985	1.3111167769911538	0.7427595740282495	0.4554256182876274	0.3729429017239835	0.5184708111099999	0.6634631618004689	1.1756690596882118	0.6463267217896634	0.4083195852628275	0.47249080681329536
BGene_0043	1.613853873881257	1.5742045531716007	1.640886798531375	1.8626151939460869	1.5553464237927013	1.5812388025673916	1.5831701263080045	1.569238573642537	1.6086064142802645	1.597545620876144	1.8294795005582638	1.6491779732853977	1.6131533147298425	1.555058351566665	1.6063366301625286	1.5994950545190831	1.751717735346524	1.59433057993898	1.495421601635559	1.4903910682062687
BGene_0044	0.6766358614453991	0.49859613409981085	0.4947635598275753	1.0049685832586892	0.302906838674883	0.44458914708005887	0.4364420477857003	0.4154329448078856	0.5904546521130796	0.5161744658892391	1.0163664000159747	0.5584809567566908	0.44454033458707337	0.36210214571060934	0.4097202697237805	0.43008658832942626	0.9488856934909128	0.4890976237813601	0.41897372741812383	0.43289569102050285
BGene_0045	1.8643918679898661	1.811787467950587	1.8366120380870397	2.003472359273015	1.838494707272579	1.80906693729589	1.8466965623483798	1.8544812598288982	1.9118079113709683	1.822335930746639	2.0059427824514997	1.8242813276234968	1.7950787979679388	1.8151453546814174	1.8252311283223561	1.8931157711015607	1.9159941793398592	1.8367756422812267	1.7965894866673402	1.7642039096919244
BGene_0046	0.8376881367810418	0.7071003448266966	0.6862015508489449	1.145255184545803	0.6596539382547588	0.7021406592545686	0.6360600747779719	0.5112060217256894	0.8725238865514442	0.7151297342011717	1.1872424900492973	0.8164503959158295	0.6226703411909249	0.6714519883307157	0.7249885051287659	0.6994472307984478	1.05908608244032	0.6371262217605946	0.6318888661491988	0.6301088310582771
BGene_0047	2.060851526299714	1.9879686381318082	2.0369692005110283	2.1593845799564515	1.9671618919756166	1.9820036061182094	2.0163943348787154	2.0162738944069543	2.033572660296762	1.972680822995491	2.105659573119931	2.0653080295233943	2.0076013542101534	2.0137812187194064	2.036271063641083	2.0430510661856336	2.1210126533864795	1.9771223731143541	2.0063584937904833	1.9950725212006835
BGene_0048	2.2900760686430917	2.1990640850094856	2.2246986530062385	2.356215121719919	2.212030680804026	2.2091270016259066	2.2080924281353025	2.2179610123807314	2.20260152103493	2.2224961091945135	2.3250497426562395	2.2263827340533204	2.2303187159376288	2.1876915193273465	2.2384476130503264	2.241571672751017	2.308860337623216	2.2308887282650374	2.1799147257640956	2.2534489453954207
BGene_0049	1.5371961302361967	1.5099451186805328	1.511748696352502	1.6639271086770497	1.414674539342087	1.5349081310623973	1.4539163172091571	1.568167834114567	1.528007334478406	1.4881979186470506	1.686191639307199	1.5667016318663745	1.497465828888785	1.4995131745433568	1.4816337008634297	1.5433128941751706	1.6488288883477025	1.5361692977912598	1.4806642990059427	1.4796314640665973
BGene_0050	2.7863556897977277	2.747706434217722	2.792472381138802	2.8012737763485287	2.796563038858565	2.7405955985481882	2.756703965597979	2.7692916629902196	2.7674283428021393	2.8207000683712455	2.837774118223159	2.7884798510451287	2.7660716453990646	2.777734721002738	2.773807410321109	2.78931457477095	2.8526632995168186	2.785599919994545	2.753336187221699	2.732372122858394
BGene_0051	2.481043018100425	2.4914302029124697	2.3484219396547115	2.3509188249840625	2.382284639899537	2.3575310946191017	2.371264693634151	2.3492383445497467	2.373826816722255	2.5107352491114465	2.3649332657157864	2.376821703988306	2.3598228134616397	2.34899398046008	2.3857829548131333	2.2917390994963602	2.411041269833475	2.338338351472489	2.445564019675735	2.4692771191654153
BGene_0052	1.477868961339597	1.4032201392279087	0.9955423362833713	0.9340242965053571	1.1863009602944847	0.9246398431314763	1.1450242633681083	0.9482394520613703	1.0809734111286746	1.4273106594992342	0.9203065390211193	1.1161608559661131	1.1130499356468502	1.0483248743528968	1.0873177140213328	1.0112733967070808	1.1819897124781578	1.0410770408799932	1.3415821468215599	1.521033499690446
BGene_0053	1.0962273232200732	1.0524910990530683	0.7824547246180633	0.8694789585790506	0.7991257823393165	0.8570868476005937	0.9521720713932421	0.7183531433739034	0.8180825691747429	0.9753053834679153	0.8741070464498254	0.8434621448998592	0.8197094884583856	0.9173802531759286	0.85164091409389	0.7052709273625829	0.9693365688242723	0.8661848552471586	0.9893383349453216	1.12232233713614
BGene_0054	2.072172750219757	2.105597919528531	1.778092341393242	1.796463340363564	1.9011758388650182	1.8688024676701667	1.9677228155490125	1.8323533864178168	1.8559219048308664	2.0209313284040387	1.8196986595576525	1.8760406517750412	1.904843349165891	1.8664378374012645	1.8648612453009765	1.7517244748157355	1.9560662273269296	1.853568305428859	2.0505542994734816	2.084250130540435
BGene_0055	0.5517800438052936	0.5318043812112296	-0.5231408697034708	-0.5092326700656385	-0.07426692721596279	-0.6502170231976181	-0.18339815483854352	-0.6969517606731505	-0.22700836434500027	0.41505571702035654	-0.5620878956337567	-0.35255931383850053	-0.40123740706589844	-0.43738202383353486	-0.38225224877634784	-0.2924625553151587	0.08461225946927689	-0.3364973067562688	0.38073206845212915	0.6236148681074241
BGene_0056	0.7886520896419267	0.8166366856897971	0.603780922984221	0.6446498212495327	0.7027294543340143	0.6982113849151013	0.6959054374594842	0.6690523787965362	0.6700826655385816	0.7839951802136342	0.5811270044633272	0.6696901946899865	0.6375957329985972	0.6877525668220501	0.6538282869077885	0.600603146040533	0.6603834111075945	0.6504270738141158	0.6707954489927811	0.7422712015836821
BGene_0057	1.444815566376989	1.427791490397129	1.3274678418312524	1.3245402934671184	1.3969009482971908	1.2923478598387017	1.327232525763173	1.2576805784724092	1.3648189988982005	1.4336017320719603	1.2777923841757657	1.3760463135568208	1.3316262084072936	1.320422406362606	1.3008255876801733	1.2963906568808168	1.375564835107681	1.2576089295390749	1.433195997853131	1.4500139020501779
BGene_0058	0.48757552810276317	0.4266703374215987	0.13972695545675823	0.04534202512453579	0.1389163144141656	-0.07981138404924212	0.21372893036922178	-0.10487538958402509	-0.0019897793982834606	0.3299938502887515	0.1226552314764845	0.11753844770531346	0.12702393938908202	0.09515777669296785	0.15262339524663304	-0.0035726492989552688	0.3079246935072274	0.13187340172184328	0.4121567670761025	0.4815718960628719
BGene_0059	2.428529186092927	2.417445097508125	2.250017193252262	2.2361790177367253	2.3226134846063333	2.2668209593884447	2.3152606076973243	2.3003808403486428	2.31301862145135	2.413214061994708	2.2722182827836157	2.2703453517687966	2.2777875541483708	2.299100999560445	2.2766438429131894	2.2474739245032245	2.3195606367407775	2.276518105923801	2.3113367152211013	2.419553398343548
BGene_0060	2.309658837845802	2.341430779094506	2.0592482984672893	2.136805024680624	2.186527699959774	2.1038588356125723	2.1230970628323904	2.0565097613817684	2.170221339637667	2.2740187786010324	2.132603031248521	2.1273019470653103	2.0999795241259527	2.1547554147229993	2.1915992407775438	2.104372063571318	2.186486269266131	2.105887997569141	2.2487692011357177	2.3473658670287376
BGene_0061	1.5277917580240816	1.4989907961699613	1.3447198582967728	1.420866226950618	1.4163814072755943	1.4399195169733707	1.4074975551498434	1.4297954493565026	1.4465493647469347	1.5019462517749358	1.420146615633477	1.3876633510533478	1.3473226691960893	1.4116204516141533	1.382624885378367	1.2619184927319833	1.43825189493234	1.3746694708858251	1.3991142221865454	1.4676492883185497
BGene_0062	0.41183540136266533	0.3879855256153658	0.05155148883111026	-0.05912728474501299	0.17157043908463723	0.07529206576716693	0.07910393859493244	0.08919809662598141	0.1014139739698601	0.28209222918550814	-0.005095394010932956	0.2345359874137768	0.1331298503983323	0.25767663350251474	0.10136367613350436	0.07696046957263518	0.19620034107082768	0.05970282217767913	0.41471228271142424	0.4095820673566382
BGene_0063	1.4084061055664554	1.4255485736982225	0.9251774476608787	0.9642671462569823	1.100982703601316	1.029475658890681	1.159799775674188	0.979684549406565	1.085362167021576	1.3121086257157095	0.9272029360495045	1.014922723852651	0.981419518057121	1.0631237117143113	1.0374704544272875	0.942795572629492	1.2365456520544913	1.0539324438100164	1.346604156666896	1.48738716271963
BGene_0064	0.6666188576104628	0.6580517325789934	-0.336404084662832	-0.5608308049554627	0.03713248162058851	-0.27685785292633536	0.08932309882309218	-0.3317522591416254	-0.15871213736364045	0.4738990135408581	-0.4170796544140301	-0.054512518041059235	-0.024613714111552006	0.005898355458525197	-0.10911081646053679	-0.3014909065016684	0.09504034002159882	-0.02934247528328193	0.4216550239182056	0.7046272735884469
BGene_0065	1.7044088825717616	1.6956319418755457	1.3622344969989537	1.2687537786787542	1.44401850434143	1.373997736952724	1.4756054927609261	1.412576433650075	1.445092460841078	1.607391032543094	1.262338912707258	1.4504265784244486	1.4008436819867662	1.4284589290034044	1.3788100607614742	1.431941858356977	1.5275570924926634	1.4570941478431116	1.6633595465080422	1.7695899176119614
BGene_0066	1.5906601192983758	1.5711579078997597	1.2372522114930817	1.1739785595663095	1.2969140413226636	1.1929625239508168	1.3680850614008415	1.1963243758194477	1.2700686903548244	1.5359614330053266	1.2028460168542838	1.2411066827015726	1.2114910682213453	1.2955961785772323	1.3175988971567432	1.1318272115410735	1.3655091628145088	1.3421764991369514	1.5200128802192978	1.6287112787808973
BGene_0067	2.5186112676570684	2.540503925480451	2.276116387106372	2.3207211982048426	2.3498782038032955	2.3550115801454945	2.379886000745099	2.3831052956353718	2.4013512950106457	2.450249405853841	2.300622384330347	2.3848785573958304	2.365733388614008	2.357022593045378	2.329420238990353	2.3422767844829266	2.403137339921918	2.3559319161371106	2.4813786772190913	2.492734086274794
BGene_0068	2.1188332037208997	2.1501678276006797	1.9512965446346002	1.9465214033041858	1.9921898313168056	1.9661582256099754	1.9972059369428947	1.9517801134866388	2.0135422683734556	2.12262855531737	1.994836127863649	2.0195061407412442	2.0072576198733754	1.9879387734515932	1.9924983670663332	1.9542820980190172	2.002860039892499	1.9548428787655987	2.1050718757911135	2.134313185714996
BGene_0069	1.920974100929707	1.8765797051873392	1.5155532856596579	1.5296845194112523	1.688114962419172	1.5455511580353276	1.71569726343797	1.5366418137509967	1.6796810744622586	1.8880005630832557	1.5677716460412185	1.6689340111229416	1.5579713952028582	1.6063208554691608	1.5757069529762153	1.4988637990300089	1.7850808562716547	1.6654120933101042	1.8384411427167333	1.9888528948667474
BGene_0070	1.1153908721446508	1.108594102731418	1.0030225193268338	1.1052577814663167	1.00263434690865	1.039201217447965	1.0879855886709728	0.9603674694721511	1.0132482595073702	1.0433698144381036	1.0551931739753615	1.0252498437956983	1.0663726280396493	1.0718655429183541	1.0595646476705263	0.9342475748587376	1.0996000564678945	1.0488021136939731	1.1507584375804703	1.108938959958905
BGene_0071	0.45556614324619144	0.3875157000947619	-0.9085393914771988	-0.6104579325211547	-0.571221613793284	-0.879481715443958	-0.27187902817107057	-1.3440076707159896	-0.5768572397988246	0.16899698180590098	-0.5294394809547814	-0.7001029745125518	-0.745753086706657	-0.5794010375972098	-0.5469946790770558	-0.9285721745967298	-0.034560579019128124	-0.645876894175118	0.1991333621691557	0.4518791504699989
BGene_0072	1.8742553139566223	1.8951566764607228	1.655048919239248	1.6664428417488328	1.6849834183757413	1.6254172786827388	1.6707400595821722	1.5903809484912617	1.6447273439627987	1.819987452517894	1.6255366449931972	1.6984082266610532	1.7003758534442002	1.7160916833261648	1.6937291015842628	1.6524392195978235	1.7560331667365163	1.5812517171245253	1.8215632276031308	1.8849287550603246
BGene_0073	-0.4537532709938762	-0.5389383474825421	-1.5608854306613982	-2.0655578862946355	-1.2964852911592972	-1.6957512760496407	-1.2709261066946789	-1.8435967424514756	-1.8148258392156145	-0.7753535834915958	-1.9519780043531922	-1.4804163073580536	-1.5154203001788127	-1.3251297915992293	-1.524756123959778	-1.0565048733677949	-0.9289064320619018	-1.2625540031267848	-0.86898906099565	-0.495660997741784
BGene_0074	-0.69815029388252	-0.7271611529036534	-3.006659097678829	-2.597374817229339	-1.6383853598698055	-3.286788217471548	-2.148427194215249	-2.49017457239214	-1.9898751277373223	-0.8244035300757715	-2.9468330598116372	-1.9086556131215884	-2.2331241881715673	-2.2415518059163873	-2.220795510765025	-2.9659045536627326	-1.4328149414788558	-2.4000214917673515	-0.8360940376614188	-0.581503209195148
BGene_0075	0.8820877463692303	0.8698300504738548	0.7997858840463196	0.7201237748482073	0.8107806944861085	0.7155248122502125	0.7670042734503927	0.6901593116818024	0.6900188069695451	0.8382405964811266	0.7033637529609769	0.7348656329432673	0.6990496162533908	0.783390292685924	0.7889478582386169	0.7405536143560736	0.779356340436941	0.7508273088164311	0.8402801285597248	0.882528965925186
BGene_0076	1.2707450586442943	1.303005831791237	1.463469106899794	1.543660736625695	1.696228078361659	1.3422550894839937	1.3253624135542246	1.5352202632397856	1.4524925401990227	1.624610119685036	1.3168258249602678	1.363830632809097	1.3158820761313637	1.3530867263678017	1.4984647429439828	1.5895855614326908	1.2549427121830699	1.6542527132144347	1.3166238500216028	1.2903716194847514
BGene_0077	2.2049836115441175	2.1865746505918007	2.2167034117764137	2.306949671293568	2.3653440630321483	2.214739170759864	2.234654011242343	2.2996247297938024	2.3169490609741166	2.3650077230067694	2.211320518820617	2.206829818154721	2.2201215489193005	2.2006249872721395	2.30534627461064	2.266215581765885	2.18878620194822	2.3522641439167824	2.2184865524206794	2.2089026493036235
BGene_0078	1.5725615702216202	1.6029043943623522	1.6476897162261697	1.7314362253523914	1.7682082426799721	1.6185654343445723	1.6151221964269145	1.6461024399625945	1.69773911870362	1.7659644736306535	1.5849591424985197	1.6223568434179443	1.5376299183489424	1.5693301629295162	1.6836645660775782	1.674320280419485	1.6132655175365973	1.6974297876776976	1.6113872059846612	1.562293886770191
BGene_0079	3.192607255311858	3.2232545698758153	3.2467348267230483	3.237399016411306	3.2794382297093803	3.246001813795141	3.2389530079001654	3.24131015609128	3.2812332481388338	3.2396089858220845	3.187106846665502	3.2226585957488623	3.192851096583933	3.1947439063959866	3.195742805534337	3.2412682520541347	3.2358744319435404	3.2978227890850316	3.202929249535709	3.2342854191655883
BGene_0080	2.292693279134602	2.3231511914206315	2.2411135737713836	2.3261034035895123	2.3385338534575983	2.335373109684811	2.3138595374785473	2.357629926676824	2.364493047956368	2.33322270636585	2.319777130181447	2.30501200769385	2.3746414237007683	2.329867419320982	2.3411068074271415	2.2668493819360345	2.31925260033936	2.3555355048055056	2.335027159753676	2.3023507146869533
BGene_0081	2.360504491087963	2.3783582352396118	2.348632159468079	2.409757744153994	2.5143859596562423	2.3179787021225673	2.3521060629103667	2.4022079423188725	2.433733933325587	2.4299098675837896	2.362121430283969	2.3548615694192523	2.334797518582299	2.334405812963843	2.3591836802886337	2.459952515228144	2.355010204413646	2.4616046378408347	2.3428320510948586	2.3702865208325727
BGene_0082	0.9803456173300358	1.0044871686488241	1.0650809075032983	1.1966190783093833	1.2404543682943157	1.0718964277269223	1.0139172469535596	1.168337733731801	1.1752143289464945	1.1761351607708201	1.0700929598349853	1.064260123793117	1.0300892402088808	1.039455219668018	1.0919956944470044	1.1330046460752592	1.0497098001171483	1.1383900500590527	1.0206204395619378	0.9922715015283781
BGene_0083	-0.16342670126481698	-0.2721126347743676	-0.06299602225834981	0.09178621530112167	0.21356511690847022	-0.1999317848061402	-0.3041605123677697	0.15328671312368417	0.06751691401355875	0.07071386871702416	-0.11288043214545926	-0.11678627791386216	-0.15214119380191118	-0.32234548904948973	-0.10312248892084941	0.09297096393228907	-0.20522189152602277	0.14972097299576484	-0.4268352384125811	-0.3304114089872267
BGene_0084	0.8744157156321821	0.9111246525068933	0.8717632887147119	0.8495846128498948	1.0068656897854664	0.9474239146935678	0.9205689976151966	1.003085111513044	0.9154658930955867	0.9712706491666446	0.7698814906036963	0.8888743855305078	0.8510978486685621	0.9051140553781845	0.9049270663205231	0.9694071255501471	0.8720519093596834	1.1017435850914512	0.9752603014409605	0.9597206086208597
BGene_0085	1.8022704113873604	1.7468981867021691	1.8010440005657506	1.8979409201229007	1.9407448986734646	1.8443133022404996	1.8338125714062958	1.871338291085896	1.8974684810118054	1.9420353052736352	1.7803551326429814	1.8572263659393615	1.807850595795439	1.775931708774169	1.811552091507987	1.8285483882637068	1.7584595671458183	1.8587091975974093	1.7871119499682133	1.772220287505601
BGene_0086	1.1319250351158743	1.1958795688057213	1.2263732644816707	1.2705982759073204	1.2931381051506896	1.2758570676910748	1.270558291222248	1.3741560305467428	1.2968040391935831	1.2868321006978813	1.2293388400139846	1.2294280762547267	1.2422345809724087	1.2380563499665014	1.3244088913166139	1.274629882946973	1.2311609754623183	1.3414365872474576	1.238166225735364	1.2510073115072564
BGene_0087	1.4711374173486138	1.4829876957888946	1.4828033480985345	1.5509497622736346	1.5562224635495288	1.4822915048228447	1.4500374712117539	1.5528581375945623	1.4995774061938982	1.505974348096464	1.4713159149811033	1.454002085265671	1.437246880796719	1.446810775214453	1.5095716327023576	1.560849782303808	1.4995048899172523	1.5357311143007215	1.4871220681699082	1.474670720010862
BGene_0088	0.2139879124159849	0.23549412698030942	0.24473015861689504	0.5207176653799215	0.409039233607316	0.2905917695901064	0.19688396640634	0.24064315708029332	0.35190388020452495	0.352777668553725	0.32240635703532083	0.19870790017984885	0.10916090748668998	0.1578282728899435	0.3000393443269455	0.31322520817783683	0.3181444578848894	0.3747152835020439	0.085662338797891	0.1515642113918346
BGene_0089	3.037623521515855	2.934218763837086	3.0331857741603607	3.0897419670682695	3.1293001511759377	3.0066987845317494	3.01540416144877	3.083233743821723	3.084192133933998	3.1053426143504645	2.993964681053422	2.9886027248740183	2.991006231668731	2.985436210702742	3.0063703105202686	3.111661882004262	3.0036436875448365	3.0684047993833037	2.944302536556946	2.981248515039783
BGene_0090	1.5346716337911928	1.4976231303869811	1.5589220822615326	1.6475467378485575	1.7271507951158562	1.5302998888620356	1.5293614514035014	1.6699802180017944	1.6367791470571094	1.67615726244827	1.552815344308354	1.58472345715317	1.495250925330625	1.5081220585845887	1.6071768806991715	1.6721960825306266	1.4633699375657963	1.6877994608415907	1.5343525027130118	1.5177679619107738
BGene_0091	-0.03829355923111834	-0.1066991846164352	0.053228834648691006	0.1227485724208365	0.38408675451955765	-0.13167543871659318	-0.09219114348468323	0.19696044769067414	0.08397607192958995	0.31944311937677883	-0.11927690047310449	0.04404133197403741	-0.08236444059798398	0.004749809820327059	0.14147041441498406	0.1693969486157676	-0.08848142858802514	0.2615615713821712	0.05735937094817204	-0.0667699550610065
BGene_0092	0.5714043221939844	0.6186924664389517	0.735139211809547	0.8918315095222323	1.024344619403807	0.6781996695915152	0.723242389843104	0.7869635615856626	0.8050929553521906	0.9266301186109234	0.6944543472372418	0.6971086775628438	0.6364571340651466	0.6806292397220307	0.8797460467648748	0.9554902372628487	0.5960997193020933	0.9489726323489805	0.6153195468196505	0.5895122132079115
BGene_0093	0.18633728046499676	0.27662939342672693	0.2924802987477075	0.6839240716335785	0.7739871451208273	0.2627093009829433	0.22595521909974647	0.45989326718250007	0.45017195637542096	0.7442355455652313	0.18819294679781906	0.09679018466138645	0.009504985503551295	0.12729947255024	0.4856505487085167	0.5247025782483331	0.2007402220236497	0.6667670719789709	0.12826714602194517	0.2502097247049347
BGene_0094	1.394449950275584	1.4127569472066195	1.4751832099677973	1.5105725420946876	1.6363935506206244	1.4298749009518026	1.4576238873270773	1.4278326471464275	1.5004056086407678	1.5202541466595825	1.383458524455409	1.4261836106070003	1.3667375243125708	1.364568957415919	1.4982624565357288	1.5409070938793514	1.3526326018357706	1.583636022761257	1.3777090384733783	1.3820831719359188
BGene_0095	2.2825684737338947	2.29463615715712	2.3485122077149363	2.377206009597118	2.426433579234028	2.2855867869658937	2.2863082392693563	2.3729398924208644	2.371567063135122	2.3969908262889246	2.289714000391028	2.294322320653678	2.2843869435110413	2.2854609791078984	2.3862436226221755	2.417997499344984	2.326076951120979	2.3871031863786265	2.3284023021660096	2.295571354045939
BGene_0096	-1.1769651281397986	-1.2433585875356692	-0.8870513314956726	-0.31763802821549775	0.13998804595279382	-0.6867047056755216	-0.9937614815475893	-0.135237007612107	-0.3814106973566219	-0.13071377318976513	-1.2726841225874055	-0.909807937753589	-1.3193245768353037	-1.253556171068298	-0.7172730080430989	-0.16426274277288108	-1.0177319543423804	0.038823576237356335	-1.4546751919547771	-1.060419915592264
BGene_0097	2.1220261817502357	2.1150879952443185	2.2273282533387673	2.270309362011036	2.3566986638613248	2.1438116435995025	2.1244565754893237	2.219130346889698	2.2360157754242675	2.2771623467579163	2.1176787553308802	2.125740040137433	2.1218675482402456	2.1067035204839026	2.1817247909218898	2.2696209334607125	2.1143812238150446	2.292632364936364	2.1251072378335563	2.1067349845024137
BGene_0098	2.6195343286876387	2.641875110139347	2.601421667219505	2.692379168205092	2.6754204422441665	2.569041313324741	2.6342154634541406	2.59998850757832	2.631567467881393	2.6593785534873864	2.6178927708877686	2.614348806798806	2.604418970065524	2.630768918115928	2.6534574302037948	2.685991148419886	2.643957930860107	2.6304020842495506	2.6199084411387563	2.62661848347261
BGene_0099	0.7959334666387436	0.7427391301582946	0.8838434354373231	1.0951786294664714	1.1723943597774342	0.8550454083630246	0.8295679815901129	0.977417287035641	0.9786641989636767	1.0893532229134433	0.861767325478059	0.8424632972457826	0.7616539870832402	0.7536329536874351	0.9492855329598819	1.0000980485525481	0.8119365795967953	1.0800735547196765	0.812370695952157	0.7784558077597549
BGene_0100	1.7293643287641083	1.7257074159948533	1.6956394709607063	1.7418427295963275	1.8298062222833362	1.7319612373911595	1.732334397123845	1.7971686473345019	1.7858164557185452	1.7977887030865136	1.6818103262104083	1.7177101987750616	1.7447186851542005	1.7239392994263514	1.735205950468307	1.7384649171626307	1.7406258812835562	1.8231432725327816	1.707615808067907	1.7400924868133796
BGene_0101	1.491310939664847	1.3948710980556351	1.429749237935269	1.4083757341033791	1.6378790400449015	1.3351515326086687	1.452672855433567	1.3461629252911242	1.5927297610869526	1.4506605566960213	1.3957341115088262	1.5990369831236744	1.4327157747598793	1.356045108781835	1.4842254895131428	1.3246361096668513	1.341420707509858	1.4125479925685898	1.5750690959979659	1.442058448677224
BGene_0102	1.1094651766871684	1.006035956550539	1.1406039274655233	1.0673890337876115	1.40307964481029	1.0249363111764922	1.1092789088649768	1.054044565382411	1.30642129570185	1.1372707194403524	1.0965043703371897	1.2934312233684389	1.0914262166376376	0.97517570342213	1.1265652079390345	1.0172479097501896	0.9820660578552483	1.0597208581840347	1.210178962354058	1.086037370260686
BGene_0103	1.5195480377009243	1.3436469351597515	1.493981474385617	1.3662881795370243	1.7338334072186319	1.3458532460915518	1.517062392724864	1.3010169250373231	1.6635844220336469	1.4243155572889623	1.4311450575467581	1.7013220988559399	1.417833264969006	1.3332365624228286	1.5042375162406725	1.3908321471649128	1.394645325475201	1.41660946212142	1.6067256030784163	1.5124190488833351
BGene_0104	0.8085478075387509	0.7004923480669162	0.8020937032377112	0.6501921144588033	1.1858171799654722	0.7001562888791731	0.8870115940596347	0.714854571961492	1.111593179392049	0.8457534866900914	0.6631105108094761	1.1364423815210931	0.7546504699232645	0.6722421126518232	0.8781383193826425	0.5581597590514941	0.6218907891775738	0.7006331117308158	0.9799155111400922	0.9155039923808223
BGene_0105	0.8968917089628428	0.8312703505019343	0.8794151099704105	0.9293543712077683	0.9309500494340938	0.8658908719827387	0.8866753926439871	0.8784124028304927	0.8837449421224522	0.8502216486921038	0.9197103771648202	0.9697239364583561	0.8974973950978989	0.8129997432086782	0.8533528037857272	0.9427148901274547	0.8587378448129612	0.9150224537564006	0.8411679979085619	0.8066828898033909
BGene_0106	1.2114887574352868	1.167584002386894	1.2122210446741795	1.1305239309688981	1.3335409808014218	1.1388089287556	1.2823708499195692	1.1466200542650615	1.3041138045051834	1.2222898155267798	1.1695289297962412	1.2971815318899669	1.1730483924048052	1.0980134267023345	1.2222124636727871	1.0914352204738067	1.1745675262247481	1.1773663957384208	1.294904216938097	1.2920126997098595
BGene_0107	0.6596282405972373	0.5785479117155705	0.5516739061741592	0.45766916159515547	0.8270873213960164	0.43289032892524043	0.5873182684610436	0.49559084332362185	0.7282119885575329	0.6606561063428209	0.5304120422249725	0.8018195364003042	0.5856446290214797	0.5885233060752929	0.6382045047390751	0.45259880866199076	0.5176421909897647	0.4923054955844885	0.8206881282424838	0.731021030247089
BGene_0108	-0.18401736519571563	-0.263671992578612	-0.18956051261965912	-0.3700656830375568	0.0928115407216944	-0.3047494530421298	-0.1522428485798616	-0.20462110311047718	-0.021433421027632807	-0.14277022078517704	-0.33147365435053583	0.10223314964142383	-0.1743196351082412	-0.22892221826510317	-0.1152807408724797	-0.37895926771029304	-0.28331819423509685	-0.22519786858815705	0.012096909287651789	-0.06404797923799958
BGene_0109	1.3363774966547093	1.2154729430447662	1.3183174268242388	1.191411766829852	1.6486016773924779	1.2065480311640886	1.341650967719689	1.0996776733796076	1.5765806128197803	1.3481977541107053	1.193889259196237	1.542848210252749	1.2476622002869076	1.2701761108902527	1.4152176217372974	1.1851327822275626	1.1681119667092523	1.1711704246996986	1.472280341896772	1.3877067454610676
BGene_0110	0.8104407172539656	0.7484394176926742	0.8397225479167529	0.7365179324627732	0.8286575794873955	0.6309319329576168	0.8249892242340696	0.6150761738863953	0.8047502047071883	0.8389033628499788	0.7958774811940632	0.7630434836411981	0.6881301670683437	0.7257125799487831	0.7645792593650501	0.7512701537389741	0.7089775055351115	0.7256168484718126	0.9069000096617243	0.7697867253136994
BGene_0111	1.8094238061111945	1.699863013045134	1.8136408144897722	1.6806468249294633	1.9885886282740226	1.6257736481860345	1.8172859417056688	1.6676496462466064	1.9123534043599315	1.736162966599739	1.7709823024593547	1.947056483365421	1.7444453242572997	1.6482540828634857	1.836378528660923	1.6934468704725862	1.731040904410088	1.6766187863170485	1.9599848578336687	1.7948672412363662
BGene_0112	1.8764072554340845	1.8350256541831067	1.8728830467728852	1.8600600891145345	1.9358713406764732	1.811321423479345	1.87514523294799	1.8717817508953398	1.8929294889904766	1.8846668823807842	1.835142038874101	1.9333941006532345	1.8925461410367428	1.8187575422184241	1.8451448985530199	1.797626878197932	1.8505388662958584	1.8169676175915639	1.861365526943287	1.9105588356583405
BGene_0113	2.0356787583741864	1.9368877755259557	2.034696630544954	1.9655210242134353	2.056298274930204	2.000845928006476	2.044500167228667	1.946868083281774	2.0354863158763887	2.0261927899007124	1.9957002894949396	2.0816634567305132	1.9900833842403514	2.0064179899155037	1.974415097540907	2.0177542964463284	2.0321113372479482	2.0145141109326574	2.0701550258075545	2.009643027858367
BGene_0114	-0.243366685439901	-0.5906390124992341	-0.24218032514223142	-0.48122797019274893	0.4176341752912191	-0.6307761777928272	-0.1729023702780778	-0.6562848535260954	0.30356735959166237	-0.17949892592253616	-0.3488403990353234	0.29268925296637494	-0.34526778411523285	-0.6487661951828148	-0.11121306224265479	-0.5930698336147652	-0.47767847000229824	-0.5171366771442765	0.20274443518907512	-0.14859851833729337
BGene_0115	0.85182270122145	0.7864236208275892	0.8372373021741635	0.7634327956121529	0.9129581890777669	0.8093600726869322	0.9120509880130604	0.8320168364385875	0.9137559591770128	0.7874321366950844	0.9204463585052245	0.9480357660764956	0.8588424222832256	0.8128287219095253	0.9165292914303914	0.701125902041069	0.8040685510881092	0.86614716759536	0.9142004078818428	0.8811160577958724
BGene_0116	2.1500578901257796	2.055485831049131	2.12647948829305	2.0765063097661423	2.1817610275259205	2.078048686706253	2.1127747028926835	2.076448075443297	2.212782725386371	2.097642561727653	2.1265681853163554	2.1922643747808963	2.141740595707577	2.0576944511333006	2.1255616849513523	2.0444071476393133	2.096057566573263	2.064140296855676	2.1556725150207607	2.124149768456554
BGene_0117	0.8054453822528982	0.48906749871118765	0.7003942954061723	0.5664207670922138	1.1399835122601787	0.43325004496104913	0.8012521674804866	0.3011320991877523	1.0634665766082785	0.7209065348922634	0.6251665529294341	1.0200144270432079	0.6201067307352267	0.43364750606672947	0.7411914884984473	0.44263697656396	0.5336741427498048	0.5926012811170288	0.9239043035065219	0.7685514605698344
BGene_0118	0.460912255852346	0.21813619741516144	0.5039132462638612	0.4562659324217293	0.6013282710065986	0.33549539438495835	0.4494840985883499	0.41466947161880247	0.6061099082501316	0.3885560720141533	0.5288373849982857	0.6911601336661151	0.4820213410002067	0.35317911546547986	0.4793585072328407	0.27874312839564197	0.40556868629078224	0.3901494731791712	0.47670774334252847	0.37050651439947013
BGene_0119	1.4824493771223382	1.372032914619958	1.4648381749699424	1.4841803799083162	1.5719672474638227	1.4166883814451063	1.4611913908128145	1.4417000748633833	1.5387808500446907	1.455358247118055	1.511401281174661	1.5203430738728105	1.4040207124184179	1.3667566750637614	1.4583725939321042	1.4053318500999725	1.4625547596375934	1.4253969153809576	1.474355286886015	1.4123325684711585
BGene_0120	2.4228601755782373	2.4189962616470435	2.4431368569916923	2.3789173017246497	2.5234978861649164	2.3986539663084656	2.4549394062557544	2.4499678736634443	2.4527644133241435	2.4435633529950307	2.4320940155229875	2.4889389621742493	2.467191686887402	2.4770387438439267	2.441478193792584	2.3877760773026164	2.4055024962065237	2.4121074946015133	2.468315576747562	2.4484904641018956
BGene_0121	1.6833282670814476	1.5928812166741655	1.6710403564085465	1.6425317735784009	1.7581083737578287	1.5496489555514081	1.6943806645627477	1.6439510661740555	1.7542415885320206	1.6618014890565174	1.6356916469416665	1.7958030239277127	1.6563104719335735	1.5997345079305916	1.6998221107657687	1.5441185979546466	1.6043470115586882	1.5954322985232325	1.7440792689426088	1.6846224673009091
BGene_0122	0.7576628920908766	0.6594840471170632	0.7138538277178296	0.5934437035893803	0.9434609254711871	0.6270209329487518	0.7983381837614971	0.5220578133683171	0.9255951564741435	0.6998351990553701	0.6480009157030368	0.9462652511983317	0.7256728599798793	0.6932410512645483	0.7939937324064138	0.5930498709989064	0.5398558775482845	0.6214783332909617	0.7616739880704866	0.7311326440384333
BGene_0123	3.0404231253283522	2.9678440135543895	3.0474575598798817	2.9533089157358687	3.135643220308091	2.9946761785499865	3.0460208461167775	2.968004941450419	3.137934457922409	3.033265078589604	3.0041826280421353	3.0714465315325743	3.02659797700469	2.9603339271326354	3.048942692795804	2.9828172667763604	2.957945681703424	2.960595488697952	3.1171546466968647	3.0047470741958002
BGene_0124	1.8661327218978085	1.8366887635329983	1.8271596741368972	1.839819353214712	1.9133278055392446	1.8841876058391773	1.8638578505073884	1.8364925250729291	1.8860855223846371	1.8563828907750637	1.862475197113294	1.9083355032351534	1.818737120704986	1.8438477972697662	1.8696625613519293	1.8238299157472446	1.8392986677939323	1.8311705354653465	1.875524587990826	1.8634854366822702
BGene_0125	0.3708155308664359	0.2594691864766435	0.36634039463606455	0.2403421859908558	0.7006787000848498	0.27831343547949444	0.35606613586993413	0.21554286981199194	0.6556688775487538	0.41040044856067576	0.23872788471473036	0.6193723801050587	0.3283330175717747	0.17518999641448843	0.3439434027978538	0.2613049399360389	0.2146055959300026	0.259166924677596	0.4675938187200517	0.4419335437738303
BGene_0126	2.8251815587136693	2.7985155886421063	2.83813646084039	2.8450303150104874	2.770599747613074	2.7630205807070434	2.8044882972312344	2.76187773991119	2.81717983420215	2.8762046834371415	2.8145769710816393	2.82049015861378	2.8002348197978413	2.881370027332928	2.864459527733661	2.797057793474601	2.8318824245714573	2.8033617876446395	2.9640141673585694	2.832551841054306
BGene_0127	1.8060696308979713	1.8688911604410323	1.8341815353042858	1.8109414837259146	1.7810440926123274	1.760851556450218	1.795743834175986	1.677525502580851	1.7599780009154875	1.822612248367983	1.7965872565073469	1.7994798412291642	1.7423871095941648	1.8224459179150203	1.7905842931561027	1.8739874888073045	1.825454810906457	1.787774820743631	1.884261754015425	1.8278229755036772
BGene_0128	2.269606982323563	2.3381308630916107	2.3330941286356772	2.3106645680645213	2.2460503033961676	2.233149115171767	2.3216595567451908	2.3693390465951496	2.2930625104842486	2.316452805638566	2.310586362588888	2.3119450813306504	2.3524567833179764	2.361623348009752	2.379872498949965	2.2425195073652278	2.3730791192453764	2.2381329835181445	2.5140933607667146	2.3144537125981026
BGene_0129	2.1020715747748784	2.2467798703828397	2.2101366249203727	2.205685407731628	2.1040337796134496	2.0721231771147517	2.1978125180660526	2.1460643544497784	2.0818433687633533	2.1805998428264375	2.2292650767153366	2.1635151183525374	2.2368004222567133	2.2674184288884995	2.3123876161257177	2.104926288391315	2.2115852374486016	2.067495482098341	2.425203298613819	2.2118147524483684
BGene_0130	1.342898290436293	1.4620230004995531	1.4703503970986553	1.4640344559029324	1.1837906049839833	1.2231030907823612	1.487365751508262	1.359013946544552	1.1944265240564786	1.3914574525714762	1.4387122120669655	1.4254525593871024	1.5140168851471405	1.6071097985677005	1.6557221658827506	1.2327639453361015	1.474932113498542	1.1792907978625204	1.921100120065608	1.5077108232672882
BGene_0131	0.6599097817759317	0.8105009742697037	0.8452188794939316	0.6997380680552754	0.5486902413652529	0.45674456840458033	0.8761274656034855	0.6520570894373432	0.4241646202809434	0.6757503817185895	0.7717559078743441	0.6980591638024404	0.8436220732149114	0.9239151942351016	1.0168708684857237	0.6662420554755225	0.8386679348373176	0.5088654595321405	1.35501042576288	0.8759528971886852
BGene_0132	2.303840571649321	2.247474319062456	2.3218336880483017	2.3124612956192605	2.2434145707807045	2.266200262700866	2.295975323837094	2.2447549404952674	2.2520868448281477	2.2635667234015915	2.251463724430968	2.2656593817305613	2.315164049644169	2.3719357811920907	2.3530399822419743	2.2628406597449997	2.2876499203581653	2.2539648598143307	2.4082522878916803	2.3083796036798523
BGene_0133	2.178757056855757	2.2467464554365972	2.2694409806598097	2.2999200975210945	2.182652696246535	2.195269789696062	2.304038537580617	2.2511300998713484	2.1654281414882353	2.2374653203232864	2.2650250346754937	2.2323347888408214	2.291336824797046	2.3012530097683324	2.3112154918106227	2.1640260550562123	2.27825435127021	2.225429841128439	2.454105426991041	2.271032974853858
BGene_0134	1.710072644589634	1.8013642065950322	1.7677177241212458	1.7731707905703715	1.6539126685340209	1.6318742146468181	1.8060094014637817	1.7366671669093583	1.6304655546515165	1.7083443330915449	1.8246358262358027	1.7790472837525957	1.8503654434994914	1.8824866878443935	1.9212477945825583	1.6658168677130436	1.8617018208863816	1.6518397807389407	2.1177174320849588	1.8262927914312066
BGene_0135	1.3098571175647615	1.27182011114535	1.3879640315001147	1.323327023369164	1.291255645457761	1.2862786388221357	1.328643312493276	1.3474133328885722	1.2747886924653218	1.2651173484178886	1.398028489545188	1.306152497213322	1.4158080365303833	1.387648873180071	1.3881360521576127	1.3530061689192847	1.3725985153959226	1.2722253836776611	1.5016048771903852	1.3446640111904133
BGene_0136	-2.146075093728889	-1.9211735464421615	-1.890486320110013	-2.0591916257995684	-1.9277675625187436	-2.0400957479290094	-1.6339532550444735	-1.6737090906201753	-2.036666982664183	-1.9396183613337097	-2.1989169251964102	-1.949125654621305	-1.66343957673366	-1.6415897469780556	-1.621440974783858	-1.6801074939463108	-1.851283974205603	-1.8727417209208632	-1.1085119333658167	-1.6515966588796724
BGene_0137	0.3530560652727939	0.547995218200861	0.5256084370729721	0.5620878701605336	0.3516247007591942	0.350118473700723	0.4622907267389617	0.4677382423073666	0.3302200965057379	0.5215132756358232	0.48109745556150174	0.46322227268471755	0.5354725036768594	0.6751915284020044	0.6076664035372651	0.4562341377818359	0.6233696734966502	0.25686538264884323	0.9205055020266585	0.5233557896875213
BGene_0138	0.20887474892624194	0.24844737246098894	0.2977981571259827	0.3246156005780104	0.13439179070946666	0.15221398298941302	0.3099267850106332	0.15088143166502999	0.07135298619275197	0.2690418823961397	0.26599751594191684	0.24168080017519913	0.2779520664705355	0.3365054887895867	0.3400232268298155	0.1320730094972443	0.3054776468024331	0.11332380254554685	0.5361319814151105	0.3529490751142785
BGene_0139	0.6104258859174012	0.7190447828123406	0.7866887533043992	0.7590962907412547	0.5443122009168555	0.5133904783441711	0.8077490293114553	0.6544873850422692	0.5686888044080288	0.6873252886528337	0.7783747178272366	0.6456842933749322	0.7854406441422572	0.8377918864502253	0.9623360761298958	0.5351803896904367	0.7325361458062228	0.5895547019049697	1.1799208214854253	0.8095180227049833
BGene_0140	2.1525355494685203	2.1726158872255064	2.130095952466043	2.2127935732606563	2.137004755735109	2.134077556949635	2.194025245707115	2.150389144625703	2.1401437652282507	2.138226179788345	2.191298580493024	2.2260649538391726	2.1848485340034793	2.218612352881986	2.226530833986808	2.122561136663079	2.1882233092614483	2.118973869551671	2.3606494002033553	2.2079990311690865
BGene_0141	1.7601096211246565	1.7188085862823401	1.794510035646156	1.7220451078894152	1.7125749692427619	1.6495091758782756	1.7219424042377283	1.7081959808543083	1.7278728937980607	1.7096493593917135	1.704027856925668	1.754429062547399	1.7433136340015314	1.7774938108443143	1.75594374895874	1.7322222825006541	1.818534735163975	1.6957486058050861	1.8248287254158568	1.7809958575832368
BGene_0142	1.2311165181275647	1.2722958450265296	1.2499570413293295	1.2947653889781159	1.2620224860481588	1.226991841193439	1.2183499260619224	1.2185350451307289	1.2295473255145046	1.3170739291110067	1.213435026041231	1.2387449388075626	1.2351141405180246	1.271956937149658	1.2795270262490952	1.3269570141122198	1.2603812854700756	1.218871045413703	1.3516781956572586	1.2641656167158009
BGene_0143	1.0890645956225324	1.2046472399859713	1.1610562816010834	1.1720582700793087	1.0458370987634136	1.129793349094662	1.221363743392397	1.2142417043874945	1.0691182379740507	1.1368792453477816	1.1624563679420343	1.1871574054783054	1.224811434484432	1.3120241453500845	1.2652452001497867	1.1065505488482474	1.1923675528234594	1.130514017376927	1.4473742316956852	1.2690535804081744
BGene_0144	1.5699214671468158	1.7156216188817035	1.71885867322513	1.7380911476314431	1.5398673686660977	1.5349721669809022	1.6838870337981362	1.6129422164069962	1.5534947359796105	1.6709105481927455	1.709209761704347	1.6968641822559356	1.7328536640659127	1.8283390364000773	1.8679590718907721	1.5855098671546364	1.7498480902653883	1.496142180598986	2.0972563052834055	1.8125811190486323
BGene_0145	1.5501038190370673	1.5580079329892909	1.604842290210107	1.5636593948446469	1.5185265820630915	1.4909026452774046	1.6076965864273116	1.612841038130588	1.5472110989821246	1.5573785613830224	1.6028395618543392	1.6175104209607412	1.6311059201916336	1.70059688498074	1.7244616735686906	1.5495113480651046	1.6063164400226304	1.5116338740853625	1.8163967577076068	1.5942495187101666
BGene_0146	0.95738760692286	1.0407407981115613	1.086488089729005	1.0875992775331882	0.9855433927810534	0.9729951715447556	1.1286532389211303	1.1276725517227835	0.9763541629069972	1.028576944161287	1.1234339794623698	1.0935861413135481	1.1613937089869288	1.2090027205657459	1.2231162428534013	0.8769647788315631	1.0705484686758004	0.9494107153186547	1.3916817985413217	1.135605246134452
BGene_0147	0.010278657014731846	0.21478169002122321	0.19020460259363473	0.2558324461507286	-0.20297143081249172	-0.20262676352553657	0.338614589563922	0.11754866599225296	-0.16404475432682666	0.13056732860670292	0.2986633709975721	0.22336281957372614	0.40275976248456313	0.548183063908971	0.6165179416185826	-0.22934041214437023	0.3640096392612258	-0.1983218441735985	1.12533495917784	0.4121790743910701
BGene_0148	0.1964508746292599	0.2659196070206698	0.11390309215274713	0.10098262911384284	0.18593051703656183	0.16129441843801834	0.16081872632168542	0.17868362335021307	0.0863755095992102	0.25909355013051893	0.09856647878607976	0.17134743534218225	0.15849867774802212	0.2754790368381375	0.23182856701650661	0.23168853310055557	0.22283264497483604	0.10754553995347854	0.3376280393067514	0.1903810581206324
BGene_0149	2.3963153051306256	2.374830475803631	2.4224907110763856	2.3582812599114207	2.3625647078218033	2.3226678545866277	2.411687722904305	2.361267230984848	2.326269032885991	2.399653455819555	2.370217403494689	2.393196204502471	2.4076188278843524	2.4001148076405805	2.390927331526773	2.340975043812391	2.384927529243988	2.4018420587262335	2.4283277668913086	2.4162370459363283
BGene_0150	1.1976805927432166	1.2464262436913518	1.2326583311610952	1.2828209432759226	1.2046306118594667	1.138719459255852	1.255831785426929	1.2117292447193788	1.1765125399176233	1.2740896880636163	1.2066736799635152	1.2418673368636477	1.1808758423910075	1.277213897704344	1.304903561472646	1.1259872854286612	1.2285652258729516	1.167274687837758	1.3988593296785843	1.237745677688858
BGene_0151	2.6228288943594578	2.700447519926457	2.637166520936188	2.780514822439038	2.66091785813694	2.7797560426764276	2.640260681501956	2.70919999798183	2.80058686853956	2.719489176077415	2.6619061745183443	2.617251789839077	2.6482286648212723	2.650334800245924	2.6315189842761204	2.636997605302902	2.6530244930189313	2.642522917237079	2.580357148157096	2.6544515204533234
BGene_0152	-0.8859484149308624	-0.8604345775714178	-0.8153674811741529	-0.47349974117939825	-0.846840582946975	-0.6797135995790282	-0.7501203240393517	-0.77409309784781	-0.5314604744336138	-0.8409536900879914	-0.6372102079145348	-0.967407327127475	-0.8215640984718093	-0.9264969481152147	-0.8571573081753538	-0.8323202761582751	-0.7505634736280324	-0.8495620424798503	-0.7986331851276046	-0.8944566116274668
BGene_0153	0.9761852184765094	1.0150270347532242	0.9454518263419223	1.0392483585951897	0.955405150347508	1.025663196768643	0.9398234588694733	1.0771208475459018	1.0604000665260194	1.038056802104309	0.9966287303224708	0.9170044726650222	0.9954030006416911	0.9613656753746811	0.9010971735836657	0.9188670004985389	0.9588706800744472	0.8879086874996625	0.9154188603851063	0.9512405896167835
BGene_0154	1.6529365659975046	1.7312216840261152	1.6408348821903733	1.7811648571094623	1.5985334728024205	1.8747550443090142	1.6294923433697506	1.7587487664074875	1.826320354575292	1.6797124934228713	1.6641757726697881	1.583825370371406	1.6622346506484553	1.6139077031216567	1.5847764712992112	1.6246082752328077	1.6250196179180756	1.606624889170832	1.5479242977862517	1.658370620624362
BGene_0155	1.0476087345783198	1.2494051108839888	0.9889013420567537	1.4928988219720614	1.1770522968918766	1.617988143538319	1.1172515821817885	1.3608183255147057	1.5770868071758704	1.3377271128917707	1.1869276182969224	0.9968564552400757	1.120438686035794	1.0463363272210444	1.002931912289548	1.0871279288531974	1.1993087727905798	1.1247319155687312	0.9397372090372699	1.1203554996956704
BGene_0156	0.48559999982304675	0.8004690976893529	0.3976702633033467	1.0580034186889948	0.608356885519364	1.1020591229695191	0.5941608903357849	0.9134409033201341	1.0988666100503446	0.8440318610305343	0.4804099834489306	0.34061602531240587	0.45277456925829024	0.5117899124862927	0.29584505806601924	0.5358636886127761	0.5142450909064616	0.4619435404568926	0.3115160537444584	0.5387231087591096
BGene_0157	1.618597554111385	1.7699958929120885	1.5622858310047063	1.8757535672020738	1.6885491444893779	1.925587146175758	1.6430728556930332	1.781877909128764	1.98424795482797	1.7730846526302784	1.6763947792921485	1.5823270311312778	1.6034498534588377	1.6117537408753826	1.6017627851422	1.6303697585915242	1.6847075337883488	1.6406812639474961	1.5752283843392172	1.6832606287511211
BGene_0158	1.1530301696550411	1.3021342799469557	1.0769212369238739	1.478182228116284	1.187927417316176	1.4859438708017607	1.2132625700820978	1.3935563112636726	1.5282044625777054	1.30965001965432	1.2095621559191319	1.1232114853092643	1.1666160625922535	1.1366880787689944	1.0429048452292498	1.0982544569618446	1.272151835585681	1.1493638615164952	1.0886309454720506	1.2346555632052951
BGene_0159	0.42030762186766935	0.5627565435807029	0.4074551331592727	0.8337959325556831	0.49954326656260195	0.850103128868257	0.43322809745922364	0.6102604983178166	0.8663796915080451	0.6455746038862646	0.47589634398538105	0.24065375768923208	0.3650363298700097	0.31237673592183157	0.3043202460926998	0.4311203631946726	0.46718933512267496	0.3922742722900814	0.38149080204332814	0.4350552431826333
BGene_0160	0.33428056850945725	0.4657964798129257	0.18517508547716197	0.5281059602935447	0.20781395558581403	0.5661806922934807	0.2925708278927144	0.34166204653563614	0.49501725777481914	0.4050828667785882	0.260945899655448	0.15067727616075857	0.20404740558607698	0.26656278195035216	0.15118620072495487	0.3649250669373877	0.44073259993603603	0.25312975419864253	0.2300563148137778	0.4253814126216239
BGene_0161	0.6569302231686259	0.6854419570745567	0.6360214552358829	0.8115863398375778	0.638335852407628	0.8261775930621963	0.6523202800439087	0.7848944157299522	0.8538889725322077	0.6908341818822374	0.7441350731369664	0.6473517180988906	0.7309005888916895	0.6293028291095593	0.6293899313290683	0.6605379118790164	0.7198568141662379	0.7223309622707094	0.6702448890166833	0.6502353628191597
BGene_0162	1.041069001821569	1.2203732615429568	1.0550472783624905	1.3082596710365706	1.1086408475249523	1.409417312508834	1.122977997019116	1.326950314715427	1.3358207078321682	1.2131000959103146	1.1209357399936022	0.9517525522717238	1.1201822821152783	1.0537954919261834	1.0069356549496242	1.0504529310396173	1.086912210173497	1.1117769946534708	0.9526846469986625	1.0570638561963874
BGene_0163	-0.3682828855554201	-0.12595323726583083	-0.613422641287301	0.01959479558933383	-0.3803180648792488	0.03282290523919952	-0.5167298890599941	-0.18501007354121934	0.09485653998885483	-0.15791666561843842	-0.42970991719009133	-0.5434295238088984	-0.5150503120035169	-0.5258210742152268	-0.6504572187222778	-0.37734789488690296	-0.23041855567723307	-0.5541560130301785	-0.5374285889200064	-0.3454250451788492
BGene_0164	-1.778429698907557	-1.3737796206172805	-2.033859989998841	-1.2990950113516875	-1.6870613862404806	-0.96893505500366	-1.6068513573740324	-1.5046169144024741	-0.9350948342283966	-1.396689301190533	-1.8952332732525818	-2.075062301464306	-1.910407947973656	-1.9718897202897605	-2.104746845674001	-2.5084024718801383	-2.0505757648187646	-1.9292407302496581	-2.2911006622140513	-1.6869131975812448
BGene_0165	0.43193980416906735	0.6329615245628598	0.34374573580787887	0.8880247764963	0.5014912680789742	0.9121670458001748	0.5001907099740514	0.7066153539177962	0.8877128618337524	0.6469352809669586	0.5518961552058281	0.39426065937793736	0.4267342473881646	0.43506893058672796	0.4046379552997033	0.4664464197153801	0.5329716919619626	0.5071495958064306	0.382773317796579	0.42150778781704185
BGene_0166	1.5852632930751103	1.6911103506566036	1.5666436088364601	1.7950095016289995	1.6317141761094804	1.9115232606564956	1.608159047243648	1.827097124978889	1.8951824167888638	1.7650093997907192	1.628534158842098	1.5733288900347306	1.654943770803273	1.5990918220808166	1.5265256117145256	1.5777735292520911	1.5886862258944285	1.617811817908878	1.524643939425392	1.6164913801517322
BGene_0167	1.6295070217155336	1.7735900609419093	1.5966071147400283	1.925329154656116	1.7052701548525715	1.9404128662907554	1.632269630173996	1.8275143954743778	1.9733870482468054	1.843164735922003	1.656037192168038	1.583198577006278	1.6469011908016435	1.6142865005202391	1.585857003426099	1.5806865877087517	1.6770722505718996	1.6210846377000332	1.5817170190062735	1.6357484036476642
BGene_0168	1.3196114735454967	1.3504243151886348	1.240999658161614	1.5257298506010184	1.3186526595450259	1.5381387951180443	1.3203380299536351	1.4896973691259519	1.5970591816051016	1.397316216840336	1.2743341983471128	1.2436941242467243	1.2991251969462687	1.206836090673985	1.1672093231637308	1.2852441680947937	1.3387805485897541	1.3202193873711843	1.2331305745093188	1.3222376914651932
BGene_0169	0.6102910126555984	0.6299111912626653	0.628527412243506	0.6153091796072403	0.5618744191884641	0.6787800179552026	0.5727078607110738	0.6447371340777567	0.6326723396386532	0.5791417015001459	0.6435862216856467	0.5745013349624142	0.6405034668989636	0.6077138376349397	0.5838892086232463	0.6841556282487856	0.6184161298816098	0.5748692707257109	0.5684587844493407	0.575774143790239
BGene_0170	2.1550041392878088	2.143968182072212	2.056730360847173	2.270107312487404	2.1131655554886777	2.2909560417591224	2.1652842170945656	2.2647514196754033	2.3169590128928843	2.2118431341874296	2.148741773268263	2.0286657158314085	2.13036239050841	2.0977126772453274	2.0677118322739845	2.0803475936507487	2.1273017569222072	2.139466887662068	2.0972211056573262	2.1786805960538236
BGene_0171	1.5160317523512747	1.5729637242322168	1.4080103464049398	1.6731617094870148	1.5609787542198879	1.7535565176907182	1.524459625758622	1.632145828878888	1.7136181853544707	1.6216587351667842	1.4453369142406636	1.5030414773957415	1.5102282286591626	1.5059487932673878	1.5113174103596168	1.5441411341019178	1.50685669429273	1.5460647483238692	1.4637022118495921	1.5492988353078396
BGene_0172	0.9904715411883721	1.1144960527865635	0.9909401720299331	1.2309421150415996	1.0150559999125428	1.2647183082728475	0.9997545694410559	1.200360723151109	1.2994852958536605	1.1316361734625615	1.061514246587179	0.9519073183501878	1.0326978159725	1.0250867734412261	0.902229057415985	1.0087656659552524	1.0103941584234355	0.928836054701097	0.9473490024789615	1.0169159278832136
BGene_0173	2.2542087072346986	2.323487787697326	2.268549021038226	2.3571015773898485	2.2411219243260683	2.3950174936100206	2.2509551776707317	2.283372281058471	2.38756313230356	2.3062787627452646	2.2020254115520417	2.252677893250608	2.2234903710989835	2.2731662280931433	2.294493365202537	2.244471766164691	2.2667376185837664	2.258420376639429	2.2219842933598235	2.287615190500609
BGene_0174	1.2586261256515234	1.3480844749940761	1.25484436038802	1.4344717312308677	1.2997208642060916	1.4642510227911831	1.3247413026237473	1.383554928899004	1.4821841258097848	1.3892526760427615	1.28861298894403	1.222086959440971	1.2651896747373428	1.2228432848742765	1.2682348217479742	1.291331445410915	1.2921385870644673	1.301323691657804	1.2721410774132003	1.2853499554721661
BGene_0175	2.9372383545900758	2.9921076619729927	2.8896029398458696	3.012072125916289	2.9157632041370336	3.0595176845164467	2.985388747714214	2.9801021406175567	3.055567167873483	3.020616972875768	2.93720539947592	2.8601390337135877	2.9063754131405357	2.9218384713745804	2.9141630652899257	2.894144272389946	2.921067586300075	2.934197107213528	2.8994917728369196	2.9456686406056853
BGene_0176	0.8028177232499125	0.753620781599044	0.884234785378483	0.7211112380370867	0.842026351877839	0.7338225554017755	0.627234120940873	0.6775098682901001	0.7512880408565488	0.6824564640388942	0.7241856835547416	0.668888331825596	0.7106572295270291	0.6886609466453082	0.6818239986509905	1.3752625617655576	0.8208901878540317	0.771563078772864	0.6707802355408152	0.6582183072836402
BGene_0177	0.5083294642574557	0.42863206060913794	0.48673350606432797	0.25774462769008694	0.4873735487820275	0.30791623287881165	0.28069431563873654	0.09265824682688628	0.26128722112974695	0.171847379076507	0.31621659033812377	0.2623539749547772	0.3363333694631129	0.3443299686982144	0.19858132523380861	1.2367715613304289	0.5900434792781702	0.3417370654644529	0.386974725354324	0.29383222676378634
BGene_0178	0.6148141694118067	0.4343747959015034	0.6880197910727518	0.1285461699337973	0.6314237503230226	0.29940201859459176	0.2987714045071657	0.1886430513972165	0.3072854701684699	0.20120301593918627	0.202027885951396	0.21325446920788277	0.4083047954315891	0.2413910277452814	0.1875410387847963	1.4048120572086455	0.6115652248393332	0.40823497815370297	0.5106360146108662	0.3821410086345488
BGene_0179	1.017062950527912	0.9477548323589425	1.0455107915703084	0.9212571210127903	1.0924372402282014	0.9242492487371907	0.8567878065735919	0.8518592098533372	0.8921426895814633	0.937854883559022	0.8753645094317435	0.8711370707117011	0.8729921203280676	0.8541803816884725	0.9275852666153689	1.490260504449363	1.033483187610338	0.9489865755386321	0.9799519965157356	0.8881289228492677
BGene_0180	0.8100016793170788	0.7808426653426567	0.8822019371028095	0.6734633442137038	0.811835155207311	0.7027532729978183	0.6176660143278263	0.6860174679175441	0.6781932848265749	0.6241484890751363	0.6997059642512048	0.592487718970208	0.7834572059891237	0.7023346320765032	0.6625328102129228	1.3401170643581235	0.885379506030414	0.7092500657148075	0.7925362230074866	0.6633588684597429
BGene_0181	0.9393915877565869	0.8870718755448932	1.0077259320790402	0.7111042267602147	1.0807811408965013	0.8428362022983982	0.7221059627227906	0.8847993513263693	0.8682454254457092	0.8339249455484388	0.7035478542243382	0.8051588880299662	0.9571447293799245	0.8109681655688804	0.7463179248977974	1.592897454133704	1.0170495603262188	0.9060236171726449	0.8252049482575299	0.8134089809934212
BGene_0182	1.570406684949015	1.5205247153778443	1.642700084668603	1.3874587798274591	1.6282854751433669	1.6149682131249496	1.380208769586708	1.3918323246904065	1.5194103769017617	1.37564147537472	1.3730306020534402	1.4514685126849398	1.4991685528842618	1.4605599560678142	1.3928348328795508	2.262904593440822	1.6217262200441132	1.5075347609288876	1.4841047114443926	1.4075361339988828
BGene_0183	1.5071407750241526	1.3910827307660065	1.5329380873739396	1.250415014484682	1.5178995839115763	1.3713986528017479	1.277316174284684	1.24606665882778	1.3874422504897248	1.265427459275578	1.2949614901431177	1.3310915087758466	1.3974466414498867	1.3192881805688434	1.300428218442073	2.071556879155648	1.4955558624614103	1.400826388643172	1.4702496626165047	1.325705861473227
BGene_0184	0.04755557425517271	0.009902208213384273	0.04765000321013068	-0.19840546414855156	0.044849486933594696	0.010066161418877659	0.06148921437427673	-0.11676204087651401	-0.06030115113460506	-0.11238537374113967	-0.12592662237646285	0.01202326145965781	0.00011640796250124242	0.056132395068108326	0.01534124663518023	0.17541599935611368	-0.04329270416216808	-0.011889083172777594	0.09724925982486288	0.019597311883618223
BGene_0185	0.6112315271565254	0.5620877998005205	0.6120876398469238	0.42673041427581676	0.650964860819799	0.45274577367929575	0.5165532724255167	0.466633270391016	0.546598389192713	0.5428314805566293	0.4022459361154742	0.4558254424905066	0.5295594057766951	0.43168432003600965	0.4481764039423527	0.9640844940434578	0.5774905349071286	0.589459465603241	0.6376154497194296	0.5896670189621245
BGene_0186	1.6146503527178226	1.551502588433429	1.6182017235208304	1.4788578820774192	1.632088879763866	1.5701046321554954	1.4350900975076843	1.471003576749945	1.5186083723167885	1.4630085299044997	1.4748290496991228	1.5166891361749186	1.6062285551019833	1.5265763443480767	1.494634498651287	2.017746865658997	1.617808223648888	1.4858895072499663	1.5386569057647177	1.5221805734392553
BGene_0187	0.3665072435603416	0.33967271146174965	0.4574413423235107	0.11710267457177587	0.48615539922750006	0.2023078766510305	0.11160883011345532	0.09718608949629244	0.2081440570898082	0.15552315377811865	0.04424271854371865	0.1162458938027195	0.24717806291095956	0.19759237588514367	0.15261689166587816	1.1060384176545912	0.4200486294762213	0.2758766504500066	0.34017746258820086	0.2907889072092159
BGene_0188	1.076681567794224	1.010262060634142	1.187814545174296	0.8623540624640549	1.2369467042296864	1.0384434912838978	0.8216408314425899	0.8671708398746653	0.9973377587880801	0.8386984856452446	0.7832054266040706	0.8359258597859213	0.9635393947268855	0.8858199819323234	0.784603792486779	1.8745279505021883	1.1469609482684553	0.9775253704061938	0.9647828330729116	0.8711131743592436
BGene_0189	2.4117562227619773	2.4185013015112453	2.377226708013376	2.4101693462302363	2.432490924587008	2.4520555224705163	2.3904520488089758	2.3937904461178294	2.3840819276811414	2.356805877740979	2.3744680979081925	2.3933203723949426	2.4390941728187303	2.4287355408348597	2.3565484514997883	2.515467040019306	2.401259982605573	2.3896429645080155	2.400279560098354	2.3595766317587783
BGene_0190	2.257017101154855	2.2194145479712764	2.239853050996858	2.1728447598496157	2.2827409017685856	2.20348928689767	2.1605756994292147	2.2115956586985472	2.2720520388184116	2.2218911190684727	2.2056190872325057	2.191862909989714	2.2374494784834624	2.218376926034891	2.1930492575492506	2.413938274498316	2.2605875940839297	2.2152782429828406	2.272987822956769	2.228644680128985
BGene_0191	1.6292753279189653	1.5997432417472897	1.6414442921515777	1.4685521157111632	1.6187825119429635	1.5334505739140498	1.5653060146037072	1.4704856613351598	1.5104351968657121	1.5566956431960697	1.5048486792469962	1.5135885888285858	1.5618570327533285	1.5529886989784736	1.5244162354094268	1.8983273706424872	1.5660255535451435	1.5344179629651795	1.6258428256178794	1.5852014474083955
BGene_0192	0.40828197895255713	0.38847909384890866	0.519854633456382	0.07667362858958213	0.568360089186193	0.4652017080049464	0.14752065541583934	0.3578366074829216	0.36947465792593936	0.0873771653528738	0.042660496406296544	0.13028689397608983	0.4147800566618597	0.2834526801215213	0.10207046219313727	1.3595273248936162	0.5105089656734321	0.31434767949157166	0.27372288673518397	0.20586979959687665
BGene_0193	-0.3041384569922105	-0.5972316866927042	-0.034046500291318116	-1.0755584561227254	-0.054736290359650996	-0.9050220011682856	-1.5189398301825099	-1.3572451784652242	-0.9174787362701038	-1.0679529679254038	-0.9688896531465108	-1.140040153827544	-0.6561234959098008	-0.9689387323669624	-1.2737469159401087	1.2363966770961305	-0.14288683114601333	-0.7872091970971157	-0.7384532585021427	-1.1522489192899688
BGene_0194	1.4147248408121837	1.3488807236169411	1.437990526042122	1.280771407202164	1.4631646370466436	1.3696229085086165	1.2825045608911017	1.280374125037411	1.3086686074959408	1.1970745885415641	1.3003494911246398	1.2901224233344604	1.3509879820094626	1.3077839166073282	1.192659915676019	2.0369772902532666	1.508169642640645	1.360172987869719	1.3263803849778388	1.2991031368314647
BGene_0195	1.7005041672234618	1.6789007849209028	1.7188881248262156	1.6068324225401531	1.7388513239105998	1.6111733675742594	1.552287622685859	1.5199278939569252	1.5813673551516676	1.5430766029564111	1.6174965055067048	1.6322163425364742	1.6596903401128913	1.636599642830043	1.5942512793335655	2.113251144827959	1.7273949730910563	1.5699089058903244	1.6342515046358221	1.5347009532500269
BGene_0196	1.3391893082186805	1.2872231509092447	1.3442407373087615	1.1630197240717186	1.3605691996632945	1.2853746642028934	1.1217856404911988	1.1295352429469814	1.2185070958299307	1.1756794412215719	1.1060979841999934	1.165927360892246	1.2121200951298072	1.1697430985697435	1.064922218844534	1.875289161844665	1.377237841802712	1.2107476577217098	1.1836973320379733	1.1555942721101309
BGene_0197	2.455799257694459	2.435478999135687	2.465020477291297	2.3202490587745324	2.4701061235609463	2.4177581141866837	2.3507774891220765	2.365259684603075	2.412417524465312	2.358391363655387	2.3460706451785764	2.352459446587178	2.4612766612909596	2.367453034476853	2.301548641653778	2.773426023915747	2.438895659021693	2.382946058637337	2.3412531515829276	2.3473814300424323
BGene_0198	2.4263763858245904	2.4233010032378837	2.4874480365460707	2.336222590443241	2.4502272280600974	2.3812323636476234	2.398260297079598	2.407754876257466	2.4272059605746197	2.3376104808971956	2.3952038993841334	2.393071255670111	2.4226045503780385	2.4130355372911403	2.4003539907136737	2.6429433478690756	2.398605039711467	2.3868629404100408	2.4028736510009696	2.4098605784469376
BGene_0199	0.5648487002173986	0.34777676397523244	0.7381234482662381	0.13334791339726682	0.6901997955295698	0.303522817809759	0.22268129514749285	0.07435210689852685	0.29440543963044047	0.1590056830717077	0.15382022579611573	0.0449916667045744	0.38318760397611906	0.2274389211981539	0.14764278611514284	1.561217704311544	0.5739881466300196	0.43148266087508225	0.4084482307373895	0.21243153033238057
BGene_0200	2.6708810418105253	2.593469972972443	2.651754623517726	2.5868184589510186	2.646058250774895	2.634000815162083	2.59161648083674	2.5763144293917284	2.6374565197296325	2.597920154597921	2.6832187327108947	2.598706835873655	2.5985688943758483	2.6178848971565434	2.600060182547733	2.766040623270809	2.628028739242634	2.639521323457215	2.654576735235497	2.633766804131307
BGene_0201	1.7345416427407663	1.691635330414864	1.7122455391459424	1.7356840795049924	1.7453222754476736	1.8212789364518376	1.7312934541676062	1.9016005369304112	1.7821513577640173	1.7150728595860893	1.689373005155697	1.7921318663859627	1.7846509879990897	1.773302061099295	1.7243304448715628	1.7300304886120186	1.7421244537614775	1.792088069020389	1.735960048055839	1.7634062685915555
BGene_0202	2.4731835376264986	2.467246646052975	2.48767666123303	2.4928910463213865	2.539570241511418	2.5434074974162244	2.477971532032868	2.6107489350708533	2.5380489673814552	2.519953016481189	2.4704043372978775	2.6138547986540455	2.5961338758719124	2.5449867073984853	2.5155498869713084	2.451699890582443	2.4994225152921223	2.5166333174118507	2.5466014620607154	2.5016281588507767
BGene_0203	0.8449164169886761	0.8858754377481411	0.8140246611992772	0.8288563748868901	0.9852555778213462	1.3190725759717794	0.7228152226330314	1.9433198282345483	1.3643122520281927	0.9325311628850735	0.9655902219663294	1.4790353112822834	1.60161645515106	1.1908233653572133	0.7648561000185531	0.5945115209703768	1.0299990678679822	0.9961036086223165	0.9177078389063154	1.0108920925583202
BGene_0204	1.4731607981667267	1.4785449537682422	1.4339979068562756	1.4654778505145936	1.4665484190248281	1.6835003074869013	1.4386524577499555	1.9522250826467828	1.6629663333358786	1.4960880048086418	1.5245604175115353	1.735680217094028	1.7885606172995876	1.5839346161402785	1.3584097005890798	1.4287539802914644	1.5222168218314784	1.5616845371255477	1.4611911363688406	1.4669454948073026
BGene_0205	2.2765139349927983	2.304336962351601	2.323928929013948	2.2869241917620418	2.315656255268968	2.4596669035840453	2.296793175615105	2.6025164864043937	2.4232790556192403	2.308455151073432	2.3553625905267688	2.425807621085596	2.4914425494469414	2.3464402806138107	2.3028251508343596	2.2702107396457865	2.333698744913555	2.3368548421270368	2.2811340437385756	2.3040786472378723
BGene_0206	1.532801072783621	1.4376131576003608	1.5518808297619806	1.428297271750731	1.542230092946324	1.573292269517693	1.4807870378677972	1.830526268720785	1.5779329398963342	1.477405152601264	1.5945259070105675	1.7151378431591335	1.7095611523610612	1.5745419047400864	1.5065755690200964	1.416030390599591	1.5379877700129878	1.594483726758981	1.549354765621657	1.5321217891800334
BGene_0207	2.126896719472544	2.119248467608448	2.123157089352339	2.0485319442665686	2.1612416696246566	2.2518035300786186	2.0822204126174153	2.4357147418374088	2.2084098275703745	2.120632138616492	2.1994886168266565	2.3019560344985304	2.369622895778746	2.2887400160570133	2.119144436058156	2.1059304606973495	2.2016663851889864	2.1495864397109017	2.144277698325837	2.1607015986124143
BGene_0208	3.194673636481654	3.1734782582538124	3.1722498685042733	3.19315151665417	3.175008587000817	3.214998832437033	3.1730101744293204	3.3103500143298237	3.238413060159813	3.1556346363940047	3.1721068372860777	3.2274049748258955	3.265560315879895	3.2385614396732993	3.1484644905174	3.1538503106055047	3.216063759430084	3.160417611598717	3.149424258672623	3.1907180692510004
BGene_0209	0.8509487817143486	0.9527738798997678	0.7688910551184516	0.7814440827909304	0.9818005883258589	1.167840146878975	0.8312346033263229	1.3868879764497728	1.1251356867354307	0.9074621283904112	0.806403513977548	1.1823525952120386	1.2516445344367115	1.119280090742904	0.9061220806813963	0.885695887455311	0.9271919521630659	0.9002256937130094	0.9103315635856216	0.9439815309754536
BGene_0210	1.7436780884995988	1.7368854933955487	1.7175020101007614	1.687796486012397	1.7627716146536492	1.9421178656778244	1.6970036169550888	2.2824820381549906	1.9142516532386091	1.7264579303615664	1.7841842845740417	1.9737107261627969	2.0722624428724417	1.9190943052965324	1.6838284998244448	1.6623101781144416	1.851390414250931	1.8120309315075702	1.759486253328137	1.7771046035733031
BGene_0211	1.610327718563107	1.6286766955844592	1.5609206368407758	1.618994552157502	1.6125694617335307	1.8480870397473081	1.5818472000212764	2.0608392300315765	1.8215703459911479	1.6588772397098306	1.686287820140764	1.8126379625440665	1.896034956780181	1.7255793635419598	1.5375975660071508	1.5762511180507655	1.708484077130981	1.686828708205695	1.633427057441783	1.6790568769567615
BGene_0212	1.2077776098033342	1.2182971976410295	1.1715372363020755	1.2449570825883287	1.2534775446643507	1.4880751270949892	1.1889262459159589	1.8099751171847638	1.4839095108893952	1.2239845284893531	1.2986096524474477	1.447514573351961	1.558080506528911	1.3603795366757574	1.150910185413159	1.2095817960438122	1.3179900125591482	1.3241914941005064	1.2084890503193326	1.2875539616810936
BGene_0213	0.5022224621507252	0.4475243071221335	0.37678093047211164	0.36838278755254034	0.4532119791216756	0.8307500542854137	0.37963770004121056	1.3275638390804152	0.7889134989630365	0.46148375106859385	0.5379682916518156	0.8363716968827927	1.016808047016008	0.7275165879544399	0.29986244645697013	0.3862710653502615	0.6354996487819434	0.6051783643353962	0.45894711281825085	0.5481979915390484
BGene_0214	3.5978618491548247	3.643461700056417	3.6664016783535502	3.657443368145184	3.6491540755829273	3.658976265606402	3.6666182949785573	3.661160436734506	3.667969031246621	3.6693287937133325	3.6706029839515932	3.7246888296613707	3.6439274687931014	3.658274609041174	3.6144388175606212	3.6403116969502785	3.6621473394324195	3.642635885845997	3.6659182937132915	3.628900592194273
BGene_0215	1.5945322651337213	1.6205523488525253	1.5847690306234936	1.609755012789489	1.6360644078887607	1.7069008901522302	1.5973501176423017	1.8851964477497956	1.7015492037242177	1.6292886419115218	1.647313698464949	1.73501010663113	1.7639489436995794	1.6756336648736407	1.57456660009517	1.5509859449612022	1.5752418887207185	1.6486536636389835	1.5823542422476196	1.6278095893065643
BGene_0216	1.6546815999026796	1.6541266661776757	1.6056594715037176	1.6629007829166897	1.6698049192043554	1.7442590300291512	1.655405502289728	1.8609164472107136	1.761972764265355	1.7091709704404148	1.648405077274606	1.7174479619891336	1.7925864346936329	1.7460821151874406	1.6428843636899546	1.6421308752298673	1.6804579517255738	1.7200395315499033	1.6674941650515585	1.6563385540428346
BGene_0217	1.549762647373509	1.5599382289301298	1.5887180165678811	1.5885627131950248	1.5307038050426214	1.6724048049317772	1.5618740888263367	1.7479415241445915	1.6264348801851647	1.5465681785670715	1.5613937266667206	1.5735437583645926	1.6155911233663705	1.6047594664271079	1.5266439026034837	1.5130567834368402	1.610559764264837	1.6058939749868058	1.53399875299887	1.5636567337268719
BGene_0218	3.3155787943266	3.29709824169888	3.331050873257628	3.284899375180621	3.316118357307323	3.3546695964550817	3.312067288820049	3.3833928921313343	3.346696457913826	3.2987265963358903	3.3228338354233666	3.339582491554891	3.353452987908881	3.319832217755152	3.294871302620341	3.31232905560443	3.317406162404366	3.302952101720451	3.303627907678544	3.3291854260562572
BGene_0219	1.1497807306469128	1.0786695910899189	1.1043185441208694	1.131588720000322	1.181813457156889	1.3214888268788725	1.1466181398450046	1.5948417222263285	1.3883562917185124	1.1490711833869869	1.1881782037760555	1.3920986844467973	1.5137908618470315	1.2835800126660757	1.1470666813091692	1.0092272691166753	1.215065914400243	1.234154940459125	1.1936467135530833	1.2439725327927753
BGene_0220	1.9634484417792109	1.982356277305794	1.982384958366867	1.940556546971024	1.995657938511493	2.0599144541791654	1.9504088554736005	2.180305542035146	2.044681831307372	1.9944109235982814	1.9883338156481851	2.112023325023553	2.14124952228788	2.0279807355738972	1.9652583054573172	1.918391754290826	2.0054835529317327	1.974202791432637	2.0073751426890314	1.9930852730388493
BGene_0221	-0.4140049837388944	-0.3724929730592935	-0.4870654849761142	-0.4529392097997514	-0.13114049166174252	0.43879120999562826	-0.3917781222488673	1.1735436777482229	0.3672607756016571	-0.2941059128987422	-0.21387157559255612	0.4281254635174326	0.7132335331515944	0.1550439457080848	-0.5795342419629863	-0.5136823323781778	0.027111436992346177	-0.016462446026560506	-0.201046862813014	-0.17132685874807707
BGene_0222	1.0996115839916194	1.088635304964721	1.0734347533099904	1.1484378122164531	1.0716423485421132	1.175410477599582	1.075235732329759	1.2289200073678568	1.1455445237729203	1.0782185626427518	1.1394127176672981	1.1741483409069724	1.1669640354026094	1.0743968749407575	1.0917414232924643	1.0951710974029378	1.139087316441865	1.0542510139202725	1.1423674767220264	1.1066809124371133
BGene_0223	2.6601351355935665	2.6878220018011323	2.6253051443421955	2.634457817232635	2.686707724894765	2.8073482864878994	2.6090792341538385	2.974278548789562	2.7810621858821967	2.6466085780508957	2.6699833426302555	2.786070595202511	2.8603788769628027	2.7421823498801494	2.605800769768049	2.6290741620552702	2.6973379946785707	2.6656227843289897	2.650505260036529	2.658857239301478
BGene_0224	1.296228158795792	1.3475001157838533	1.308150838906377	1.3172294619714446	1.3312631339722831	1.394321982355858	1.250375072148847	1.6250997526872584	1.423525600225106	1.3657740042072375	1.341249051319571	1.4412512369613655	1.4738996934995592	1.411845355649885	1.3368705023588308	1.2626957479848477	1.3282519288781127	1.342419132949828	1.3098328386825424	1.327126565475127
BGene_0225	0.4048331273062141	0.3828347237696435	0.35889054303731394	0.30394053368274976	0.5317390141729441	0.9784762263123874	0.2706453458676145	1.5920226745524322	0.947699246283244	0.4406630365392688	0.5861660983055612	1.0080604532632582	1.208363401480148	0.8103277926100693	0.2612712679086408	0.39404498692419815	0.6783250258356435	0.6297846593592203	0.4555371960568086	0.5084413269892709
BGene_0226	1.252051921020153	1.1756243223782967	1.5896568632128671	1.2370278173907385	1.0206158316974334	0.9925954154301441	1.4442915965069245	1.057489208859948	1.0382095294984006	1.0816212331967447	1.6279102106013812	1.0535718721789094	1.3981369623115354	1.3341555280751645	1.4236016817674926	1.1512812006420114	1.0459126945046784	1.3240352348843734	1.0897526401772626	0.9987416286355573
BGene_0227	-0.6123219869782287	-0.8783155609792165	-0.11661426318740038	-0.697505405376132	-0.8896594956880917	-1.0593601080203567	-0.4314872050191322	-0.7269734480297566	-0.9613662522846752	-0.7682562111052721	-0.20581446847728066	-0.8859017470818576	-0.4293891461632683	-0.7525268941954703	-0.4424167708132465	-0.8853313461606366	-0.9736558922304595	-0.5026749386345921	-0.9298426379150279	-0.9686788482590988
BGene_0228	0.6286380344178345	0.5800324205183979	1.2083294121503312	0.6850585360560628	0.44772463836418014	0.3760928957063975	0.8739182715283533	0.4104830039610105	0.46324025003835745	0.5138733717604592	1.2295587124877023	0.49990481276060517	0.9242732232274955	0.7501945882137009	0.9663482117311187	0.5074954751761619	0.2521958876956479	0.7356791492498519	0.5173429976204346	0.26417022661839995
BGene_0229	0.7421664349972112	0.7064045706258781	1.0045014120448854	0.7310566471266123	0.5607639289412034	0.6370360258209627	0.8520146363973621	0.7032587698300997	0.6203069121430275	0.6746573281540201	1.0508310625415869	0.684798791822296	0.9343487752964138	0.8126870310536494	0.8880110161045831	0.6706426613250159	0.6504522037924545	0.7993378528167208	0.7026773692678476	0.5692006638009574
BGene_0230	0.6318993195256535	0.5052515384301134	0.8620825190465232	0.5282698395439859	0.4657562876031271	0.33093606884625426	0.72615058987194	0.2762796092909395	0.36761982150245515	0.5095106583759889	0.8799673793806013	0.401789939307054	0.614684115975194	0.5374685295610241	0.7385855144976846	0.4621159136471872	0.3887108462185449	0.6525903779190263	0.5355909394323787	0.4555235528185518
BGene_0231	1.654732517547507	1.596743717081862	1.8866873963052189	1.6342867561360914	1.5816343921133387	1.509199995213868	1.7407696807636972	1.5124545651387682	1.5369524641132983	1.5940105260136654	1.8385558875669379	1.5177800255668827	1.7119830028643663	1.6564906792631704	1.755284456011212	1.6068171329717114	1.505261462394311	1.6807888730862444	1.5017417516683382	1.5047468448776387
BGene_0232	0.8237603157792904	0.8141529215968791	0.9378393373670925	0.8376599696261663	0.6256055223886631	0.759217238301921	0.8941230082706537	0.7250933539849085	0.6965615393875516	0.8386711028346829	0.9454469231982289	0.6376772526005391	0.8568985835036736	0.8231703535737834	0.8596462418375476	0.7761377211998086	0.7875175739682652	0.8715963813613185	0.7356024978361507	0.7425828700588012
BGene_0233	2.1643959947828475	2.215708477070906	2.219972362653549	2.193990882158015	2.1536270250832024	2.2023192324413032	2.2536689452089136	2.2178913305831243	2.171606766918933	2.228530686210248	2.2219192044647422	2.191173853180775	2.241964550000684	2.1803122563176816	2.241421218831969	2.1662873946633323	2.1921003349812724	2.2510340749188935	2.1677886999939138	2.200747548638739
BGene_0234	-0.027592117816753983	-0.2693403569189416	0.6511100897540216	-0.279309244639956	-0.8408045307420016	-0.5482883091868203	0.40476789331603125	-0.5945680791558903	-0.7695032964341069	-0.6066069250967929	0.7018494826187098	-0.5047021239405045	0.35759640203625465	0.050410038555834244	0.3074567050296349	-0.4724727357420607	-0.6644037599731444	0.12861119439296115	-0.4560945172267241	-0.6580566676028228
BGene_0235	0.7086519991974068	0.5314519228175746	1.1486109591860383	0.6416668772454048	0.27808224737424836	0.24119541270862924	0.9810641186057436	0.3726007509942395	0.3064553189017285	0.40561763176247206	1.3046165095922897	0.4433835531339643	0.9838150212967364	0.7323474548865669	0.9804002108026654	0.29456095289928025	0.25362996933010423	0.8197506054672862	0.48707359192873356	0.3342844611471955
BGene_0236	1.1695897875248586	1.103819036629081	1.43016497441151	1.1860744919395712	1.1059245934362871	1.085387204871496	1.3273006291677725	1.129580881681935	1.0825179310695858	1.0856473943307452	1.5092992436620152	1.1639370334010313	1.3167037409970825	1.1945243839661575	1.3409561291476357	1.0936444407197166	1.1207464505164404	1.3048255669405215	1.1388045871485348	1.0510108532498863
BGene_0237	2.7386580492417587	2.7302688750216015	2.73290798110672	2.71579973892357	2.6936118416380017	2.6816210295859935	2.7721023159306366	2.7540803107661422	2.754684849901747	2.7329090278332298	2.713532790048927	2.715308070578472	2.7166002841978307	2.742529173258239	2.7185228511553245	2.713424965063073	2.732169813999521	2.7501746025227907	2.7270697657756195	2.709894547601357
BGene_0238	0.042618561742085614	-0.1745413681056008	0.7008970986333117	-0.24646858477019	-0.40961589851129965	-0.46826528874375617	0.2869370756597117	-0.2326429690056466	-0.4084781607096897	-0.34122041268587283	0.7041724646020308	-0.22084563050759556	0.5042837844631144	0.12237096061327042	0.3782378495933183	-0.3159868614248931	-0.6663744528695461	0.14654633091259237	-0.37543957658182975	-0.5655936829131769
BGene_0239	2.2497947739154673	2.2675100972119906	2.3017726080191605	2.244697512880923	2.246117634570146	2.1841483139882114	2.3116885057835623	2.251652166746995	2.195556267800837	2.199988330887791	2.376382165852721	2.2093708738294606	2.2533818829148755	2.285700648967924	2.334322404183742	2.183100646915268	2.204462456921896	2.275003247508606	2.2520462259748917	2.2065246612139306
BGene_0240	1.9954528791223396	1.9423418084772859	2.193125628137469	2.0671839896707267	1.9286380978341358	1.885939474396958	2.147194353050313	1.9091420428053039	1.9014087681210432	1.967306954395014	2.2142628937226183	1.9191170793261072	2.052794389920806	2.0279682480270957	2.110326398674862	1.9561358820312023	1.9398155791991232	2.0664655319366307	1.9134902319994407	1.8608247670910303
BGene_0241	0.69433721377103	0.6437368154262366	0.9048432876445467	0.6984297528775782	0.5512560823562033	0.5815569411114971	0.7758338587524302	0.580582322802243	0.580314193368023	0.6507703111342003	0.9377490934578364	0.5443816968290357	0.7901529699291687	0.7142194897785513	0.7888327693551802	0.5365662255170072	0.5223651682661331	0.7532331769627159	0.5070753805064034	0.5422542243121439
BGene_0242	1.7348573141127464	1.7181522382025434	1.7761183833335439	1.7250310134321447	1.6990882336188997	1.685798001770597	1.7868236796137749	1.7042600559038688	1.6317133000048727	1.7369707641998715	1.7722312232495356	1.7001444305234807	1.725449859197737	1.7376868097202083	1.8037087335832558	1.6711763239618538	1.664721006103861	1.7706369571956915	1.7385476587297335	1.7066801302665975
BGene_0243	1.3859099841996245	1.4052146116511532	1.5370122688588526	1.3800609975484093	1.3337643310674747	1.3521755827556325	1.4418973759400828	1.3203153369441698	1.3938162688669629	1.3551635228283725	1.4910840113868793	1.3382727828284373	1.4589363901764731	1.4261893463835746	1.4381606524562682	1.3650761699203635	1.3092780658417538	1.365296137901207	1.3567857580283207	1.3194971030036629
BGene_0244	0.7256608101940532	0.5619437356944202	1.1878377711609847	0.6569521614488489	0.4399054464337546	0.38686720641134015	1.0379539779957923	0.4407937440487445	0.367137247111267	0.4775202592166845	1.2264813991546621	0.5212002705110814	0.9645899724486052	0.775994706000659	0.9678701341399274	0.5022888722886536	0.432726032320168	0.8822743655337106	0.5602968929107647	0.39874940517590146
BGene_0245	1.1639133540436999	1.0662487481997855	1.449315897582283	1.117343790245442	0.8581731395953014	0.8819093378225347	1.3556371852137692	0.7564395454369621	0.8861668831894689	0.9986990765804951	1.5051011263036143	0.8763361392650892	1.154707456343491	1.1650931620392861	1.3028202448974189	0.926590353230926	0.9162274829236114	1.2318417880134982	1.0142713036306241	0.9566910236203726
BGene_0246	1.5766509923829954	1.512367894171806	1.822738530025075	1.5895942114843356	1.4840473711581315	1.4041943878216925	1.700672713654575	1.4037800899061634	1.4128987513371605	1.4718415622613008	1.874438651459407	1.48625700361029	1.68590687154343	1.6342695668432483	1.7121708986970932	1.4671576874151049	1.427634097750731	1.586763800692053	1.5119061393382998	1.3994123954231876
BGene_0247	0.43143615558056136	0.22002950995008674	1.0107351223424927	0.36627443167017937	-0.06126580515589478	-0.11511820256284344	0.842116974743593	-0.019360609351027024	-0.051303978391957765	0.11220459778377898	1.0609605280787922	0.06534698109111359	0.6976865177717873	0.5111484002455285	0.7647295120682069	-0.07137940836898152	-0.053178785381533214	0.5792570351476354	0.2459926873249491	0.03967682497686102
BGene_0248	2.2711883012614487	2.245136090137643	2.452130907956746	2.330261906634663	2.155458942687096	2.1807197855174367	2.3922805011651476	2.1627945428084696	2.1697494220072087	2.2535566045358104	2.520872683599223	2.202607020964138	2.3242342285699578	2.305989187666338	2.3826179395742306	2.162569274761631	2.2292394291431	2.3298081105750015	2.1903294934322597	2.2081359584556703
BGene_0249	1.1384127006397298	0.9659926043391598	1.5063620710903738	1.0794056612582512	0.7516112099776684	0.7623327467135167	1.3498567340845329	0.7122619563352938	0.7661751618715087	0.9085493120233836	1.5511933456328821	0.8404292967301196	1.2408692789135194	1.131120753791402	1.3863509308892572	0.836317521457462	0.8129085952900116	1.2039122673773848	0.9661305429878948	0.8190129621617331
BGene_0250	1.2246838163303155	1.218074736941166	1.2790937644181926	1.2550588882639933	1.2167629139137248	1.14380471859314	1.2548550568524353	1.1920188862083336	1.2197011682083547	1.2215537171147075	1.2641485996516988	1.1845099471329055	1.227334491257367	1.1687893897944217	1.238059140995173	1.2542365420770178	1.1995820644296873	1.2529799509984143	1.2273723068978875	1.2011241967649273
BGene_0251	1.3950065968593133	1.6728802944187815	1.457358801712793	1.452842797750494	1.4274772498485484	1.6132943842216767	1.5070850050632814	1.416397984235467	1.3927571768149156	1.4689432670221378	1.4370000463653505	1.5339126685066184	1.5044847605344	1.7614432631250503	1.620650922300148	1.5352152950672269	1.3978860824206827	1.3907947252875321	1.4183778669153824	1.4809757469920812
BGene_0252	-1.1413675717422975	-0.2625801194946195	-0.8632928675802355	-0.8915743262637456	-0.9129930543051794	-0.10182354060670447	-0.7467583926738722	-1.207207157911538	-0.956195414109872	-0.8900493846440343	-1.0723120469425376	-0.6649774560212218	-0.6741024031490025	0.10004101993124817	-0.3477026759093027	-0.6106381876098079	-1.115362838959678	-1.1897966917644325	-1.2801563189938627	-0.936185989146029
BGene_0253	1.5853545077156028	1.9014396062663772	1.680037062319371	1.5887348046758396	1.690013425869964	1.9461390759209294	1.7606356574532875	1.647427919956312	1.5668765977400219	1.66659483084133	1.631360414060579	1.762765184702795	1.7654712048311936	2.0861338196346098	1.8932232041326504	1.7398817473916746	1.5852709025862477	1.6369234669721344	1.5783026197763483	1.6663651858462987
BGene_0254	-0.16391919614749895	0.12439436899044298	-0.05262407544302123	-0.20584012892174935	-0.05292211787062914	0.19973901001166655	0.05014115850548564	-0.1182799558798392	-0.05333757117333489	-0.08581508841059789	-0.21076685131126624	0.031070544868912482	0.05881913484561721	0.31644208388962836	0.1530238488635647	-0.014480229103198364	-0.21953097333181154	-0.08468635174070642	-0.18171525695348748	-0.03382364727658589
BGene_0255	1.6030699714482897	1.7702622667189918	1.6741813794597658	1.6141461463203441	1.5941239465109038	1.8051854751682916	1.7070597424981064	1.6235795074546084	1.577761393062423	1.671912456939624	1.6442435833783111	1.701306733652238	1.7108364061416916	1.917586383110573	1.8106067762690943	1.6776792450946132	1.5871359942050356	1.6868911331073817	1.5676243163573333	1.6413843645708082
BGene_0256	-0.40042460344461966	-0.32794293161680776	-0.34870787187138774	-0.17041180009535345	-0.3169478714877185	-0.1735758985030411	-0.2874130847215993	-0.1767723272217456	-0.2622462679088349	-0.2790877473726661	-0.22348498119268773	-0.1335447773860211	-0.18648480052999217	-0.08701238977401583	-0.1284740235876165	-0.38858086317806023	-0.24205744562623874	-0.30064555618717786	-0.19953042205380897	-0.30964927286801874
BGene_0257	-0.22806933774275417	0.13259819589190255	0.0007236591159455628	-0.31027085192971715	-0.20721080277705206	0.2160885821328101	0.08965895557620956	-0.13837728118058645	-0.3394545729245294	-0.19457710637356795	-0.10458615039712227	0.06021390824487837	0.1602538363329825	0.4677018602669709	0.2414670685510016	-0.03624145756670193	-0.24790174250075117	-0.08668425911865857	-0.08209924354014145	-0.07120321039210903
BGene_0258	0.14241836310531555	0.7119659755392518	0.33947300152340765	0.13934221888039744	0.23731864658180948	0.9271355236494374	0.5348901876868658	0.4044030458171849	0.2662103320772048	0.2639205419073525	0.20144153236145376	0.6257969062031314	0.660451187629702	1.1067833744069195	0.7693852057897387	0.41473498978734386	0.15516741193760877	0.29557140391091624	0.14221218506002165	0.35433806872270507
BGene_0259	1.2095281170831857	1.6118104577993213	1.3012403733365023	1.1949384552157643	1.3030764253707416	1.6722121842219728	1.4150298725261847	1.2389563871845735	1.2665825697141118	1.300884959311369	1.1580309960040338	1.4349651226332782	1.3752849395740687	1.8034592738420858	1.5737769404595683	1.4194334481528228	1.1902356889732542	1.2724418172886658	1.1867777457899822	1.322328634810204
BGene_0260	-0.42676997422985075	0.31209096890156013	-0.12380571364353556	-0.24704738752078428	-0.1339608153310289	0.4544014445085095	0.16200258696893435	-0.2553102888738537	-0.36160008157628926	-0.19865485041633313	-0.19419527662065114	0.19619262731713974	0.16010986541242905	0.7109337450321347	0.49802360921579164	0.05110199202957698	-0.2825168059133942	-0.13638872613025058	-0.11301161869392673	-0.13847702071263962
BGene_0261	3.2233805185030837	3.2466777569017373	3.2189723434434296	3.2200421278919693	3.2287152491636624	3.246839556680867	3.235102147122833	3.257992408149149	3.206798883566625	3.231024676218361	3.2164367416996402	3.2174546732412486	3.2317563434893746	3.315485342247777	3.254869057579514	3.237765008930103	3.2194030570086363	3.212640338609942	3.1949690267534847	3.2491331278952935
BGene_0262	1.7967396192202918	2.0136681376147516	1.7818527772423753	1.7628581333240454	1.8079837236490173	2.0756594690757018	1.9231543866403058	1.887332295798756	1.8195696334169649	1.83677060440948	1.7440586397990214	1.9648801379843552	1.9097873922757622	2.192095211908675	2.021285488282578	1.818673915693645	1.762437158780636	1.8259900849700326	1.7580017407159725	1.8537627935712573
BGene_0263	1.2528775290823122	1.4476652881816297	1.2819465453596794	1.175458940418534	1.2343886146289118	1.4397153071133655	1.3481075942438419	1.1817205531628443	1.2074023408313284	1.1965541090286695	1.2474656422941297	1.3363472394195088	1.4076651344967699	1.5769454721774585	1.416966400425091	1.3221918060782334	1.2346421054426524	1.2790499586587463	1.2132999797991508	1.3087290465081547
BGene_0264	-2.277284428372506	-1.5028241138392182	-2.620529901885131	-2.8662135210852284	-1.8977631259843806	-1.6988537199378755	-2.422974625444491	-3.062112009277748	-2.379745010811996	-2.0042362242865233	-3.3333652203926882	-1.863032867407132	-2.296221016322559	-1.4140850169074535	-1.8693243599336613	-1.907593790106262	-2.6714776409192726	-2.7853071884858402	-2.5835408453491784	-2.095550388066636
BGene_0265	2.0226425481497063	2.1472452661024173	2.0486970131084696	2.010559382935638	2.032760132939547	2.2157009156130205	2.0842767772064845	1.9907411492362577	2.0443805954453116	2.0682566123835393	2.0235795843537696	2.1091141358772223	2.078117327714181	2.317891118559605	2.165716988130983	2.126903563794191	2.0087261674624886	2.071152465116072	2.0454738335806684	2.0853269058028427
BGene_0266	-0.2003937076301742	0.4606673007190867	-0.07155114729862941	-0.21407803553886995	-0.024796176341318525	0.5090455092006109	0.2537572739288633	-0.11275128707367064	-0.2318689175497969	0.014656901745452677	-0.3016504820433999	0.2812107708027374	0.25593270940120755	0.8152103265183799	0.5178449485679758	0.05099255836156325	-0.16554806272337874	-0.07929996813371361	0.1545311762132981	0.17299307544688358
BGene_0267	1.4838291386593752	1.6005444950795111	1.5012304882722975	1.5017949337056213	1.539666212694505	1.6155349656694915	1.529698279680332	1.5557626423942779	1.5021877898943778	1.4901566527952514	1.523739528732814	1.581411372909958	1.5889980251071498	1.6512197747138948	1.6056345281456388	1.516893906691283	1.5000072083720217	1.5906176671539503	1.4253566781230884	1.5130597372206176
BGene_0268	-0.531993565853609	-0.09523813220571865	-0.4104522292231925	-0.7103058388967575	-0.5304294315220687	-0.18889553067189038	-0.29668126315170046	-0.6870852438935341	-0.6644991947136497	-0.424634965210528	-0.5934594831290697	-0.2570791118875505	-0.34737080364701617	0.13597890191246245	-0.06020297528446692	-0.6854507148095208	-0.7354670797243253	-0.6385949389682704	-0.4671008235525868	-0.37803461548613737
BGene_0269	0.6528315996667583	0.9456200934073651	0.7186998319101121	0.6897949130460874	0.7189544906362446	1.0830227720095797	0.8239491941518478	0.6961608197319096	0.6904169627900136	0.7018399088670892	0.6455200886178292	0.8400613319849575	0.8856488281796606	1.1696410116933307	0.9131944542231737	0.8185623612661385	0.6943809532036237	0.7043625036680586	0.6867139619865329	0.7333450529733966
BGene_0270	0.7716808589388626	0.863223837924092	0.8189037190522394	0.8285539637816827	0.7307553812514048	0.8669272343314165	0.7893465968817991	0.7714599253549828	0.7119900610968499	0.7521978830658225	0.7969977655083088	0.8419096980571724	0.8284500082934331	0.9963759967948962	0.8841562990298711	0.8130920795160548	0.812756006166335	0.7328809493947948	0.7756244725951538	0.7667305935390705
BGene_0271	1.0113399597995714	1.2510344290699562	1.0537028402709816	0.9836602865192079	1.0129192095306396	1.2787028599897783	1.1080602891842226	0.9741408340691374	0.9812596485486381	1.0509728452561085	0.9866494742823326	1.1654606774414653	1.1224066740181966	1.3385186607935073	1.206123000171751	1.1378930016632705	1.047712345120279	1.0390933189914129	1.0446995656204292	1.0737766363564119
BGene_0272	0.07450232583506125	0.23785355924881266	0.19467444461581923	0.15297762509154322	0.12277878981899613	0.3820257092690842	0.3264969935310435	0.04110679872828629	0.06778380479834446	0.04604871232137106	0.18785822278646916	0.20439297409040605	0.16234863996436016	0.3678368855017163	0.35059755567951045	0.4193579613210339	0.19275046988507658	0.21877930573884025	0.07890638076792283	0.09734501758666024
BGene_0273	-0.8317561552539466	-0.05860605653936871	-0.5892112756467752	-0.6780838425740631	-0.8043594860518889	0.1667451425162763	-0.2984661962469855	-0.769273989477368	-0.7978991240158765	-0.7440786306445144	-0.5682450993109386	-0.38517298549059187	-0.2788217645931453	0.38608252805388676	-0.04302131874916389	-0.5091695528236627	-0.8614531262323456	-0.6085161305224576	-1.072463587094805	-0.696544070458975
BGene_0274	0.8365365620705982	1.2260904685772378	0.9054465947734484	0.8639979396840576	0.848873061931471	1.2636364271140645	1.0284721275565731	0.8482429113305409	0.7955113421031478	0.9633602921194371	0.857036212092224	1.0223050015318893	1.0481271160580792	1.3897335522383947	1.1315353203718497	1.0320555972706864	0.8764334220221426	0.8634793251605629	0.9871229665636785	0.9958348246102975
BGene_0275	2.463851684390322	2.6308498193435965	2.4556968972295037	2.403029549486912	2.3932836523630585	2.6292056307064584	2.5353715252966134	2.424638862590583	2.450691208737694	2.483325222766713	2.4618262610758452	2.508505720165628	2.501854386957472	2.726067235222911	2.611026183165473	2.459853324718902	2.3898387605234004	2.4242921093236096	2.4257451554746146	2.443343010690904
BGene_0276	1.1822582192111921	0.983337455271902	1.0616436102995532	1.0002763186802766	1.0718976401121239	1.192411130627865	1.4286521456777523	1.046916135019262	0.9882646864194963	0.9958319886747542	0.9801537251703907	1.0205298595319616	0.9390542669616083	0.9305766864245844	1.0405443950770508	1.0916521804180224	1.2398482848306578	1.4349164763477686	1.1312809554926264	1.3271749909043808
BGene_0277	0.4175554639681169	0.04614417170851201	0.12047819756670967	0.01897354807101888	0.06513035596628847	0.46124631756550377	0.9938923901538	0.19940402853106043	-0.026988912815521977	0.03478606047198254	0.07741997747063616	0.030253168712974406	-0.020860352689468436	0.028063460927725468	0.2573244453869182	0.15081033785133793	0.48405910287774884	0.9574555303581452	0.5173289498010059	0.7926766037980683
BGene_0278	0.3679323750846999	0.028676446860837253	0.06243634540237072	0.0904819571707095	0.04278870953810769	0.276630983007441	0.6858617121867794	0.006444299088529412	-0.020626413799685033	0.0020109688628109457	0.08049402929835825	-0.04878508988848172	-0.09132777047278089	-0.09752009316648648	0.08139941168034914	0.22460281313002675	0.3975524540265959	0.7278421989050076	0.26862816012131435	0.579702577946854
BGene_0279	-0.23121812088415483	-1.2731094657178121	-1.0306064310459084	-1.0948018948909597	-0.9030929244095895	-0.2937324393322589	0.4575218192407879	-0.7178207706637285	-1.1480379011631392	-1.2624426545495144	-1.1655229734744283	-1.086359486685048	-1.3885448896264785	-1.3812627971188718	-0.9900674702426434	-0.3639033077448118	-0.021998326412749725	0.48492938184812023	-0.3181088004296389	0.23118590621448984
BGene_0280	2.7830820286116875	2.7634199683961356	2.742434647950369	2.74895867998051	2.7385948200214374	2.765235002929807	2.813195380548063	2.7455222895861815	2.740103175189308	2.7774919689794126	2.7671436232717936	2.7141575786463816	2.746925928956564	2.767234605539977	2.7165188455067746	2.8096843925499826	2.763699705624708	2.78796028017584	2.786991653685495	2.8008821153591557
BGene_0281	3.0799433177826216	3.001135656620652	3.0012528667959195	3.019221876396876	2.9816947124438564	3.0819043092975473	3.1400882164564052	3.0763811703526636	2.991886223204543	3.009604063853652	3.000573326675734	3.018838611137088	2.993815277836082	3.011367260181001	3.0433552591970745	3.0871710625683706	3.109681757242249	3.2183844767602245	3.0627358695056968	3.1280721286077955
BGene_0282	0.47711446795689866	0.12794527454564963	0.14634884125116362	0.19576886634752008	0.10120247876840657	0.5616154662729321	0.950425852405745	0.2826445075192436	0.09960461091195426	0.11777599206314758	0.04428743015234748	0.05821085809799771	0.025764416177798996	0.11318655647067527	0.21627049397137846	0.30063234481556605	0.6201808068744665	1.014514633557238	0.5361493325985598	0.8125790371972517
BGene_0283	0.7461923964094576	0.26654579470771567	0.3049015492732478	0.2754684250399188	0.3338491754018257	0.622995780773658	1.1320305935588268	0.4034673803686935	0.18560866062973028	0.21736166896078168	0.26723509472716633	0.23291399022905926	0.16652949769746175	0.15160524257130226	0.3605479400201702	0.37320822530064135	0.7597969614517374	1.1469982734664474	0.6904808232106209	1.028049522658727
BGene_0284	2.0372603119496953	1.9166089231568735	1.894448962316722	1.8779418230597646	1.9076841779249214	2.041610895732457	2.2004105167990526	1.9686643510898558	1.8439293128220167	1.8744753278914716	1.8960923402994965	1.8899710660272009	1.9056008627858074	1.905619679760251	1.9226711967306855	1.987568007562856	2.088341411433848	2.2401775307127156	1.9937742767574498	2.1749829223377284
BGene_0285	1.5936729747603433	1.5080217932896487	1.4937834838258257	1.5157786156973827	1.5423228862970286	1.6280445371151988	1.7472053865061206	1.4855829945008896	1.5071717486170342	1.496042562992424	1.504689756105287	1.5020952608236464	1.474163607848886	1.5228626714832378	1.5441085583751444	1.5933423564772808	1.6291435148802882	1.7382188493013349	1.5683375331468241	1.715832954584095
BGene_0286	0.4791372678582597	0.1899611246781225	0.105290254719921	0.17671073103040863	0.12241598349415451	0.5050534286426864	0.8677793721840084	0.07322751705073817	-0.018259414871512253	0.1194117753992078	0.0715206649157826	0.04963597330654782	-0.10753643035651267	0.1228948308147974	0.19388386124202944	0.3316391137022522	0.5895588660513797	0.8921838861185477	0.43459641077756295	0.7625622227291192
BGene_0287	0.43117790780733767	0.23755101660663513	0.2515147902924281	0.11102036116827968	0.11351165650527778	0.47916983664505125	0.7587233140406093	0.2835641308714761	0.08859367110805641	0.12961016064352043	0.11386172083408459	0.05842389991279984	0.17727131135254187	0.1795942730916968	0.26623305704120087	0.37854550696818173	0.46469992635058766	0.7863907069176352	0.4310747588114228	0.6817565252009858
BGene_0288	1.286463889270616	1.1294265456250028	1.1649449962893539	1.090957514321459	1.1588815155403354	1.284752987465201	1.5978684559558758	1.0630793440809954	1.0454244705966629	1.125967973901372	1.0008207529029212	1.0666831219686197	0.9659505978023484	1.031511645682282	1.1868171094493007	1.2333523001115783	1.3597637678470753	1.640580032355314	1.300444668860176	1.4781676958649894
BGene_0289	0.34480151631739087	0.09556420678925032	0.24910747071549094	0.3183826992869783	0.15963790850910445	0.261313362978846	0.5193486568450242	0.1278245952561613	0.1488962836024698	0.1158548146505101	0.3029966618676914	0.11911308672034537	0.05577871114367468	0.005203205692993373	0.19699306166920683	0.27699956393802766	0.37405293687973545	0.5430796931414975	0.12539958328536677	0.4117929991303426
BGene_0290	2.735135158108256	2.660157227534596	2.65608573057473	2.6535800118560067	2.6379842171321943	2.725731306328027	2.8130487257305883	2.6940087904693875	2.63691089377452	2.6574385781911256	2.641383760994285	2.6403473971734477	2.646906531699854	2.6456488491234156	2.6901237386646457	2.690643637280743	2.7554824948517247	2.84784226655585	2.7173437033681913	2.797236521660225
BGene_0291	3.0394205045339033	2.963362426596993	2.9855940225200683	2.9583327141834195	2.9917597302175114	3.0435468495781617	3.1036841432341653	2.9977303587358066	2.974548912031344	2.9964261151859435	2.9743847933803447	2.965378134018976	2.9554946861524316	2.985162214972526	3.024433420687467	3.009494612371513	3.0643025898042544	3.089918595641284	3.0694662065276876	3.0771535195933684
BGene_0292	1.0750401698708012	0.7952873078409637	0.7689201342202142	0.7661719392515421	0.8549864378829817	1.0219276834103599	1.3718074887284109	0.7827291892789733	0.717426409358216	0.7687572027489592	0.7157405280466089	0.7520658028817225	0.6782700152656701	0.7090382994123033	0.8735373672612433	0.9498576873921029	1.0594800076698636	1.3619306919448237	1.023645890629501	1.2922504313342216
BGene_0293	0.9653848768283471	0.6306355267022495	0.6300451934805971	0.6715291830877015	0.6235552273536035	0.8546034980030424	1.2951710610417815	0.6804354811229708	0.512708674023961	0.6216169392561297	0.69372063313302	0.6216978720478723	0.5821151267180512	0.6361424559126527	0.7712416911956012	0.6753192834837036	1.0022001837744405	1.3059009928305096	0.9089586338452244	1.1950865741352463
BGene_0294	1.1212291906911886	0.8540267186110568	0.9182480350512766	0.8686749393605917	0.8832889415586087	1.0673665855324859	1.4258378329524517	0.7809707045702614	0.7984614011207115	0.8481409365435776	0.8570962470687673	0.8293241203229534	0.7560739221996622	0.8273091197119448	0.8932567890074604	1.060860857486923	1.1723545338078445	1.4300957422007439	1.1106451019875978	1.3285858728559388
BGene_0295	1.6177366104431283	1.6195204526566578	1.5639538611945667	1.617926017149987	1.5340612901287771	1.5701357338427597	1.6092166450225787	1.4407592771752227	1.5194762876681212	1.5869558999873783	1.5877023533256878	1.54996075923438	1.5481851818361068	1.5727447770092668	1.57583198540876	1.5686691120424194	1.6148482886587145	1.580505762213478	1.5468955200643548	1.6289142433720485
BGene_0296	1.1142533740899323	1.0579048809423228	1.1676811931151492	1.0911892480981047	1.0821542377497806	1.1610751571133382	1.253509110197344	1.1764323616932981	1.098610682997837	1.0991202922656578	1.0889451442263942	1.0758363196871923	1.126746759581973	1.1110846011266615	1.0788178870730285	1.11849637036416	1.1069724604776503	1.2753344604769679	1.1850565698803415	1.2105199521645493
BGene_0297	1.0832390983279054	0.9892640193798977	1.027932664840027	0.9231871153007543	0.9575269684839267	0.9810741252486199	1.2192723821970635	0.9409104600489279	0.8861468474647529	0.9561933849073457	0.9730437173656303	0.9619219229066169	0.9655214503313599	0.9592216440224002	0.997221913419737	1.0530314998966417	1.0750847379211248	1.1693157778525496	1.128130837692588	1.145857535412662
BGene_0298	1.7771435425388278	1.5901681988925154	1.7071031791845563	1.691437517003798	1.6909338844263526	1.8134249764298964	1.9222803740141836	1.7006942161106489	1.634733158744779	1.637907162032648	1.654011032612365	1.6760531958862157	1.6231580712008415	1.6468010693073813	1.673817282063396	1.7669785112253502	1.8029772129065542	1.976906188631607	1.8096388319895365	1.8731623863244362
BGene_0299	1.1657787022446424	0.8899638383154748	0.9035684501244741	0.9416896647358004	0.925161538829857	1.23317301210304	1.5083470989956773	1.06313372047232	0.9164436891640437	0.8540305777517985	0.8643741048807211	0.9287498335742762	0.9000315374062123	0.9689454284023843	1.012559229234955	1.0442937471862577	1.2789023224778449	1.5358365907378329	1.2043260346911833	1.4076313217307301
BGene_0300	2.690408847475996	2.608556620939281	2.5962378718851307	2.593453094863896	2.576972898170766	2.6598469537673046	2.769989946613746	2.594153971922478	2.5921782902614834	2.5828449427195745	2.595550237406355	2.6251040309321274	2.58224769656165	2.6061717293327047	2.627596082772433	2.666555861951497	2.684312460747862	2.786589310621496	2.683841970347211	2.7561674756677035
