	BSample_01	BSample_02	BSample_03	BSample_04	BSample_05	BSample_06	BSample_07	BSample_08	BSample_09	BSample_10	BSample_11	BSample_12	BSample_13	BSample_14	BSample_15	BSample_16	BSample_17	BSample_18	BSample_19	BSample_20	BSample_21	BSample_22	BSample_23	BSample_24	BSample_25	BSample_26	BSample_27	BSample_28	BSample_29	BSample_30	BSample_31	BSample_32	BSample_33	BSample_34	BSample_35	BSample_36	BSample_37	BSample_38	BSample_39	BSample_40	BSample_41	BSample_42	BSample_43	BSample_44	BSample_45	BSample_46	BSample_47	BSample_48	BSample_49	BSample_50
BGene_0001	3.035085219278327	3.0120802949543912	2.9834232103773064	2.9795897576453005	3.0513627997828885	3.037875569886117	2.9796664056491298	2.985012251627074	3.005514902951849	3.003669761579631	2.938783831706727	2.9904534562030847	3.0347362381685064	2.97121122024011	2.984048896639352	2.997174746013199	3.092674671790129	2.998539967965345	2.9957371618888193	3.0195451060069614	3.0715929853262836	3.0342445463660486	2.968139416978272	3.0073628221752298	2.980027458307403	2.980800716916146	3.004563212116626	3.015666213835054	3.0262781761020916	3.0209703598352258	3.0802633007241726	3.0096284428785323	2.961705059923556	3.010853149048196	3.0107642349760697	2.9768835250276653	2.9648871483082546	3.0007910600104246	2.9887590357976492	2.965720778339773	2.995055178323749	3.0191534515925236	3.0407670186108535	3.0169965842835214	2.9904567993508664	2.9838592554715073	2.970811132037669	3.0041086403421864	3.0133786139094907	2.9924964274079797
BGene_0002	1.590292419851836	1.539979168552833	1.5520163820398338	1.5638284039763546	1.6419990962038122	1.5725488156812903	1.565867582338633	1.5770916000207031	1.5310169918444851	1.6069742497076347	1.5394451200499526	1.5472979509287748	1.5540351761506768	1.5097878204414836	1.5552299473359257	1.5174626726837033	1.7015955756981997	1.5201543676535036	1.5585072184928321	1.65482320942837	1.6624676710915214	1.6115273054439754	1.5409881398336227	1.5307276852823333	1.5066938783878714	1.5006759462341768	1.577273998241511	1.5462817099875064	1.5657750713310974	1.581345085347269	1.6665395951017137	1.5600300140706875	1.546774879548225	1.4883158994386716	1.577882606829603	1.5525118135451133	1.5580394615630662	1.5642621228549618	1.5265102404644542	1.5205318850452083	1.4967572366755633	1.5312606976367167	1.6395111009048475	1.5399766759523872	1.5566144276914153	1.516005614671473	1.529467765380473	1.548102841795938	1.5756224480480843	1.4791740937504863
BGene_0003	0.6341084946678642	0.3737241165424631	0.35357661420231606	0.3461827177834885	0.5913944439919764	0.39897862686472296	0.39832244891804014	0.3845456956071091	0.32414083191040954	0.5381798700054583	0.38545563090412444	0.46587885602873746	0.32889198269959635	0.2966764656733706	0.3455748566273585	0.4372566484810605	0.9221428515080784	0.3105727054055585	0.3705748675367351	0.6195150406776371	0.7447339727798507	0.6214132192209996	0.3575732739232765	0.39749019997113333	0.3836357894817424	0.31879138218302977	0.5563500057218722	0.36039569019553935	0.4356687003608712	0.40692026006129745	0.7426608215514937	0.39948659680080284	0.312902770092256	0.31220745466251715	0.5925754285260117	0.30624578794687335	0.4043918323664832	0.42091042218817004	0.32457476160663146	0.28109921243158326	0.3911547865777065	0.36115477507382004	0.6187937002939262	0.30489243424980694	0.35120289243706976	0.2996146786687269	0.4015516092144667	0.5073918509850941	0.4894656655478745	0.2662900327252996
BGene_0004	0.7559293481101484	0.4625010293350251	0.27820952844685987	0.45737389773510867	0.7021822188111054	0.49680798856104535	0.5099573652177924	0.4934394355184664	0.46026612704625414	0.5614097485767147	0.4685568800583002	0.5332654695996211	0.513689441365116	0.41498043794729395	0.44303875776197477	0.46931292420055976	0.9012988810119997	0.46006131674454226	0.44592025167041616	0.7140712366185381	0.7651436313142904	0.627323458415429	0.3953954454150319	0.3748501061167276	0.3776550416052801	0.520612874463402	0.6520974640755406	0.500117760754181	0.46973686436809287	0.5245465361370362	0.7146171047085983	0.5592921255115528	0.4136230074085687	0.4896870868456805	0.7030795743016169	0.5096512841686393	0.5219734931918887	0.5931955375079189	0.4488439996449996	0.49986494631742695	0.5141889836417541	0.46775844066869665	0.5865447261812025	0.4766290157315488	0.4484781755381063	0.4696396746777132	0.5165196510823852	0.5105167770690251	0.6440718459622881	0.4502025766391078
BGene_0005	1.417011621457889	1.4049178112801872	1.4529705183285775	1.4360340140778034	1.45248967991071	1.4453181762552545	1.4240239416603007	1.3962616551850442	1.366192518536651	1.459803608547431	1.3667850733065456	1.4031505852603599	1.3491007433875588	1.4288511933449746	1.3814100930491326	1.4064982292261126	1.5641344615093307	1.3884215719454847	1.4135248108171754	1.552961756863462	1.4734062206326475	1.4542851358234798	1.4281814442336211	1.3888930099560366	1.3880366507108572	1.3864817859802838	1.4690600262281999	1.397808554679202	1.4058306984730762	1.400876080316198	1.5282149361734618	1.472091606730128	1.4179999650908761	1.4266871827027856	1.467431477115104	1.3944386759201635	1.4323597380344257	1.403014496916543	1.4327519240426676	1.3758051186959992	1.3505641165070947	1.4162741267459549	1.5191551853993277	1.4004499079277268	1.4370109135647773	1.3916211643107128	1.3981156350793194	1.4184728349855553	1.4722873301276893	1.4006901041073017
BGene_0006	2.816672822126167	2.8023855603976235	2.7712794641392953	2.78706112056394	2.898747594001231	2.8338847295017437	2.8265336218113273	2.808093206880925	2.778076637368554	2.8425469102382195	2.8053111346776407	2.800783156821478	2.741175922792731	2.811982992793826	2.765064215374003	2.816804048567746	2.895592721235757	2.8006807005455827	2.77371843307263	2.83403883879111	2.893707660891729	2.824119928137672	2.7745714816584934	2.796431220035727	2.7604217153515354	2.7474645898781516	2.85062766032983	2.8097444766965647	2.804239145758732	2.802088892470218	2.8632802601652	2.7877293001840817	2.8114764409796287	2.774436974913978	2.849294762978472	2.753841569170514	2.788339183338619	2.7553253406470617	2.776685950752839	2.7897789585816595	2.7636880420930394	2.7605852087982816	2.866153034222699	2.7798786606842105	2.7992204106080165	2.8289559171506773	2.8122571641362284	2.827837462347806	2.838312453034206	2.82206353809757
BGene_0007	1.8154703732725133	1.8514125235191334	1.851258619219051	1.8253714316728613	1.8609728357263624	1.8811773337577178	1.86308110202635	1.8282663828597785	1.8367589520612713	1.8518221275309552	1.8562788917973776	1.884513228093088	1.7795986829019843	1.8546776452367593	1.8808438761434418	1.8666774066048475	1.9663155413704054	1.8250684593729138	1.8126570277479277	1.9092985548676076	1.8897853034081775	1.8660169320024367	1.86418950821621	1.8536399549078195	1.8193246251914816	1.830932215737891	1.855181271537686	1.8627591893755786	1.8013096485169013	1.8100733554873536	1.8505045054237708	1.9031079964026365	1.8296094398269256	1.8473617706676098	1.889814495016806	1.8073858654154202	1.8514403659010743	1.9322012413428822	1.8029724122633368	1.8538653377057441	1.8439186552504117	1.8143283203274878	1.9035643625069958	1.830525420876099	1.9301743805009655	1.8433855231240865	1.85552503681805	1.851103678732779	1.8418059916866545	1.8378713695775186
BGene_0008	2.881904615086701	2.796627120197502	2.7781791690663313	2.8075635142969046	2.860672431796146	2.851623121106954	2.8532007302390263	2.8133890110661	2.8255690874271977	2.8383775276242456	2.862602324351236	2.8345924657593793	2.8305236779921414	2.827277940888086	2.7995559968513346	2.8178359824787544	2.907294022537971	2.832010511048869	2.7886209347154147	2.867535331964825	2.886199380447246	2.902436282693842	2.8313183518435796	2.89095471111702	2.8203582824862403	2.793401366992034	2.8537100532390247	2.8254063037401216	2.7889596660067326	2.8396110973809434	2.927002665259935	2.839598466339515	2.859051111777886	2.8294934049882596	2.8251283603016	2.8063164057911623	2.8314114435519198	2.817794568724715	2.754846251774695	2.8447911372227876	2.7967265967827175	2.814503465568816	2.8633854296021357	2.7948152159213953	2.7999104076242816	2.77152713240161	2.779080309728178	2.803602475526471	2.8578341938057124	2.8222823011599916
BGene_0009	2.208358272486631	2.057453777111336	2.1136718031347406	2.069915802035749	2.264616399686484	2.1464132403500664	2.171599221842161	2.0667286154349283	2.111738737161029	2.1792942411039466	2.1211404890664816	2.157643635447805	2.060223503335988	2.0772080068815786	2.132358289071539	2.171298173595806	2.350644902217923	2.1152519249364574	2.1252568865395336	2.251762344147988	2.2330250746223586	2.1958769281704655	2.0976309151773247	2.1938818850138113	2.0830815763284756	2.1071749067330585	2.1632478367613013	2.1091973220138422	2.1052480309297756	2.1431247648394516	2.26871090466598	2.146972209111565	2.0776042837225384	2.0634750982548287	2.17257064162431	2.0985453956841438	2.1086315336718893	2.1325167142749204	2.0971019647581084	2.1366474744233193	2.0990514554989645	2.059055382313314	2.1748334086564993	2.098687369190906	2.105712691019086	2.13651268854023	2.1108615385250253	2.159069285358404	2.1979202198460213	2.0903443005505666
BGene_0010	1.238122506369616	1.1741027201473746	1.2232278211963328	1.18913586046596	1.214425761633812	1.1959278899084553	1.1786912548924633	1.2170438706314706	1.2170146923878418	1.2694983330458032	1.1353659017944446	1.2436676562534859	1.150624631125055	1.1992673921524406	1.1930060222931167	1.2360178905512318	1.3238108744722292	1.2458112616166668	1.2161847921899676	1.255951343327761	1.2801093138925403	1.2864146123212266	1.2187477225467689	1.1651172269244825	1.199557941599397	1.2158993249674985	1.2371990340721546	1.2002428341148315	1.2400288445209564	1.2322969344919033	1.259637501005627	1.2365174905015575	1.2063851284075797	1.1416433532404349	1.2706902119335337	1.2077012996400078	1.1857116785891575	1.2843079709666405	1.1309311746816342	1.1189059685349627	1.1747388040206224	1.180227678266485	1.2124995257397788	1.1702343451119337	1.1885284502616986	1.2514081284241756	1.2565691270264214	1.2520949517009134	1.2438012122627549	1.1691822734506707
BGene_0011	1.3894390114197945	1.2725963050989584	1.3359460962029674	1.2043482257449156	1.4915453663827467	1.3429397044827676	1.2617012169302193	1.2639083862200144	1.277327449092513	1.3881682340854788	1.2531040130998794	1.329718183743988	1.2890744852741896	1.2757238396253578	1.2737228715692122	1.2931199239215694	1.5962891435508424	1.216347583083788	1.284567059356654	1.4978598772335385	1.4579966411418948	1.3965613611902024	1.2199681744585915	1.35705196111854	1.275089426123822	1.2545741065325193	1.3685144126318964	1.3883559668149963	1.2710413550384732	1.2966336700000785	1.4553975781855675	1.3568451971337248	1.273539039268585	1.2275037995070035	1.4148982398778052	1.2022378690693245	1.3322391163592735	1.2787406048540577	1.2514433541626602	1.287568523388895	1.2579002273734956	1.3066445156839417	1.4116315238733008	1.2616899366516454	1.3427926435830337	1.286225161221074	1.3204396401442033	1.3312871232925136	1.4013753735851306	1.2714952232517065
BGene_0012	1.151104259703203	1.07992568965752	1.0396197047328646	1.1061816432786573	1.0681803840410178	1.0809924347289468	1.0973174752828796	1.128633022489633	1.07857492609785	1.1247762237701353	1.0599313286822987	1.1388075555636832	1.0835434756724116	1.0477371300275513	1.0748735921979093	1.0668931258252705	1.1665484122236933	1.0911701085428334	1.0952723697817266	1.1224474655737873	1.1946891405442703	1.1011376765794805	1.0762894182356613	1.0062980259635739	1.0859906134239485	1.1229468629681332	1.176496615148777	1.0969684233936345	1.1095963290172304	1.0550623840175621	1.1574570946591791	1.139681394362258	1.019117531176521	1.1170926769443124	1.1193511475635838	1.0731734442613683	1.1516058159761433	1.0767470826352292	1.0733434171857208	1.0729435948820896	1.0856989533593302	1.1045574826065392	1.0837523153927306	1.0609211076839653	1.044791784966672	1.0382727099747884	1.147957588876839	1.1268899525121407	1.0762079354289764	1.080251448200986
BGene_0013	1.6216508223816162	1.5484829746628	1.5270952449286916	1.55552140678711	1.6153323774220347	1.528776316432302	1.584022080240139	1.5105526814361614	1.583868023579226	1.6204021288599724	1.5677236891906936	1.5893038773288068	1.533596184618662	1.5544256631779303	1.4988442121685288	1.5425318906106538	1.7041118719242212	1.538522918511382	1.5535815747328408	1.6807114625998996	1.6758181428866024	1.6219684718480445	1.547125800844719	1.588539049515375	1.5442084801157017	1.554181180251532	1.633298021231839	1.5380204855181456	1.5868257870609477	1.5893193666438494	1.6805339115562359	1.5383637889682087	1.5309972097118298	1.536906691403938	1.6076451535208065	1.552781605427602	1.54101188186865	1.5457154017707093	1.5027248178244765	1.533779439920198	1.5174309961284007	1.541429962122424	1.6358809785644872	1.5290310142898078	1.5467408401246312	1.5624362790741635	1.5499393782433637	1.5945266298841474	1.5987634678007034	1.5293918277065048
BGene_0014	1.5291317992490407	1.4232695687054469	1.4518113754531543	1.4220113950133535	1.6227879270700796	1.4809797360026704	1.4312599401788246	1.4565645231779958	1.4199455783815627	1.4870045588965366	1.41087729674293	1.4591656726991613	1.4422272474231863	1.3620359051820583	1.4392270396197222	1.4432700102641116	1.6392548083830147	1.4636410022316175	1.455036485317952	1.6051518687514985	1.6360903411405983	1.5018924915648715	1.3724226626745617	1.4175217584762971	1.3886639727669092	1.4468321749774145	1.5187677532846469	1.4754817958273507	1.4687863450653782	1.4863084127631991	1.567461741288446	1.4941014788628966	1.4431424497525558	1.4020055299866778	1.524134090154391	1.4629743492869136	1.4502825815693106	1.4519476891494358	1.4557591304553081	1.4289465569566968	1.4805411042013377	1.4560164069422663	1.5041694806579318	1.445844589025135	1.4218972986058498	1.4439931813036975	1.4237340189623613	1.4430842506533597	1.5413854865274585	1.411322261593095
BGene_0015	2.8182526434579183	2.767109338835896	2.7840126656652284	2.7572804412239966	2.846330045620621	2.7897538646898585	2.7534470944137044	2.7610257426460616	2.748623511377063	2.8264103209242615	2.763874630835904	2.8335697707756005	2.794468273777293	2.771565036810742	2.7767352207245044	2.7658314048099486	2.904804839178738	2.768363962211662	2.777276960201234	2.880568543460044	2.859756955089426	2.856444265293443	2.7633879354271937	2.768161074103834	2.8117037915329623	2.7599507369027765	2.8203232731781274	2.784641906683761	2.8040150529341368	2.8308384334557726	2.859834387789985	2.810344351171839	2.7795381150109453	2.7931586264742214	2.876627843616653	2.7444891387782127	2.7545191695354894	2.798318649850795	2.73769491193695	2.757861439228821	2.787391666570702	2.777677613656821	2.8398500835516325	2.7778847411636365	2.8001837063590433	2.789220895161998	2.7456617440980797	2.7771232993812913	2.7866379849831118	2.752228217178263
BGene_0016	1.6412467322343633	1.4889873144118837	1.5340111396274279	1.4858324823546476	1.6570264507708679	1.4937529160141652	1.5694426525943563	1.5559144371765032	1.5528880956277689	1.584291557683	1.5364885890066773	1.5443566237995274	1.5359881728680949	1.4936313548514957	1.5205033496529814	1.5458262847822102	1.719450555768706	1.4972334183262919	1.5219920893856231	1.675611821569718	1.6446784492701514	1.6289026610192658	1.5356092377843766	1.5110486996156436	1.4985146040543638	1.5389210137666935	1.6172649164556743	1.505036956408717	1.4910382955291526	1.526593287641198	1.6838243484057933	1.5167510445669397	1.503400152448322	1.506087382932917	1.5778951595893524	1.5713701513648175	1.5207226535926637	1.4883555694686805	1.5335994363751304	1.4839144849800097	1.5411846532716587	1.5612814180748178	1.6132155222979636	1.4680380621755464	1.5214359669912576	1.49871173002561	1.4919617308783244	1.5311551578900233	1.6114936814044063	1.468532120842876
BGene_0017	2.041338928253981	2.049054290331794	1.988783606081808	1.9895238135176911	2.11937256312813	2.0247354316521062	2.009385045287393	1.9871757337038367	1.9712126343493224	2.0507757313436996	2.0283458759221373	2.014874759312161	2.0467757646282037	1.9939299705590219	2.0128176995616642	2.010574057191655	2.1450255759754597	1.9920912291277417	1.9919752291281325	2.116550934627531	2.126234848002935	2.0177622114455565	2.0104141359780225	2.0426852029530815	2.04295350792974	1.9785760448531542	2.0644047327938715	2.0588070700879237	2.031852673446944	2.032441441163833	2.0733648998729692	2.005277831009692	2.036475723132552	2.000008948397678	2.0777182693760388	2.000813093396914	2.0378837892059862	2.0061627873985515	1.9659238042118576	1.958875732164136	2.003103479120609	1.9824495182411745	2.1034930244326433	2.0292005066064354	2.030975746426056	2.023335791559499	2.0682966778566025	2.041090621892703	2.0919482795810804	2.0074881759610634
BGene_0018	1.0422474826283443	0.9391312448452669	0.8969376044320352	0.9372437192789198	1.0745466486967492	0.9707554302095946	0.9541141292392776	0.9140312372153091	0.952479622817771	1.035522508135223	0.9159516513266787	0.9617361233037768	0.8974203801458441	0.9108107100745297	0.9499971553601587	0.9401662809668024	1.1616433642059303	0.900635985066145	0.9511338769939871	1.0987243470745967	1.0458624668919776	1.0460720776635344	0.9378411189769201	0.9533552816515499	0.9593327413136951	0.920058842249983	1.0590586704436944	0.9387985175193045	0.9339942838043033	0.9708356112086596	1.0573943169048805	0.8727440960917223	0.9640834834069859	0.9574610070975967	1.041445969842211	0.9824298241478017	0.922320362737659	0.9366243935295853	0.9402644171431402	0.9392935088846818	0.8777521260530529	0.9070608950192222	1.0301495836708707	0.9140863267844206	0.9717225108280855	0.9486435813673528	0.9558617213959967	0.9906982469580174	1.0322252658388453	0.9052790498958115
BGene_0019	1.0103940354993128	0.8947512416404035	0.8769302104695829	0.8407585501956665	1.0649008584907558	0.8851331188564251	0.825335392684974	0.8269864514469002	0.8551179004225733	0.9151070490747454	0.8280906472554388	0.8790038852400129	0.8685343040031903	0.828233549031602	0.8396447140493937	0.8335845936693392	1.1783838441889543	0.8285641646449634	0.8849994273925561	1.103510318166688	1.1334329055752475	0.952546926209993	0.8167836631231492	0.8625248201519644	0.8389837138659648	0.8002068566337429	1.015281195476935	0.8912254914648735	0.8022596960031918	0.8736467362114274	1.1312598035961874	0.8647205484421759	0.8006354020330203	0.8215377904802221	0.9974996825566678	0.8683608887102116	0.9011590695736799	0.8210672084488764	0.8468793614789684	0.8474676456603066	0.8559421191071371	0.8461644178399117	0.9647532808341214	0.8174810805514237	0.8727963725687482	0.8371021424727237	0.8443993956036864	0.9568634630348403	0.9917340036248081	0.8660072294681546
BGene_0020	1.5585958531420185	1.485712765302025	1.4175201554983736	1.4908177473224569	1.5760050484293957	1.483193913480299	1.522507935062313	1.488743392846673	1.466846694954687	1.5345981671692495	1.4663025403515475	1.5314526538737885	1.4660841837999725	1.4796655735775364	1.4993262422200373	1.4471977902373048	1.6967057991776744	1.4608302952136347	1.4923238154594949	1.5788902222803094	1.6131418850749366	1.6010814919531857	1.4574505597325673	1.5028457251644143	1.510813131879866	1.4694083501760524	1.5443757341928444	1.5209227148051734	1.4904868484756866	1.5150797723833183	1.5633338149600498	1.458172353977269	1.4406435748996695	1.5166375211144183	1.5810116886122467	1.5194205567800345	1.4863158082071333	1.5128221194818547	1.4404912280651054	1.520546209533606	1.5326763492177338	1.508504161110666	1.5817704164001798	1.4543211283431012	1.4763848698200916	1.5224420014805369	1.4877098282588714	1.496136286221797	1.5051564978091958	1.4152067885046138
BGene_0021	0.4938865763817118	0.5148086126545192	0.40886294326435063	0.4386641933821817	0.6369803842139119	0.5038288708458409	0.5018570003638673	0.44677800913447113	0.4822425156256686	0.5340463892111994	0.38434373797709365	0.5034543868670323	0.5108785007658562	0.4277900322810299	0.5299938889303185	0.5402753948673781	0.6680334879739832	0.5080512502262238	0.4307045334084854	0.6701196260272054	0.5865314945004564	0.5033228793086172	0.40477905594253405	0.4532032531565963	0.4556054930633597	0.47987156076478643	0.5602580486415363	0.5236275243215237	0.45543099615597427	0.49838052204488464	0.6070907289944549	0.4872904261845412	0.4696515245577609	0.4930979216647299	0.6208957155189639	0.49596479224387924	0.44793741351995187	0.5577886483522051	0.555637532824464	0.5134293139434497	0.47670093099336125	0.48614612576170113	0.5742434748797356	0.530716111978098	0.44046382504935855	0.5043091972778226	0.4329557078961445	0.4501156873934392	0.5901954861301085	0.4369122534354831
BGene_0022	2.645444945181773	2.652676603453158	2.670651307468132	2.6584366867613536	2.7048200811556047	2.702354436798925	2.6222303187694003	2.698308210016704	2.641296212245333	2.6707447839082143	2.632539443954207	2.689893090606423	2.6377686004428407	2.668023235418223	2.639073264210639	2.6414001955421336	2.7441495396974167	2.617177288334779	2.663237448015702	2.680929459715184	2.7085830299298923	2.6777013461202377	2.641965779781125	2.6376684517715443	2.627438159480944	2.6371716269755345	2.6589963411655395	2.6489061005630314	2.675265452008762	2.678190769322824	2.7166735636891324	2.6231111849900075	2.612751777501864	2.601735331978279	2.690765750179379	2.659315641762508	2.643663906943452	2.6268853173288296	2.6710150595031514	2.6273984689446546	2.646322181652365	2.6017984137222427	2.648985995808337	2.6309737186130104	2.614125387562346	2.6461361905843406	2.628141924350824	2.6591673603248376	2.666831522932509	2.5787624301005048
BGene_0023	1.871405482872191	1.7692743746836874	1.7968777060053882	1.7224023746532704	1.9230178299478708	1.7919700575244333	1.8242390645447142	1.8067347859584746	1.7814585635175089	1.8306239309140715	1.789505311104003	1.8043367758591429	1.8096946770909423	1.7935295673172233	1.740519590561382	1.756503497369332	1.9714968105925723	1.8079720986165204	1.795442422020107	1.9454693196816306	1.8767805123088992	1.8572906942255012	1.7869968297256915	1.742474499297831	1.8180105575241945	1.779386595715903	1.8441950571923449	1.818816384019037	1.7550783677825665	1.7876297597432602	1.9305299539527503	1.800941869026837	1.7361767664945542	1.7975518381672642	1.8522672127974438	1.8131443294951837	1.7712513188199763	1.8251711826955797	1.8055095745572098	1.7861390704211602	1.7878813631217474	1.7681875634108057	1.8560694752726423	1.7543358819998616	1.7707767453068715	1.772059547213448	1.7700144729010356	1.8282435548564275	1.8451174307871736	1.7405604597415594
BGene_0024	2.687098728059206	2.6954448643192648	2.650629129960713	2.6617981410096614	2.693464197329585	2.6621853869859016	2.6717709249564416	2.6336214582889315	2.6767214891114937	2.6662689315888706	2.614476859697907	2.6803338841563944	2.672849920016678	2.646624076040998	2.672532861170096	2.663340640207975	2.7353759296383546	2.6750124858773385	2.681995452987539	2.6824853208282797	2.7117200061470625	2.734416347780229	2.6674638218612583	2.662234754807788	2.703090958209187	2.673621767111603	2.683532779216404	2.671580172620999	2.6587199111465245	2.6714418447012287	2.7336221802369884	2.7087570922713957	2.6874374431013788	2.6619534856335125	2.7140505949705127	2.6329178119344236	2.6551276275809137	2.6811692070491717	2.6806650262071363	2.6682290900941505	2.6904533390758423	2.635514586615358	2.7211005676648137	2.6732880940080626	2.656552507997832	2.6794548408005827	2.668885388397049	2.693036772144371	2.746979762223314	2.65893199418527
BGene_0025	0.16235386961783055	0.29906236795625657	0.28163611564881924	0.2869945446649282	0.25431162467789953	0.28712077288578153	0.20060196131361033	0.22669568031382584	0.257436052916962	0.2927844343955622	0.24055068686186612	0.23568956153883397	0.22503374792730887	0.193746979392025	0.238931802249553	0.18478911078307653	0.27515441699411447	0.22232276279244093	0.23326763006164944	0.2752189654638989	0.2961158181091348	0.22007657396502558	0.21727038255010234	0.28896518405966565	0.20385614214423695	0.23042053857373743	0.31283708729965487	0.18781191579399123	0.21795884321562686	0.21877371747811986	0.2815998891668539	0.28927333411627004	0.26783614030050973	0.22668555694369333	0.29694810585165726	0.20500876410490498	0.25931180013188454	0.1717547738385779	0.17233216471996105	0.19667016863349823	0.30250955222591025	0.22393005811291017	0.23177520258099588	0.18245064728284988	0.23622570618821953	0.1525341179081671	0.15842110714662352	0.23581523994249678	0.19607193053667268	0.22606271581244217
BGene_0026	-0.7347818200324838	-0.45712299924751304	-0.36295641058741773	-0.5587976037680942	-0.8513264291097082	-0.5607788826286306	-0.8917306970296357	-0.6551821208656128	-0.5887406300246688	-0.20410276501821012	-0.5177640598153335	-0.4188520970630105	-0.6240855901226742	-0.37373092774289074	-0.3821529493068763	-0.5644650320713852	-0.6197291913730838	-0.639083146567391	-0.38443385640147676	-0.7778253949851093	-0.529181211827189	-0.5889533362490333	-0.09202589025287705	-0.23113882504484118	-0.21897344105595995	-0.7823125876052471	-0.4751997047855449	-0.603879109189777	-0.5558915075372137	-0.5942312859038549	-0.5951081325823098	-0.5734586454712824	-0.47992936969933314	-0.20311529363527728	-0.4930630212007646	-0.49474935059827446	-0.49302675436512433	-0.5162959426553682	-0.8593235113362163	-0.5890878248877803	-0.3830971373124695	-0.5193505444642134	-0.6894099257831268	-0.6010255935730923	-0.5780490866291784	-0.6061302437282188	-0.7102785204396681	-0.3989360039240071	-0.6566431280941789	-0.4804622129502543
BGene_0027	2.327315800764704	2.3356579535714896	2.412306781409869	2.377784367218404	2.3504149725154067	2.3908422595943106	2.366527023824595	2.3569694218495996	2.3419664201399213	2.4755179966147915	2.3900396226610536	2.4131753517323005	2.405401475485239	2.411967270313177	2.415641773230091	2.3883605295415387	2.348555514249902	2.3136488187104893	2.3564042113083468	2.363089065736172	2.3444425146523904	2.336522797490153	2.4452885992395768	2.4196579837918697	2.453255080143463	2.2958217127325815	2.36791470174382	2.373901735881305	2.371521810712512	2.37274454049548	2.3273141118559075	2.36377492824934	2.389471767210073	2.4333171109111773	2.3640182391880855	2.3998958068794556	2.38683851281872	2.353758273456211	2.3391762650274597	2.383791294468092	2.4198212538198676	2.336889371479804	2.405158052832908	2.3503853980435405	2.385744668472454	2.3122346688186672	2.3429483057967864	2.38859799161303	2.3570467195884417	2.4044940666036605
BGene_0028	1.6978134741406479	1.6302348703689369	1.644365078317393	1.6109677179386208	1.5808924329138125	1.7444763387407243	1.6079618778221243	1.6000079649754777	1.5669156896440914	2.029797325910275	1.6307346464645822	1.7601799078167493	1.6138862252136004	1.75885288413831	1.7317641707545963	1.7775321993553432	1.6861750701950264	1.667262752581657	1.7686105579725393	1.5781955127889462	1.7153930299235902	1.6540619852964553	1.969903079692153	1.881108326443462	1.8817545041770605	1.6362617723480282	1.6810013273445776	1.6094194614830393	1.7181544075981898	1.6495014043369398	1.6271578587812154	1.6207435435815591	1.7377270138869685	1.8442553795819228	1.6326284800624467	1.6743118482888246	1.7429899856006916	1.5364343473501425	1.6356879351053246	1.6831545467000253	1.753362513745995	1.6327635908258855	1.7906755425154155	1.652769658883953	1.6799347404765401	1.5523411425332627	1.6250282469184107	1.7617241055629136	1.6467674272287876	1.7444184421017142
BGene_0029	1.827852794360384	1.8262221480531156	1.7029311175135928	1.7701162003947675	1.7194735957302343	1.8453293612662771	1.7463231984027812	1.7880554609418648	1.734657076920828	2.051353912599691	1.7625003605113643	1.8338713168355019	1.7947306924086148	1.9115033871373457	1.8866200139139302	1.8971834692348117	1.7550807759789906	1.7425303022921492	1.8704198829542409	1.7090116683533236	1.779562468559964	1.828174112655386	2.0489910393743416	1.9686942180225973	1.9667661553226374	1.7548310726040215	1.7848475115704814	1.7187570319352374	1.7689392109643276	1.7705062244803853	1.7472141526577418	1.7323929703481158	1.799340722622654	1.9416869419032683	1.801135666862992	1.7324966695487252	1.7815038670740664	1.745331805618544	1.7331776122533935	1.8205259248315246	1.8458049797123153	1.7545502009390994	1.8112196779631824	1.772753884286489	1.8364533860645071	1.7374816700756361	1.727425060227826	1.8994485599260067	1.7747726975116078	1.8736559289358141
BGene_0030	0.7248144375791431	0.6565125487013816	0.5733440810201819	0.6879255614036198	0.7038705490218218	0.7380156959875303	0.6310729594052137	0.7045135416073628	0.6734831170837666	0.8404134175472346	0.6606312540836533	0.6976655573729235	0.6667111898433522	0.6919395786481269	0.6811889679761443	0.7224007104022838	0.7148510553116175	0.6740129644560483	0.7208581636994055	0.6790498876920605	0.7217036962168358	0.7495370165654818	0.7795474538721608	0.7201278975987407	0.7781899764821457	0.6877023631016234	0.6671082649664694	0.7045493923704966	0.7042525734848749	0.7739036961796025	0.6963788226943352	0.6319464630797641	0.713967100805643	0.7203901069945767	0.6729769739388989	0.6868508251751964	0.6960267780473982	0.6732723877449591	0.607870023061136	0.6744669688036096	0.7067588096758078	0.7198985070595151	0.7034408665502199	0.7131143853474782	0.698102343082519	0.6944393548213631	0.6508451489759224	0.7332603599868823	0.7177939029299408	0.6803159190671163
BGene_0031	-1.3696568332127343	-1.481830619289785	-1.700453823512207	-1.3484437593263259	-1.4654918776072587	-1.2179009458312449	-1.6324757317185261	-1.577820479590291	-1.6738879228216261	-0.7795703521937334	-1.3819703653061959	-1.3224738127912428	-1.3572422298054643	-1.3015148331200521	-1.3284034532139746	-1.2587941785916439	-1.5469857774012938	-1.7092028679282278	-1.2025606996614335	-1.7503496213338319	-1.5432887554299455	-1.4694833098751239	-0.6517649103279628	-0.8658577366099764	-0.8999925155752336	-1.4700616054045137	-1.2666148537205955	-1.5274686070251455	-1.3992271712807807	-1.4055541727946017	-1.6901520174768918	-1.6067691220564744	-1.1833194893193406	-0.9338750065259884	-1.3560005195192595	-1.3802917314781342	-1.324574506364878	-1.85364407326298	-1.4830677596410546	-1.3053904699559964	-1.2265117234891516	-1.3917250796528502	-1.3048633321221157	-1.361362135312837	-1.2592403151565805	-1.755639986145675	-1.4422397502749864	-1.1471442056790127	-1.2738152301330432	-1.0940460847190094
BGene_0032	1.258805876076325	1.2970091142667377	1.3246533013507011	1.2507069074142054	1.257696648271101	1.4052808691135448	1.2910504997032881	1.2829919588325036	1.261850092595397	1.3998696934357604	1.3195928146235636	1.3609682432249468	1.256868285093296	1.3142563628702966	1.3210137062955514	1.3895539810787494	1.312264998716933	1.2623850388669682	1.284281416391271	1.2976566021767901	1.3094795816423732	1.3072439215690892	1.4400505865926836	1.377117348604074	1.3754707185741744	1.2779984278176935	1.2841205461356624	1.2619512518698266	1.3239425535067733	1.295012281661793	1.254479346710659	1.2854704691113183	1.3300261967387301	1.3564600091220935	1.289154910434405	1.2874717651931176	1.2898463032075884	1.2237252573240132	1.257830295556078	1.3219916296109955	1.3278212546537933	1.2974837273143995	1.3577455482035725	1.308233379697288	1.3669139358186666	1.2023131447125364	1.245535339049434	1.3836532820542577	1.2112166016394799	1.3561157403185569
BGene_0033	0.006342573564115452	0.025437438787867313	-0.005733859510973967	-0.02495974660186958	-0.1050259379430433	0.256094184736689	-0.03735069872601933	0.033012339093996444	0.029376077022084404	0.814824729485252	0.0778401515701927	0.21720240026056956	0.008107512663038618	0.2972912772476861	0.2553253524869313	0.4447420101957337	-0.00634602445080096	0.0247933033292499	0.351286506013825	-0.03564267818719258	0.04650178621411577	0.1298644282603727	0.8741963883016125	0.6194626889600068	0.7047899742151191	-0.08218195678097885	0.12803287824646767	-0.14510132097820333	0.18098284502965237	0.06583997493333846	-0.012071332770951883	-0.17612070885675962	0.2625268478041759	0.526452100632012	-0.0033356303311312067	0.03291360651988038	0.24578686372475284	-0.2093284598563976	0.0531925704917834	0.15177804191650965	0.230382659338184	0.020148483404343425	0.37178033592997656	0.06809147903459761	0.1948645206193097	-0.12478350388561257	-0.13220711032826157	0.40506927312359003	0.05160943772075057	0.25526474597818555
BGene_0034	2.630329385821429	2.6736678431001537	2.64981100149793	2.6557408520803465	2.623879173180997	2.683394878978359	2.637269366164976	2.6540063573243478	2.626089151455378	2.774427122310777	2.655951819210544	2.689292687746207	2.653968996149383	2.6745322020147753	2.6858995095556737	2.6819937211147082	2.6544116549501173	2.690665486080899	2.683468922917568	2.6472946928378414	2.6593335978417367	2.683437808869182	2.7429408346890978	2.721336249070103	2.765657033777826	2.6366781688676584	2.6571000135762097	2.682543729304822	2.689479567589444	2.667377641214037	2.6115136387038294	2.657105388951298	2.6862400335398124	2.710158217913305	2.643572743818429	2.631708118020248	2.6316017902042743	2.6551652450563257	2.6581363982418185	2.6907742942645987	2.6967544743260605	2.650245223229965	2.6782771665021206	2.6782393040996144	2.7104286423559056	2.679148829715406	2.6399057707560956	2.6957482481996267	2.701589056654569	2.711011512421437
BGene_0035	0.38028712574922796	0.3402820289107584	0.21909435446711029	0.3311426528400062	0.311869491891919	0.4665236456015396	0.3320214029438717	0.31692753102560045	0.22503272427957038	0.7586653044375986	0.4600946519533088	0.47093905296559785	0.42653820141037546	0.5330567523406026	0.537609689179782	0.4876262006031728	0.28430215590745966	0.3697453907098532	0.5191769383500356	0.2660030277664228	0.39545645874255253	0.40897088625263495	0.8311083123985635	0.6635964463094438	0.7207106676136702	0.23816073037534555	0.37569539542970837	0.30799334733411676	0.45169767720375864	0.34343292685396326	0.32825906052410847	0.28829852229696495	0.5111706219798857	0.5966107674157228	0.283837021026192	0.30656362999604664	0.4161096887577069	0.2111850736278197	0.2928517039569845	0.4329995305909253	0.4666235553331447	0.3710211438709627	0.4831095271566082	0.4015829977599754	0.4376433187648976	0.22246523986403252	0.3769855394061989	0.5199619576083284	0.3546887056525578	0.5321217941128682
BGene_0036	2.185349648003651	2.187406668647083	2.206882410949958	2.1848590125325082	2.2050138651253475	2.2071635070580697	2.098355094554089	2.214510596580541	2.1532044028074098	2.2651765167066906	2.193413052009363	2.2257396214763903	2.1644542461518377	2.223579436257485	2.2367159030904813	2.217689823937632	2.208653198925257	2.1787067394683985	2.1819512516051125	2.142665960521543	2.154371785166077	2.1769640134220096	2.2779801068053818	2.270314439243619	2.2805529160988938	2.141494404215129	2.194683610683859	2.1850836964537645	2.191150674210475	2.18391498210505	2.1028668368359558	2.157040266710373	2.211392243514831	2.2231886776501564	2.199839418860552	2.217825745770672	2.179496655731734	2.1892400283532485	2.1496659025337648	2.1944799919346956	2.179014077944682	2.1916636108900347	2.2040903184261094	2.1884632248206426	2.2002609007883875	2.16332291009465	2.1660962046128143	2.2045345091135937	2.194555353001999	2.2051091764707453
BGene_0037	1.5724976394139911	1.583466223069525	1.6017477736507888	1.5658850783362728	1.5491326846519078	1.5878324826499342	1.5401480007357373	1.5400573660651768	1.5683376018723176	1.6872306564901076	1.5814594910319246	1.6114598415476857	1.5797797004921743	1.6081806082983168	1.6200581052102092	1.6413888577954563	1.566930235228817	1.5883985816675097	1.6010492918446884	1.5198304510378335	1.558691405876532	1.5755147317432399	1.7575076887561938	1.6461549380259104	1.718111441463065	1.5346829474419457	1.529817576032431	1.5673124459462855	1.5905975512026191	1.5521593668342368	1.5342346726159803	1.5281927342218093	1.5676226384626017	1.6391757821427033	1.5982615514991925	1.5234200824123016	1.5673999619198202	1.5702857805013788	1.5587432361406428	1.5894959681619019	1.5774498435960285	1.5094443553949712	1.6060798165689574	1.53944261064049	1.5966429557280604	1.5919999033337808	1.5225513637533847	1.6114259413241232	1.5490305430412843	1.6263192461624467
BGene_0038	3.414862350128299	3.379884834358266	3.416188835382061	3.402969262473054	3.3646074411119584	3.3659467003500687	3.3577567537173993	3.383265580539627	3.3665888340916954	3.4443186058039093	3.4123389685097747	3.3709061689123554	3.418399526164061	3.454047140087187	3.437711861134977	3.391372488315815	3.3932305076336835	3.3741817941849797	3.403399970770957	3.399536709203783	3.400501561160607	3.388267959502967	3.4444467011965227	3.404561405250449	3.4511097507257484	3.3367464421989	3.4151286912117302	3.392885986342546	3.4060006842489963	3.3697998389162414	3.3837167097089553	3.3875808830959393	3.445826567734619	3.4301444546396795	3.379392214291721	3.388404875722167	3.426769242895197	3.3952655097032656	3.394380372820636	3.4177409035605417	3.406891382704965	3.3863058474333316	3.413003929280918	3.387789725028413	3.381484023363847	3.3940361287026817	3.410252044959863	3.4121750403964666	3.386298329513713	3.431084827796109
BGene_0039	1.9909670757008011	2.003060451127618	2.0686948556668527	1.9834349285823047	1.9286795197280253	2.0458565492860776	1.9832840720159624	1.9744186300508617	2.032697328538576	2.125263903741338	2.0391820967629743	2.0293240021402177	1.978802716014326	2.0316303655844026	2.0223490830839332	2.072104929118612	1.955901391242824	1.9954541079005474	2.067334911418068	1.9866990894206638	1.9744398887835495	1.9892484875411682	2.1694759546521762	2.111959681584871	2.081172375201439	2.01568553383441	1.9981006647581014	1.962118010199132	2.023425311112234	1.9640071758469282	2.0047516369637566	1.9497614764411115	2.02651741237079	2.0916611191965933	2.034576434273409	2.042387167808122	1.9818374110414743	2.026082185835707	2.0367936907768103	2.0097679580033017	2.0264228109736435	2.007557969924913	2.0216111592962203	1.9992591311190093	2.010524561132732	1.9972882991500231	1.981020018035935	2.0643687959611037	1.9968018892892125	2.056685193641404
BGene_0040	2.0380986286311535	2.0197553611981536	2.0694571633739773	2.0543274252029415	2.0170066513625984	2.09771248250714	2.0307874347100596	2.021229653705233	2.0358618114368614	2.150472491979003	1.993613223405558	2.105886112792587	2.0553383081461063	2.121446362771008	2.1449525633047517	2.126756305257552	2.023319485958124	2.0617467933382225	2.1073716901380974	2.0699537380252853	2.055519315751843	2.0503958988923445	2.204342171325794	2.1487283301213793	2.1187378046474694	2.0532329402607297	2.02728032773863	2.0186687013955824	2.0835850620430922	2.047159613578704	2.0216181947792995	2.030423684169538	2.0193380666831353	2.085412618153742	2.0608387517963878	1.9714582985978426	2.0520423641151426	2.1022870832052925	1.9988220961492016	2.0586731414510826	2.081506474909749	2.044535398406191	2.0617535529877538	2.0723128832980584	2.1031425472713288	2.0647534060601385	2.0481319248344465	2.171335593959856	2.0276701697908193	2.1011409026727232
BGene_0041	2.8513286809081047	2.8559477597632124	2.8838793650462993	2.8540199336691208	2.8900143901915154	2.8575164476671344	2.882563889213879	2.8699201197086444	2.882902723273141	2.980636546747513	2.8789690473624043	2.9004620928930787	2.893084944724016	2.9022895293659046	2.892762434196529	2.881872157065686	2.906924095007519	2.8537400276676377	2.898037636140504	2.894262708093199	2.877337578211446	2.8957830605709693	2.961101794961841	2.882020342450757	2.905271303126594	2.8708432523849035	2.8439521523961715	2.891525159925833	2.879754971798543	2.9078600345225962	2.841751775074331	2.8991055775796615	2.900706072312817	2.919079924081418	2.898943021572982	2.8855980972368727	2.842252371420849	2.842811059326892	2.920031412493828	2.87491622481742	2.898503498134018	2.8175456181054503	2.8805659573896323	2.9054063735311395	2.897332654851171	2.867293824504204	2.8459597582063547	2.9328057829487255	2.890666692730981	2.8939900709595117
BGene_0042	3.129508209838144	3.1755149759952195	3.1622391390383546	3.1387001498301212	3.1783306503000515	3.1838179545050616	3.1538074054579956	3.202019246315524	3.156850638344689	3.2268638268384358	3.1393661582495693	3.2121627094896925	3.1783537183801207	3.1955424953841227	3.1869508487374	3.2041133152721497	3.1481738350595405	3.1606692115505663	3.185748504075536	3.1773183686346433	3.160746511870544	3.1628851411309795	3.2456303503947317	3.2200346175134094	3.1956990383001105	3.1857438576871417	3.142030428407279	3.173277864836044	3.192202524703902	3.1811247889197656	3.1478045756780992	3.1451953880202836	3.1475467731253253	3.1890630580229837	3.140703764777448	3.1973625259248375	3.1858035321318803	3.165228345447823	3.2128144485135297	3.1536876785365453	3.174299902793991	3.155761263314565	3.157474667531687	3.1644388087639475	3.16328793304607	3.1906516123546926	3.1760655336512524	3.1703523103082163	3.1933795046823206	3.178664380179333
BGene_0043	0.10863605578135391	0.022724759816864462	-0.06504461525152772	0.15337665086487964	0.040319117822126216	0.4162494480052894	0.03237522908667295	0.08787992931585402	0.07440435702126155	0.820902262372298	0.1648742696473824	0.299316447124159	0.17686257922783544	0.3376369441318577	0.41283792809832276	0.3682315741622982	0.21423279011370377	0.1634626091507395	0.42976436584035815	0.003906684866917835	0.07353189005632875	0.13414834218971397	0.828077232033277	0.5989711420970378	0.5982996242904594	0.06928892679494005	0.1916580636833159	0.12274705407085068	0.21797963888297345	0.230223248634507	0.020989514393411127	0.09942452579249259	0.28928419735226063	0.5254234299037664	0.09138059497689174	0.22940694982483603	0.28524027010497044	0.005837859701951301	0.0548268012527299	0.2315802396842413	0.28393813699755277	0.1186754587083794	0.3439345688358756	0.14653074512558537	0.2975809447497404	0.03586487117659854	0.01854997611242223	0.39451154905964086	0.1588612670504164	0.379688351329346
BGene_0044	0.5025503456301798	0.5039624146865467	0.5070721643719509	0.49283599323128147	0.38167584365052987	0.5616734617922708	0.3661940710317733	0.4861859875568687	0.40836494678396285	0.7349618262994967	0.5797639615616806	0.5251634744373831	0.5344620478690447	0.5342802481091182	0.6295359670411279	0.629202332760404	0.4902835232836019	0.45623735164663065	0.642537522839547	0.44814944632620224	0.5297512011534453	0.5344609076353334	0.7822337067412704	0.7337781790326134	0.6926458455195227	0.4124986366909244	0.516834682697207	0.4528116901367828	0.5866420016917735	0.4894365117363878	0.43960477782394314	0.48045534182344923	0.5066227151879557	0.6219606169143672	0.5011304664347738	0.48551315789232385	0.49704870521396644	0.4132755972279941	0.3973402683452104	0.5107039315971011	0.563777979163607	0.4955957632187302	0.5698883487543415	0.4433041179213227	0.4710083642879477	0.39038374169822	0.42916368011020634	0.5964473949030006	0.4692400965186698	0.6117376135809003
BGene_0045	1.5092492631171763	1.4335514839733934	1.5004013730512242	1.5012070992783386	1.3962986145786598	1.5548473373837852	1.424531540911103	1.416180858079151	1.4380816202844102	1.7657284949846104	1.5153634686672974	1.5541937168966249	1.450971156418544	1.6137325187728508	1.5665042722471567	1.6016463649231087	1.4557680304766984	1.4345382589301343	1.60593539941455	1.449355015284432	1.4156392040756105	1.4381167499755374	1.8175817967196217	1.7042523208912979	1.6859960355570822	1.4176541761198198	1.4459617621269911	1.3793244303843026	1.5553582216248156	1.4546080351457045	1.3947007244262355	1.422877614420645	1.508586066357683	1.6905863794202909	1.4800932533630142	1.4546364584914184	1.4636049991112734	1.4421621041802335	1.482334901242207	1.528244030511718	1.5175092315375194	1.407565179708139	1.5710890676369123	1.4439118707935112	1.5465737357733245	1.424696319108508	1.4252077683242017	1.5787777392164808	1.5158663080496169	1.5887422036602399
BGene_0046	0.3137874431259197	0.303930354832726	0.2789154684373313	0.2838391864285862	0.1845703484848491	0.3409864652447471	0.25677389475667284	0.32760848784921504	0.36578211419957907	0.6317707116607535	0.2934425329231335	0.38555209304042537	0.236598788770401	0.5252360757428735	0.3977009465594654	0.47379627338627484	0.3601153782243864	0.31505512107066763	0.48920636938678513	0.3311836083443265	0.32877185430801503	0.3409548333518258	0.6998203695066658	0.4520517616868436	0.49426797436465664	0.272151563858534	0.28191638727662216	0.27640069943430273	0.3948752986955253	0.3039496436137743	0.22398387118579013	0.22423803662347344	0.40800306206416725	0.4595395810056194	0.25153202551349096	0.2264860994430005	0.34480620896888253	0.29920128746276514	0.26315812174694275	0.32358467275111547	0.3360411662392405	0.23759902754089818	0.40925688290050427	0.3562096786522242	0.36707641447863737	0.3173698624650654	0.33021028598337393	0.483113627114375	0.29777231632107204	0.432355232098555
BGene_0047	2.0371361943877053	2.035142555530595	1.9894574905234437	2.0355733257413684	2.038416406781627	2.0502055072253147	2.004191252057183	2.0443020236226	2.0263620382559173	2.1296530300476424	2.0775108789191035	2.0580855877759427	2.0498370772928096	2.013442681019289	2.0418778464365666	2.030118477048189	2.0141408531208156	2.0282402706945857	2.066180771074247	1.9998968305111233	2.013606670497806	2.0635261860259555	2.1019049865985835	2.090229643395494	2.086798059117682	2.043521431817628	2.0291133176700784	2.042456361564688	2.03747925674852	2.025474909394819	1.9988757232817105	2.0302526083054833	2.0212804569276965	2.0788426258889254	2.017209595525512	2.0028694019803845	2.073881658160105	1.9768617697002857	2.0674122365092384	2.0419713898853358	2.085623921916742	2.0128632067788996	2.0912401767102202	2.0333922725254134	2.069909437881722	1.9807129600955695	1.97985815770018	2.0259336742173453	2.0306067724958847	2.053640112568339
BGene_0048	0.8387451536736629	0.8551352104325158	0.7997911609111172	0.8667903409670966	0.9125410355351886	0.9532537006655263	0.886008368719599	0.8636764667129565	0.894109848605084	0.9398726300569443	0.8455194913858828	0.8713826178143503	0.8523529222978545	0.8726997148134883	0.8879714316252034	0.8950487172925382	0.9027776035950662	0.95718361671455	0.9051582168317552	0.9077104686095842	0.8928567269571591	0.8524180901028408	0.8785953783375144	0.8951636752149649	0.8102805201469717	0.919154546604607	0.8700605102261189	0.9195923736914539	0.8367961354028457	0.9422166363777847	0.8845624817444516	0.8757367022825241	0.9004194847813825	0.8541347245864842	0.9249113076086649	0.9174863346725073	0.9208721595655119	0.9023393467146053	0.8679191744462866	0.8731082182686615	0.9165405811503342	0.9242463272995254	0.8686410485854681	0.9134831104931675	0.9150899413506159	0.889168416512985	0.8538303805935545	0.8612024496586549	0.8874995656106124	0.8789984704656166
BGene_0049	1.7425810382397127	1.6981831057393237	1.7429047994295264	1.692433268997372	1.6431833742722264	1.7209619244769774	1.680959962600002	1.7094436544632592	1.673459532811527	1.9662995605316906	1.7304099138033888	1.7301978287769244	1.63572626977033	1.8138077516160673	1.8199588345943083	1.7803193004668059	1.6153882927311454	1.7017873247694009	1.842205614094683	1.6573119451499299	1.6831128076307038	1.701329325502641	1.9952430842515654	1.8390517142360754	1.9046744561098727	1.6806080091389062	1.6700260290772961	1.639818721413369	1.7803636442477624	1.7062134206991275	1.675155080010767	1.6376047822281425	1.7361773953453017	1.8111127643665859	1.6491568653232036	1.710887742896751	1.7357063655280536	1.6592905706911703	1.6836913443671575	1.7097378548734374	1.7364709523765927	1.6631179549593373	1.7792795456695403	1.7144760450252299	1.7537780908513807	1.6702715355440056	1.696274284209728	1.7856076451932115	1.7591921905898928	1.7555427900936023
BGene_0050	0.5663240946021121	0.5031649075546891	0.6791456360153807	0.5792421081639773	0.5366725730257345	0.7191991395976379	0.572757744038117	0.5231549528267563	0.538234112874462	1.0032460149491396	0.6404658957337819	0.6987491341358635	0.5124128045330287	0.7486449563619879	0.727649065358168	0.7392464591158302	0.592160495628426	0.6529614358606121	0.7556446356940587	0.5609510224991343	0.547505211582711	0.5907921413154639	1.057397592508009	0.9163070349938987	0.9628656715456982	0.5089453168299961	0.6545802497724896	0.5248239716538698	0.6410756826864866	0.599805468208132	0.5727632284839442	0.5136589002271423	0.7306725021431941	0.8455252996420527	0.5523774702758367	0.6290159466777132	0.5797404288375133	0.49119984548108375	0.6128198700821226	0.6008248763697008	0.676509559861987	0.5212227082805744	0.7412066509729827	0.6524313050389345	0.7171415339620268	0.5125053340305195	0.595353190762576	0.7486348320685892	0.6178226918955291	0.744513018188641
BGene_0051	2.2987905286805814	2.3441149087842725	2.3045774401952976	2.306335144508065	2.31610566201042	2.3307349269620996	2.4410082175544208	2.4250854708867733	2.3974326792714935	2.2338419605257975	2.2829140133297607	2.2913938658982937	2.335202788692801	2.3469367847074936	2.287005326811854	2.489811565709244	2.2997851582017517	2.433798376630058	2.2782920197947116	2.4193812617986437	2.2938806557589224	2.336010499955633	2.355691246943536	2.2993098703998003	2.244990847054458	2.479938636041409	2.2567265539638606	2.302877026326267	2.3382029632103665	2.329848748724756	2.3488997945837062	2.272998574180249	2.338174571478708	2.2789565760767205	2.2618434350132315	2.3317408398762383	2.3056382244284275	2.3453924886998414	2.4828543906323053	2.3054706960216014	2.32895014542133	2.2948251824999506	2.4649249754778246	2.368589945793779	2.286907757008205	2.3609866004781215	2.3683470361624424	2.3657214900434513	2.2790446233050403	2.3081535902908734
BGene_0052	0.3046214187532691	0.4463172832688975	0.4470779799714721	0.28991381437584957	0.34153243730536786	0.3767023738692554	0.7736953312522443	0.523951523419742	0.6362714174558944	0.303577187754153	0.3358109808900863	0.39863765217076363	0.4098199371620501	0.4142564332976806	0.26316461206585307	0.8565935074569407	0.35649771957730414	0.6830770692939084	0.20755440929555646	0.7315823554845424	0.2622408834315973	0.20721712317211458	0.48253850397757164	0.2830890779953267	0.34248950853665105	0.8503661837969323	0.2709648672677606	0.30862296156803526	0.2947083160928275	0.3517347702481102	0.2845761386069676	0.36809100582862175	0.3560256363257335	0.37669408617367955	0.3331791587539559	0.39033222152702285	0.37135352440729047	0.4539325999590614	0.9195794281519879	0.4148440053495577	0.3988634560894412	0.26088951979134595	0.7917625956701986	0.3732781581531684	0.2989457138393797	0.44790100958120754	0.5238292621382109	0.37279404681424677	0.3941581870711596	0.3717560303974652
BGene_0053	2.0950663113184746	2.184892909011644	2.236533461647753	2.1618066702592444	2.1351840219075777	2.1763846784568073	2.2048440673212384	2.171427527353283	2.219158265351268	2.148810803240095	2.1494587938905587	2.142587465853722	2.1432951649773315	2.150205340411911	2.1282340133328814	2.251973652119797	2.1461491503772523	2.140362293169808	2.1211579557908737	2.2046124942759104	2.125846249704405	2.084718440695164	2.15878461857223	2.1552286868084596	2.1565898259428895	2.2477710934298565	2.1263944069237866	2.154575493600687	2.106794815601991	2.1650804744930365	2.1277541134796483	2.136682141094988	2.1075506807111757	2.133233866071097	2.100127539843631	2.13761064183895	2.1274871215139997	2.156329884686166	2.260517214695401	2.1213578670113504	2.114955476605827	2.129048740704202	2.234219291690335	2.147851475953257	2.1213238659924607	2.1547476648963064	2.1648899426106136	2.1374993303836933	2.1560239316159637	2.1743849431982945
BGene_0054	1.9457522354866454	1.9903423052837286	2.0068643538336053	1.9653631933489817	2.0278502946366324	1.983876071915533	2.02780329692373	1.9926688496213867	2.0308262316675654	1.962408077288207	1.9474748198568745	1.8985112461627134	1.9708867849637388	1.9320333126203353	1.9149546862911349	2.0519751813528457	1.9760053243225302	2.000215268517178	1.9616646794793882	2.0501588168740112	1.9812320944493402	1.918677495945549	1.9287660519124017	1.9089266834058656	1.960843399846575	2.098346662296094	1.9763433659498129	1.9795027986312506	1.9910757568065338	1.9800280383192614	1.9576060044749275	1.9714588940558089	1.9641695205255405	1.943489594704375	1.9851724424424333	1.946478917306045	1.9566847786654078	1.9085052009551058	2.0877296950044086	1.9931655988675345	1.956219759555876	1.9433740204712668	2.027937628259345	1.9713324637663647	1.9552962792584259	1.9399139415579598	1.968640654677434	1.9620207242266259	1.966449404187077	1.8946626468061356
BGene_0055	-1.0068539921017234	-0.31468178908896866	-0.2876966885528454	-0.6299525301625067	-0.55100753124781	-0.6387129999275186	0.34700846220498466	-0.12148879641978264	0.09424644429441785	-0.734631340555828	-0.6886503551938504	-0.7648872753523294	-0.4783253254617765	-0.44298740410965987	-0.8655644733382174	0.4538743661979614	-0.484032080664407	0.12325640106838592	-0.8671067657994392	0.2628487405057816	-0.8016052974373179	-0.8172061365289319	-0.35677901750695973	-0.7444344656014478	-0.7918721185721677	0.520592651497279	-0.745326058198419	-0.8665059684715823	-0.6670808283690229	-0.5313746002581221	-0.5705660520887662	-0.6211931386768181	-0.6444355350580704	-0.6585627099733528	-0.724097031302142	-0.3290488075759741	-0.6215874127315982	-0.8026663356283504	0.6278218641187381	-0.5053832663260499	-0.4248144847281221	-0.6702991099558523	0.3552630136938119	-0.5643755589805972	-0.8536811177926943	-0.4950491356669661	-0.14814145751400493	-0.5615388453581736	-0.6593648180602679	-0.5861054406108227
BGene_0056	1.0106970694553714	1.046548169412531	1.0003163225668112	1.0480051005356983	1.0400933269134651	1.0199160336155249	1.2261983155588239	1.1191196465607691	1.1259538327421728	0.9654459680718299	0.9691039764114154	0.9677115371995136	1.0308196196058994	1.0251012306471885	0.9869442257988948	1.2290863986925442	1.024067233221967	1.197886441759285	0.9570686828549873	1.1831303301702927	1.0019270829634273	0.9621542842448751	1.0522683455132849	0.9909352586381373	0.9911449689141423	1.236528285737002	0.9909422752623677	0.953161132473713	1.0329157663940973	1.0290829496478195	0.9989196907581677	1.015961213618455	1.0777263854757513	0.9651966749076278	1.0119215616020065	1.0416716356426565	1.0107079279328357	1.0920694123845756	1.3081228639324431	0.9829960825167007	1.0581122417992777	1.0020389263020892	1.1852907218146904	1.0298104491762805	0.9458063115242376	1.0545270349023057	1.054803091391823	0.9919757040884859	1.065656761087974	0.9903510319659182
BGene_0057	-0.23410968021717174	0.046491367441564575	0.10986490853735277	-0.23946159480498114	-0.18299972615732202	-0.1388801642459082	0.5244429368759045	0.21741444831243734	0.3281814351775682	-0.18980065206252603	-0.18212813211100537	-0.08780304278158417	-0.008853756593269936	-0.0193738482825868	-0.23235132859092053	0.6771079862673173	-0.1867067288906764	0.4181770483699444	-0.2355729202894534	0.44114866192378266	-0.34089523871777766	-0.21633670553550602	0.13625586181630212	-0.2691923998061731	-0.13353689618819867	0.5574129300513778	-0.41316262650797836	-0.34684752683811604	-0.15429114221308954	-0.1547063695002932	-0.18773387045254838	-0.254579567691443	-0.1855712624573441	-0.21928208099366894	-0.26460751807107985	-0.1715317423396761	-0.25046781112675526	-0.09721808793951532	0.818177208208457	-0.009123775436808385	-0.04167998510578636	-0.3286657480003374	0.5027923194013127	-0.09001336616920197	-0.28248596469812093	-0.04075469918296014	0.13464050973449676	-0.08318276859625803	-0.12643955899088818	-0.08632020950547956
BGene_0058	0.906881736043065	0.8537536186388393	0.9220623211092286	0.8840801973993421	0.9538746833712002	0.8989680433461977	0.9776770990387156	0.9519152272435935	0.9401843395334434	0.9577755914480817	0.9161629086553753	0.9210953108717681	0.8640789204020403	0.8622926731293974	0.8786052003621037	1.073091519176148	0.9174445054080561	0.9399197772419261	0.8457865501478149	1.0221909290077253	0.9278591898926983	0.8932242918262553	0.9700973312137177	0.8964486025877938	0.9635672082636503	1.0141864220065597	0.9685056483582446	0.9232758377321061	0.9413152650976739	0.9359988701592115	0.8735799622476187	0.9091842147500947	0.9394322767807693	0.8962808147275865	0.883123517387573	0.9508357770201084	0.9136451231524653	0.8737475955527148	1.0537250003286383	0.8722671633095207	0.9576921099351847	0.9096959703869258	1.0262091285252397	0.9601121633183322	0.9030040053797219	0.8579427159879306	0.9452732528050752	0.9109264687226457	0.9332841977762543	0.8765601920279753
BGene_0059	-1.5111464784569653	-1.0808144449234125	-1.1390389117103439	-1.511233468562558	-1.499463319586493	-1.4902797363681657	-0.2511851029022002	-0.8623965336349777	-0.5147462737596219	-1.7107220655001567	-1.4566886604574807	-1.8130373069281231	-1.2110734212410526	-1.0929822924329724	-1.6791905188283631	-0.2479053845887536	-1.7243813169837732	-0.5242570623703192	-1.6655111571596584	-0.4754311930441983	-1.6879716226415278	-1.9621550978541327	-1.0816610703648162	-1.8498532931256395	-1.64976449533568	-0.29358133288460875	-1.7660396268053054	-1.7807896600165527	-1.633715137461957	-1.50283278381215	-1.4266521689359783	-1.6799306710451478	-1.3079215191476419	-1.8233387356000077	-1.759276865372672	-1.4568853824218082	-1.403296747432435	-1.409067883002086	0.03364506465138533	-1.0836240625813929	-1.4667062240595858	-1.830449337730148	-0.32018000838804206	-1.287447203026161	-1.542328870078276	-1.2091206588950467	-1.123979003683604	-1.5649783165121594	-1.4316716953795887	-1.3322491485820558
BGene_0060	0.2686367685478291	0.36197557245285994	0.45113447560012654	0.253864801070005	0.21891053713437242	0.2686653870491955	0.6755709120882312	0.4531659097454082	0.5655924852179274	0.3227896864658718	0.36874517443691707	0.31604896794394516	0.4153063382238751	0.429755576804811	0.21479631560432508	0.7545182283766212	0.382182156483047	0.6073404376355671	0.2763634152760477	0.5946900227201978	0.2437200895183873	0.23450633088320472	0.39563283647255815	0.31610242684149087	0.3199620161679503	0.7089917821931481	0.21949631386833188	0.2217366144618194	0.2981557835549231	0.29467028557841923	0.31668606565220697	0.28241475045408415	0.34604495765408066	0.2948007309687004	0.261441165205229	0.30727705805104105	0.31524475422342124	0.3520363915462898	0.8358517769834652	0.4281213100677376	0.2967548858422058	0.19920483343272796	0.7099730850503052	0.24540839772099815	0.28000270924187054	0.427807871417104	0.41001826555464166	0.3609717002347081	0.3412101339651149	0.3489297653095416
BGene_0061	0.2501088232940517	0.570459997764443	0.5204542004398903	0.47828771372876816	0.40941336992358385	0.5123747116840526	0.9866130633118594	0.6911598057155749	0.8010980828443954	0.45089043729165607	0.37611053852571746	0.3944498616799008	0.5084913311451326	0.5584135513607024	0.40281515483792746	0.9928578685768212	0.5667357258455977	0.8011443170665085	0.3942796624569623	0.8460560832990803	0.3821423086986891	0.3608812090574762	0.5495284814675545	0.33499697672885936	0.2820767388608161	1.0592168704231413	0.3658220262896249	0.3555839388929703	0.4720929433624041	0.4611609332374198	0.466461860735126	0.5204414270104093	0.4408933017423316	0.28602753109988505	0.34783264722245993	0.5066746136230333	0.45614838964092735	0.3878468154217831	1.0423989378574805	0.5238672662337168	0.5481057710388959	0.4059950244554295	0.931509217539136	0.4181857851612761	0.4246809709102121	0.48420567889491906	0.6377976627990732	0.4961102426007219	0.365202053005553	0.44923372820544777
BGene_0062	2.300089419776353	2.3863843288156206	2.3706146429367045	2.3088919543740567	2.3018080554082627	2.353254806392387	2.4076249937532337	2.374900033036877	2.396032433227755	2.351947333184091	2.3320239418724817	2.331321344114605	2.323519675078287	2.3781038713143055	2.296577746817987	2.3876426369554085	2.359760560966432	2.3308707290578465	2.2708545977109393	2.3561119723183666	2.329327167706497	2.2767401148180513	2.316389377196787	2.3081785827675687	2.3039505098403787	2.402109795818379	2.276672066079625	2.28194444918455	2.3059498597759136	2.3358775914659367	2.352171081724844	2.353549371575819	2.3098596913488265	2.301018648029485	2.2963217983019084	2.3298358245049244	2.3206183373447167	2.3100188323767465	2.399201641915264	2.316917619617402	2.313475017674674	2.3096624691224332	2.34582004718415	2.339056680006981	2.317427970800554	2.273064197139217	2.3260472081388412	2.3043751441418623	2.2915841237372967	2.296374908149216
BGene_0063	0.42671122256626726	0.5020942999381477	0.4054004313008242	0.3888159694430388	0.3893826959107369	0.28590283376420855	0.6540455800053094	0.560468603212032	0.624608345386792	0.33458263480880057	0.47382719004138546	0.33443853745361884	0.4276702458277164	0.43536075934931234	0.3143667717303869	0.6580952144156094	0.3584609194546071	0.6083500100396715	0.41949203964078574	0.5930129371524401	0.425331649940566	0.42860484619607686	0.48386869684215134	0.360268556022643	0.3258007952216601	0.6766748344810004	0.3404209619207918	0.30891705901428673	0.4288142719158863	0.44427824425586737	0.4063617429397269	0.29879228699422633	0.37742244625728283	0.4004797782347191	0.3368129900112595	0.41029118160030753	0.437468958063553	0.3854002245308739	0.6904028841243143	0.41489646554041126	0.427402533613202	0.3752915448398018	0.5953487228132045	0.4634469004523924	0.28992649558866695	0.5094806975350981	0.4720914349125348	0.3783090155172898	0.39499686747657325	0.40333359532074464
BGene_0064	1.4854116948158436	1.5850851890131432	1.5789456738583412	1.5332583720080313	1.5204983989048464	1.4858937568069808	1.7902734209146525	1.6486484503884957	1.6949982962735408	1.4687178305129849	1.4794333912835085	1.4937697094530107	1.5271044989155527	1.5728161887568755	1.458648118315046	1.811167154516713	1.526278780595062	1.7453335893291757	1.4385525751211141	1.7844985851866213	1.5085609995761495	1.4897641421649013	1.5332158905426347	1.476964539133423	1.4933386870010317	1.782729015688054	1.4963135913222367	1.4791515884006403	1.4754015474882252	1.5074167927133384	1.545605029750091	1.5302233327909764	1.533628610641193	1.5007915364871567	1.4566661818304962	1.5347574228568388	1.485340686251711	1.521611770864203	1.8626676172732612	1.592050585433151	1.5546154336863267	1.515914015937163	1.7657817187192362	1.573421596097012	1.4476221690912692	1.5824298382585487	1.613964202540607	1.5290350197208518	1.512944180372326	1.5087045043057747
BGene_0065	2.18165486010234	2.245848921807508	2.182595231014045	2.1972827700337656	2.1503648897403242	2.151761602764332	2.2644005441028323	2.272896484124325	2.286536315947445	2.1320751034865744	2.128215675613434	2.1080377164812925	2.1710193009466536	2.205311038946814	2.15388576768028	2.3492962350520585	2.167040093233017	2.2900938803761988	2.1376743481714806	2.2664033744721053	2.1608531816278256	2.1562188847453063	2.184657812055805	2.170695720231628	2.159885991663944	2.364406285819095	2.167717850353648	2.156545405840115	2.1875631738513284	2.2254062256004747	2.1946038158462278	2.1404236599263133	2.1588230211805968	2.1625585794650104	2.1141915828375257	2.198579526861131	2.224002364309022	2.147211377385626	2.365294952126713	2.1527356060801317	2.221079640417369	2.1486022777648763	2.3017656299374942	2.17664888534047	2.1754623777501685	2.1782660482282687	2.227511112998599	2.1514383214043336	2.129265833473172	2.1560276128951865
BGene_0066	1.259983455522539	1.3138987206968036	1.2488224093692442	1.2616497252483299	1.2412018169792314	1.1854561451678283	1.3539173809256158	1.3062737991323112	1.384094921083405	1.202347209665313	1.2355899560401225	1.1869559493000315	1.205002322049552	1.2912205575436995	1.210468666157479	1.3986131371237538	1.2220552612541518	1.3613323724917994	1.2167702556050963	1.3890176029923573	1.2288584577257158	1.2077445851691	1.2544629205471864	1.1784808192830125	1.2399011172108545	1.4483602801824877	1.1959836576935692	1.2012505407116667	1.308196703197745	1.2676190722765879	1.2292363569105238	1.250363947783608	1.2330717506979971	1.2136278828507874	1.260035854526124	1.2452406102729192	1.1929004845556344	1.2755935734898816	1.463070894835144	1.2812585132875451	1.1990979999238505	1.1888737198822332	1.3942363357643115	1.2628731383446927	1.2480850140863988	1.3360194119262867	1.314662821460224	1.1921526704618282	1.2507128803829535	1.2460542376758825
BGene_0067	2.3964408504756283	2.4510359618322997	2.4843621923308516	2.3764208422360804	2.446867254434843	2.4540330755899427	2.5347025239808443	2.4842922140593813	2.5587266306577683	2.409457665280675	2.3874970450529927	2.351440969313387	2.389896215118503	2.4395318000828117	2.3482315744859728	2.6412651112180705	2.4159954191697257	2.5358854519353713	2.394953561099666	2.56526315368994	2.420862731375571	2.3750267925438586	2.453929972299659	2.411981298458405	2.385190374609174	2.638226154335149	2.366791077522331	2.4025614738194467	2.448570248655091	2.390871634807589	2.3621627505758767	2.447902313755855	2.4214526078076424	2.4255724004793398	2.42139421742948	2.4554296067900423	2.3762748402705722	2.4493080373896765	2.6489624119939523	2.458287910815875	2.4504209883987333	2.4126923391925192	2.5918307050885816	2.4032660672211175	2.392750345081027	2.4358677807231848	2.4874485394254244	2.400676891865892	2.3842893111651313	2.3963865555216164
BGene_0068	1.222355477690614	1.3440655765431808	1.343170257840096	1.24865430783141	1.284840048703201	1.244879598154721	1.5337844655418824	1.446675683986754	1.4861960214767769	1.2816490236745108	1.2569541913678421	1.1941271562656528	1.2384627881492507	1.300446378956659	1.2117275799062537	1.6540650026569623	1.2618404333981588	1.5247432621560126	1.183421788051717	1.5497171769430238	1.2318628644572451	1.1951392622358552	1.3095322090851833	1.1887492884075705	1.1758398898909324	1.6607636971169	1.2316283561919659	1.1805075670145222	1.285911647349388	1.3132101864158847	1.289236942233092	1.2828236855375694	1.2781935615720457	1.2525409667854412	1.1823030696711128	1.279666001862429	1.1983032901037487	1.273528875604111	1.698440562507877	1.275718946909823	1.302591810646053	1.216784504364886	1.512188099648156	1.3166421577395935	1.1944535898367974	1.3082895027475672	1.3486938409149745	1.2546323639958812	1.2780607982062748	1.2629887398976682
BGene_0069	2.229798162842467	2.3601043631303695	2.3132714190606616	2.2527074854123126	2.2838571247517585	2.278415711554232	2.3762447508268294	2.3393340003666796	2.3781325898717154	2.2355655468990117	2.2186918873349577	2.267892313388416	2.288375080989786	2.319691981198855	2.2292536099882394	2.39824523887351	2.243463719163934	2.3636153161039735	2.2211625498974747	2.416542098875379	2.2214162192273337	2.2327764340265235	2.3231128096220757	2.218394179270543	2.2690225533763586	2.4458420115024633	2.211977448948082	2.204391466506733	2.2980836829151725	2.28497766773335	2.2334244496005144	2.2441193196608675	2.262281416790297	2.253023493771387	2.240028675781948	2.248241738535374	2.2443934323847463	2.2577306700271587	2.4530677477568266	2.2212891391323897	2.2726351522040127	2.2611045769942018	2.4123935183113367	2.279308428114938	2.265342519709724	2.2666079016042917	2.315880605007355	2.239612860182419	2.274921871921068	2.25600092522291
BGene_0070	1.9055164385684396	1.980517909059696	1.9716872457772157	1.9852772358148514	1.9311781317376617	1.965164172814145	2.0393699260130473	1.9737577561856416	2.0555160978831033	1.962829303568722	1.962607335902147	1.9542331626487812	1.974072805911658	1.9418141038588834	1.9596748903252055	2.146624540650657	1.9750182479783789	2.0595804969280183	1.954840992208235	2.054738056917193	1.9470415455196397	1.9873544367087748	1.9816095968486886	1.9273621065028899	1.922192580939834	2.0773257756842667	1.944760019211981	1.964481960716386	1.972373720405787	1.9623241423632936	1.9519347635882975	1.9374469416586235	1.9965802786955997	1.974853883469024	1.9279941756919263	2.0188170528237266	1.9598029385679403	1.9571796561547017	2.081932183267897	1.9317782373391397	1.9646066626828147	2.0142001570847463	2.050675586711319	1.966149758117871	1.9146110805921892	1.967333135680302	1.9948311986360374	1.985658363052486	1.9391713043789822	1.9209019822542688
BGene_0071	2.9292437240823896	2.933241695010504	2.9466337948788444	2.91726379323028	2.998798017814575	2.912920569960778	3.0091359779858595	2.9488041072806297	2.977612463873183	2.9250330981271384	2.9709015879515017	2.945682771769564	2.982470330045897	2.9608332675572666	2.969974959747793	3.0150242095902025	2.94328489635879	2.9797635719651634	2.9474529503388065	2.971802748610415	2.9796015932215507	2.9247198297351127	2.9652335717395495	2.9716876424785625	2.9420620857877364	3.000676520274081	2.9402189205450635	2.9676087828174724	2.915411776022719	2.9621303177738887	2.93341944715848	2.9495776522833026	2.93733336743072	2.9877485126395236	2.91290532917707	2.999895982356001	2.9908242299605554	2.9617173762822593	2.9763506871975256	2.923062946230767	2.9448801754156277	2.937512880284526	3.015791468166092	2.987543889097712	2.980832670562817	2.99415967847757	2.9665106178862057	2.931251707694846	2.9646553607756356	2.9405104787307415
BGene_0072	0.42569517986568634	0.6043495182044732	0.5425389118730995	0.5034900569460764	0.4680087589824086	0.47566448282080664	0.7479220749932561	0.6397976328415328	0.6685417587721034	0.48941117723235783	0.5118895529440446	0.401200542422093	0.5622973039258289	0.5481451855727815	0.4845513708969875	0.732916372912218	0.474391601306503	0.6642737098214185	0.48820211267473584	0.6139396437628136	0.49852186974012874	0.5164082996614356	0.5031560024634063	0.43097642261141766	0.4357517606943492	0.7589984990209816	0.42904275831270494	0.505339275837241	0.5096162015923168	0.5958465334489209	0.5282628521248975	0.424193131573263	0.4703386313784235	0.45299504685313335	0.47761850024058433	0.4510736830854582	0.5014388447529725	0.5268483844930678	0.8235328895502166	0.5440841971442248	0.521167336253559	0.479002620630725	0.7454865075242916	0.5190201052829276	0.4171501928359714	0.5662615747024912	0.5599028803441543	0.48065788723435426	0.45708172666970137	0.4334398056914304
BGene_0073	2.4406464783550677	2.424129596678874	2.4237837556325403	2.4197715689773145	2.437471425313038	2.4228837729226034	2.4787767865491626	2.395875840338288	2.417958717177062	2.4145039358447162	2.394686993895085	2.3768058649120736	2.458310471731263	2.4342107209363326	2.3740057227021105	2.4439499402622	2.458623880717933	2.4527731496765406	2.400615224765638	2.4417336893568375	2.378515681518125	2.388458525360762	2.397358658136655	2.3950177388211498	2.3917628017045107	2.473956990166419	2.4001913828754353	2.356737501311367	2.3730436933325447	2.404126386160423	2.4007567077559977	2.4297844436037366	2.424886594092051	2.398779344529264	2.3845732664937676	2.458694276307507	2.426654533737114	2.432693001010932	2.442135063237396	2.413330838473394	2.420734183659146	2.3961548114991076	2.4179769108846787	2.381087724411716	2.4212556008541726	2.4097056210284706	2.4506669376703822	2.4335927672363002	2.4590117382495316	2.396155440494272
BGene_0074	1.3987944487006652	1.4718569537224646	1.4892871461429573	1.488539470707674	1.3556837876175536	1.4422585914002966	1.7490197482718777	1.5975872300446654	1.6517738121714112	1.4448826972110804	1.4126822514484336	1.4280717356744874	1.438086698333726	1.5308761173947774	1.4206436896596972	1.7448924188984625	1.4546297768866232	1.657885562719783	1.405217456771224	1.66346016398788	1.4091890943757512	1.4408107873846556	1.5304705541464874	1.4001795607321907	1.3884536906585838	1.7833071547661792	1.4111347250151707	1.3591456209807964	1.442690316641096	1.4215170043177512	1.4493626017082184	1.4224296719311795	1.4365137502982834	1.451091642775705	1.3898124268935605	1.4797594718907028	1.4362944425337272	1.4404622623450718	1.845276137388836	1.4443730273064377	1.4684597245181916	1.4736149971794557	1.7168117314670974	1.4323851362581939	1.4122721883771054	1.4679427205065096	1.550361151303245	1.477823647394188	1.4459962840191023	1.4318869628235742
BGene_0075	2.1704775239387226	2.2374383967756564	2.235232380327159	2.191874602640324	2.167907809252321	2.19531100170935	2.359278422238271	2.2574741838023393	2.3164800890273463	2.1649000547323975	2.2474880758156304	2.236810541687416	2.1824422668138936	2.2328470261391486	2.1775150731087876	2.375167742383051	2.266340848305347	2.3451823783172663	2.2051103398923866	2.345689139125152	2.1907280425761853	2.118129619621335	2.255893946639005	2.1957012202591972	2.1656040802070446	2.3533750325939073	2.168919826296365	2.2000584457018415	2.168230959059299	2.1924357323402814	2.226783925952581	2.1864691019823814	2.1763939074250236	2.173079433187921	2.1461912833211483	2.2171162083151157	2.1969961068637054	2.2103791642351074	2.4308911507226547	2.1954290682923245	2.272129248876947	2.167078865421754	2.386499467664919	2.200318658960244	2.1597937725202097	2.2455682707811966	2.237659163295207	2.145029487176881	2.2040412928769366	2.169275586600273
BGene_0076	-2.656010608234005	-2.1401997503218615	-2.1661805804024605	-2.116871966756429	-2.2828627243097745	-2.3946498132108154	-2.0723987757029825	-2.2646319355561446	-1.7545353135032273	-1.9650831897865584	-2.0314251595740833	-2.39991799852361	-1.9950552103056671	-1.3702869142990337	-1.607115932320252	-2.1575418208420265	-2.1167022275773766	-1.300738696329369	-1.9198020457406921	-1.6154780125400476	-2.2623354057793033	-1.9227134776822357	-1.9160629210998803	-1.8189281063571732	-1.9321253405160461	-2.257284860256997	-2.4569561152144854	-1.8618487176318559	-1.9953730548456974	-1.4209600332062122	-2.5396014263407647	-2.1430698729592472	-1.4806494972405633	-2.5914848762710796	-1.9289975631245413	-2.15997762372138	-2.2099474841878766	-1.2533211906253714	-1.8737021171306334	-2.2488423912985924	-1.8557775087409174	-1.9258075699890562	-1.8380903857283923	-1.6629516111337015	-1.8123307889418931	-0.9909608696410437	-2.2560280252999205	-2.415492262495656	-1.9946003732370179	-2.3960247945801987
BGene_0077	0.9703303458974366	1.0174610273004197	0.979054469087951	1.0757425501422515	1.1309896756295008	0.9574323089167004	0.973169371570925	1.0306030868884473	1.1019566491001374	1.1106657283607848	1.042501727118367	1.0201739034841286	1.0707615635968135	1.2274735280816471	1.1469797355928992	0.9500437498880235	1.1769057001972494	1.260539317812926	1.1060960717540016	1.274411647474171	1.0203860201883814	1.1327375203079326	0.9101178956098867	1.1060530638180128	1.0754587407785834	0.9618101189093508	1.0747907578561142	1.213226663088056	1.0937869952684756	1.284405628763309	1.0090890986753094	1.0696181006188366	1.1660632672048217	0.9916344521298031	1.157927775459155	1.1457453611557005	0.9756592696092904	1.309805781926964	1.0372547135009247	0.9831089611197423	1.0566720122261903	1.1529415758663557	1.0636423029296977	1.1692398429483548	1.1606919819597952	1.4997494226930341	1.0146115985937953	0.9711138595989371	1.1157031619624935	0.9626484186474124
BGene_0078	0.38727862607982105	0.2187974918716074	0.30195822888051016	0.47246432105228686	0.5179002811038457	0.3582789151181112	0.32163600059131886	0.315903160541663	0.5270081970113294	0.5522014597184165	0.30946036870319443	0.34232391344775726	0.3641082442109014	0.6830919534375812	0.7117953484284459	0.29497819021847527	0.5036645417768357	0.8264958463096141	0.5775670157895032	0.6622260673913211	0.355989923086943	0.5978642022329074	0.49938673575855724	0.5089202311291211	0.4189642894164493	0.2721488697562714	0.41079391698104056	0.6051631538889044	0.4480751957747764	0.7817982305519712	0.3249199724210445	0.38945665949479596	0.6732717413848777	0.29926307019540477	0.4815676661480057	0.45769030075786465	0.24831731600725057	0.8690875844247035	0.3870982645066783	0.30314845000557206	0.41753624846425336	0.5018075222562103	0.3904455878241699	0.6599415042322182	0.5722754191893105	0.9884960524953563	0.3360379146678244	0.3082958207158868	0.6166223051242138	0.35406253326920406
BGene_0079	0.8595194207560604	0.7549729265193755	0.8213218222487165	0.8673330443335286	0.9168922538761236	0.8824733156440207	0.8059899159488255	0.8122932002351193	0.8826778932950375	0.9363828306919176	0.8279276712305128	0.8668195788206592	0.8000293280874754	1.0027472816023772	0.9758072263715238	0.7933411419940354	0.8448604025662877	1.0007070525447013	0.9259861554208566	0.936776924849425	0.7625791101298152	0.9270432805258094	0.8570591352757753	0.9238380015179164	0.8694869721501141	0.7792743766095052	0.9012618908157575	0.9481970364785115	0.9228333989926031	1.013746515902722	0.7864703814436798	0.8938070614666294	1.00985037188904	0.7981134660445784	0.8775957711230227	0.9393823683870465	0.7957856736097677	1.0809348580609714	0.8756588075362471	0.7984152497727925	0.8681417289877807	0.8602961957481721	0.8565831758402747	0.9823318892425063	0.9507406095045456	1.1223724392225856	0.8291775286322204	0.8244199019814358	0.9302029231177119	0.8011982288811911
BGene_0080	-0.10223133254864658	-0.22067860531642972	-0.12574296577771651	-0.10329992417592311	-0.03988760628201789	-0.48466733062879414	-0.20013793628717796	-0.268808223952303	0.12168397851266739	-0.14359954710279407	-0.255598600888403	-0.29313947478982777	-0.03852112397131482	0.2634606022503938	0.26077758711061483	-0.3127060459711409	0.03561525564936161	0.5055478949107606	0.07971302370896863	0.33847553531536584	-0.1960823761103062	0.11669058583431435	-0.30214112875488364	-0.10693319952116634	-0.295290308534153	-0.32687133112870753	-0.1808943328911967	0.16986070953536908	-0.024969013619366053	0.3706773555023663	-0.17949606194871273	-0.10059988182711493	0.26580196911600307	-0.4435969730561616	-0.0014128182224856804	-0.029840649472236094	-0.29632900529429534	0.5703756538225911	-0.0504996617915124	-0.3492652297596344	-0.047711008540260766	0.022880749026759982	-0.18598149702903588	0.23451434240746577	0.019780282969034887	0.8389582491209412	-0.1927392430147912	-0.3207457123992924	0.12711138481354392	-0.34414423661755417
BGene_0081	-0.6249929029997069	-0.5501661972266434	-0.3604154313738985	-0.6010963892411078	-0.41454930857562117	-0.6673760859621123	-0.6661908432192831	-0.5638632958707753	-0.2755605932933555	-0.46642248609132486	-0.647424344576073	-0.4949602773991126	-0.543271040363444	-0.1754411284549014	-0.37085314920320095	-0.49223313165370813	-0.3760285183140023	-0.14223309458067754	-0.3935334681887688	-0.21520592141063957	-0.5850945779788916	-0.3227399271737607	-0.6392775316919695	-0.5370700820001021	-0.503066404878726	-0.650789566991315	-0.5845930464935054	-0.3122502967115091	-0.46649946187151825	-0.14921883807082742	-0.6407745730170336	-0.5105034402471194	-0.2509389652107224	-0.7714449131270349	-0.49890226989761866	-0.5317828049165431	-0.6068980145668986	-0.046608156290525636	-0.47366050898133116	-0.6863671984586103	-0.5941378398933841	-0.47426376721500024	-0.5732165688233998	-0.3336137347636067	-0.2870785846515345	0.2132349587941159	-0.6622310943182845	-0.5363850690896784	-0.4140010598397249	-0.637292747165812
BGene_0082	2.0945797825169463	2.0883012369717666	2.0470425736439637	2.111938683069447	2.153090453717307	2.070260399394755	2.0691731623730276	2.094444678714874	2.1412210744570146	2.0958559748275296	2.0818149894300326	2.0456573841746266	2.100693739089357	2.134831966063687	2.167350864084116	2.0544292508587274	2.082223883325897	2.155164552958061	2.0989488934564173	2.1759523166892736	2.101104269213489	2.077569627462169	2.0654171476577767	2.1149661773211186	2.068401729979598	2.1209545335777213	2.0969292808994053	2.1492164866640695	2.1012571528770416	2.136019875658891	2.051182558346439	2.0910294501895574	2.1042303456777036	2.0533416659409265	2.153834570342742	2.1151154362834497	2.082886901140267	2.1427603557598047	2.0880653917355434	2.0583514241855205	2.0825124284151917	2.1202441881484453	2.107047044314011	2.0580044843563363	2.1427719893733492	2.146029788102614	2.1388275606919174	2.1351148336766737	2.115368605474434	2.128000496434095
BGene_0083	2.2931546741362734	2.2903232590260396	2.254380162850506	2.309261970355789	2.3384637117833824	2.3070497564348442	2.3122912687346355	2.288788398040597	2.3132265022333183	2.297112294600492	2.2953669902594367	2.2551296539355903	2.3165245851237852	2.3033510063624	2.2855092076884698	2.2822815694544665	2.3115146931443737	2.32609940380733	2.3330941869690345	2.303136618616637	2.275230424959094	2.2872909286931615	2.2873306574955983	2.3191790657579703	2.277888076448736	2.332673060325083	2.2958027749928127	2.3107203818151585	2.3168724954703936	2.336059133197096	2.2888715684589758	2.326862302300818	2.3194654032787296	2.2926856677613556	2.2880481948933444	2.3377443900967427	2.2917574878825757	2.357498006657491	2.327106675244073	2.3059248750944676	2.290225892262831	2.327964807465487	2.3251847065153264	2.308925035122591	2.2876105458543017	2.3327899124888063	2.301054728879438	2.3265799756070473	2.3013281178445757	2.2966248396049966
BGene_0084	1.3295797307144082	1.295518230644829	1.3207933226356492	1.322473606267199	1.3905121286965363	1.2742406040617762	1.3035797386631447	1.3053378732032692	1.4090144752904112	1.358584172112137	1.2354491672822283	1.2852215240463898	1.3634808701562415	1.4919104242463168	1.5125615292694443	1.2613190449445957	1.4336747440682909	1.5947550781100586	1.4307510244049635	1.5333422700995187	1.295994255751191	1.4601588085353796	1.2845383646823767	1.3661364693639377	1.3319631988816134	1.244192736996003	1.311617199860424	1.514612899529497	1.3940766882084448	1.5681871963246239	1.2973832967483852	1.3414312533307569	1.5294394293974523	1.2198836089859943	1.406649571931899	1.387566521200521	1.1964237555776616	1.7332194851722782	1.3526611574897502	1.2352073060849005	1.3571485532673813	1.4083071533078102	1.351113048811567	1.4613046781978714	1.4478705090533361	1.8106895304683672	1.313750898959702	1.253113822857328	1.464527486300686	1.2558463621562368
BGene_0085	2.0402330076462127	1.9836841192415786	1.9811013683233787	2.046131385938514	2.053014140550986	2.001418335906438	1.9744100346585802	1.9632551602286832	2.041968259598224	1.9615242482255328	2.024183928704297	1.9929748392699917	1.9846864198831573	2.085360474292279	2.0808505477067802	1.983393803805363	2.032032813560125	2.0670483498291623	2.0106796383423156	2.059511564073059	2.012454348754475	2.0568669885621484	2.023258080305877	2.005326957378426	2.0014742236927203	1.9600051773521259	1.993202131557961	2.05279271271838	1.9734350417101107	2.0514337846626804	1.99059780810618	1.9893413848058783	2.0835084611369536	1.9727278436585003	2.0604692409473087	1.9978638779630202	2.007948379307763	2.166943162705424	2.005656065097337	2.010368355439311	1.992388348935045	2.0472475293411874	2.034204825108804	2.0532212234019047	2.060437835873654	2.181843767466586	1.9394785924464235	1.9856248105331187	2.0709156133928808	1.959203114115482
BGene_0086	2.1467718173046872	2.1118410195692703	2.136372101421425	2.1725521373482635	2.147363106407721	2.1625452666284217	2.126822121126096	2.13850110055523	2.1500263672199367	2.152953969087529	2.1157673165804476	2.139853195287591	2.100484799574942	2.1822826268584543	2.2349400911126134	2.114061268431306	2.160556133759222	2.1641818058212228	2.1583822650043536	2.1918120348348697	2.153586702520746	2.1583217019443093	2.128501310988037	2.151389568902976	2.0986010434954	2.141775196383014	2.161893667645074	2.1593148249801026	2.1498938704510495	2.2131956342992174	2.130437720900565	2.152225764790702	2.182461507114253	2.1335948577195176	2.1654627516326808	2.1578682808481577	2.1708811728718	2.2240998048425658	2.145204698030264	2.14225129524257	2.1344057031828103	2.145438967309422	2.1224245682244365	2.147481913900999	2.138886623823413	2.231004806044086	2.144262382317096	2.1241065021712426	2.1823364947814574	2.1529896762785894
BGene_0087	1.0082173524431401	0.9062983873163266	0.9285354209978403	1.0006593017516232	1.154659081286647	0.933955106733831	1.0262071028084883	0.9172159058823532	1.122714389181946	1.1073305438693102	0.8878553355575012	0.8776409181272031	1.0321551300253158	1.2161318807750054	1.1814993963457234	0.9341124682142017	1.0813799005560711	1.3555353223434694	1.0644920117256491	1.2392734303527753	0.9085211345337835	1.1369101355446423	0.9409767401917836	1.0474016271379536	0.9212913742395177	0.9739510097041522	0.987938604738902	1.1955585911480475	1.0281051249865762	1.3461852727676307	1.003554799164757	1.0479626533945774	1.2335976850734238	0.848285409595778	1.0425128784768507	1.0918325059629248	0.87048620904981	1.415943370240226	1.0622876666910428	0.9091843061523199	0.9483155377841359	1.1662516196947186	1.0834303541309038	1.216009567654637	1.0929161628949917	1.5585548924207615	0.9897631622092257	0.8659369202072777	1.187436535262404	0.8508648735620598
BGene_0088	-0.705380135005835	-0.6480814064487425	-0.652144533671804	-0.8127325015712343	-0.5450300525125192	-0.9850645545953294	-0.8471168655300034	-0.8892533724675366	-0.6084297501933658	-0.7249483416158877	-0.7248740252320404	-0.9323524557778862	-0.6762870222935441	-0.674571359840594	-0.5703219060920341	-0.8763883380765392	-0.7634361169652608	-0.5752277849486078	-0.6135709051748884	-0.6015292671900138	-0.6317648162549796	-0.7318371043629953	-0.6970377125733236	-0.72242580739342	-0.8840633720382975	-0.9371713549043681	-0.7594106786544876	-0.7287241568725411	-0.7112617058737514	-0.4929147224997678	-0.6594973846812234	-0.7467743555309919	-0.5845986892251909	-0.9778445229354876	-0.6665341049364447	-0.797825326189969	-0.7452189365337156	-0.6936828324195933	-0.7803992533545047	-0.8631916595504708	-0.6787785687385512	-0.7683703054771616	-0.8580005443941907	-0.628448555012477	-0.6702332679032619	-0.48568468045745933	-0.939754718516362	-0.7939998835829647	-0.662829292230498	-0.7952439504962193
BGene_0089	1.4126580953573	1.4105943429228482	1.384044595148147	1.4805090266751764	1.5481410439300765	1.4737236856659002	1.453069313874529	1.4594523303732334	1.5113786699360872	1.5103844847370127	1.447128765304192	1.470754991073622	1.493097248691863	1.567218707368032	1.5613688158990124	1.4720809197910665	1.5310441575150602	1.6119016921726121	1.5043702814956312	1.5876938235879536	1.4131223970309994	1.4873714187843758	1.4593093407075421	1.5085455540538932	1.4846769520771947	1.4144717940376343	1.4878093002138217	1.5806336105798238	1.4962290781612715	1.619116579776515	1.4457016969689456	1.479232609167484	1.5606637242583132	1.4344559525212202	1.4939886067718118	1.5044682320507266	1.4473994506032286	1.6612981918344292	1.5180813904155377	1.451017272910992	1.4130218278473763	1.5146675275529364	1.484737695157252	1.5697394978392472	1.53439459392072	1.7798131525751175	1.43018761794345	1.3972154918792346	1.5736881996303311	1.4440060863723687
BGene_0090	-1.0378554220528853	-1.1253898936140394	-1.3141557079296748	-1.0078245220613666	-1.1526733939875857	-1.5473688409283723	-1.5088708245153362	-1.323340328030424	-0.9872883336651775	-1.1497606798644917	-1.2102880506494067	-1.2997508327786877	-1.1824540572980193	-0.7254062617157315	-0.7723819968507546	-1.7669672471738165	-1.1089055208738567	-0.6576390537736004	-1.0264299463549773	-0.787205762521199	-1.086458079062916	-0.7304074112995288	-1.2828549367468733	-1.154586315838598	-1.0812199334450934	-1.591986367630529	-1.1029666825901756	-0.8509638819490101	-1.0096378506357095	-0.5349810095909117	-1.3050963982940367	-1.309932316947404	-0.6078631630847529	-1.4692430566488555	-0.7614728578297366	-1.1248563420440685	-1.3225236420251834	-0.3326263660426711	-1.261584179282563	-1.4411559304766264	-0.9118349854097313	-0.8838784607179464	-1.4296163276405598	-0.7757142605909089	-0.9109458583159363	-0.16952993111925016	-1.3965644924427514	-1.5077694851111487	-0.8530145227047159	-1.6321605015581833
BGene_0091	-0.34568586563081344	-0.36649475686838273	-0.4325078355859437	-0.2834068365993877	-0.23060142846857334	-0.3301724982525596	-0.3501561087064404	-0.3521324770222557	-0.2344769901365108	-0.10316721042624126	-0.4716824783302298	-0.26403661758502156	-0.3515039603954326	-0.06650606437670285	-0.22298192939588451	-0.32708554099325965	-0.06036466200848612	-0.08577915713336769	-0.20945085144467918	-0.15150138051338394	-0.32541067333276696	-0.052201161073197916	-0.4322717128348602	-0.21342891202643635	-0.23997092325683844	-0.377151622214661	-0.2729876535324281	-0.1459238400856169	-0.2946137911826492	0.02308911354297063	-0.3139169944214041	-0.3479712519559516	-0.17313458801138218	-0.28130668261933517	-0.23687395767861955	-0.21133350794796488	-0.37781172405302144	0.036414464302029353	-0.37708713520126075	-0.37549571758434286	-0.3513939762730255	-0.13481958108583877	-0.33260498764214785	-0.26582929837232233	-0.1608511878751774	0.15975503102158461	-0.4749516665391905	-0.3839839421748452	-0.18977693002891038	-0.375115516847305
BGene_0092	0.17836095842805744	0.16396716954224888	0.12379453676891204	0.33432845487347945	0.4430096630853545	0.20538460647180798	0.20965925720328568	0.20021611085798963	0.4045756528472245	0.30733614002416704	0.19502578488329825	0.17876043343860396	0.32249254597245336	0.5205114892534445	0.5094441296056033	0.18098017235821373	0.45516763937617566	0.6915702292255342	0.3597824055146383	0.5985742612163661	0.20732338292405086	0.3935196408364439	0.12269241828631978	0.3657699451973868	0.2173826525770948	0.14989515978157736	0.23631687309899038	0.4918846733185927	0.37280116476465364	0.6337420115819845	0.1954406888797991	0.35733262768359225	0.5119627649673253	0.12106657728991621	0.3417305658630037	0.4177419495764152	0.14710335043730138	0.802242842605367	0.30774305396080237	0.18939414354313924	0.21623542637804316	0.3903994759947238	0.2540454639467139	0.5129133401252303	0.3998587271628805	0.922554747237559	0.16106156584416498	0.13321498779786703	0.41287835659012545	0.15107492748762877
BGene_0093	0.09913080506807742	-0.1235758824304357	0.006008365572090091	0.036914273996987865	0.2838924817251583	-0.03820398130325264	-0.11825038500862788	-0.09387657292704664	0.29358236282385	0.20042508242965273	-0.060980539281578115	-0.07659992587778133	0.08268307052848624	0.4928440107199897	0.40838993918130106	-0.02608429782926312	0.248027801201155	0.6575582777273098	0.2951318785570729	0.4932321487194888	-0.07794161795874585	0.2598268458412366	0.0238719971308401	0.15325348816398154	-0.01562817913385623	-0.16172281114805076	-0.024307569561995476	0.3260332764135326	0.1431907105226904	0.5592568149152239	-0.06718057545236879	0.11259619952835791	0.41002841637079634	-0.09130384667119414	0.19450292927935664	0.17013909770723132	-0.17367292234305842	0.798392908629151	0.03509196663435667	-0.20057585206974332	0.016147088211999373	0.0527258833222843	0.07666344154406926	0.4146901378283595	0.29955488032584304	0.9334956502767445	-0.06394844261253019	-0.0606319691824466	0.30742591586695417	-0.11586389443238365
BGene_0094	1.1352564687848772	1.0863772688360063	1.0692235780090265	1.2094348534552741	1.1948902567296131	1.155332190920029	1.1305313332542049	1.1010248748861413	1.2110504024454471	1.158807234876423	1.1747851696398575	1.1152225560122218	1.2283434541794702	1.293150795378424	1.3501282827671663	1.117921684749209	1.2355166060319982	1.419807249043318	1.2257734269187224	1.313611681227815	1.1355856594989253	1.2850308863263828	1.0893578963924062	1.2456140236570603	1.1137216538792476	1.1112448198376998	1.1781162529100055	1.2992022282928952	1.2369403500208986	1.3966063737358405	1.1420054185850157	1.1993415234951201	1.315565375449324	1.1401091005427522	1.2407210021868955	1.250220768269179	1.133030836025729	1.5068710089835835	1.1490444528083887	1.0779283010906644	1.199767296693918	1.2419763802898043	1.194951944070754	1.2640147875028604	1.2229149480815602	1.5545708156688787	1.1781007919605497	1.0960535135638476	1.239464283608369	1.0921943211412697
BGene_0095	2.415231305309635	2.40862105450633	2.3955768147096173	2.4283079472557594	2.475146673294334	2.4281427635342148	2.396297132651033	2.4399561695952676	2.5015858690068984	2.44521029460132	2.4184868243773665	2.3895713078165883	2.465701915669001	2.536356730229436	2.491403057871113	2.388616587536591	2.3996825829977557	2.563818400435891	2.4579081848924136	2.5018735300951933	2.425833058765925	2.441954102047176	2.4083707659487783	2.4677114285311936	2.421418742210969	2.3535835498317286	2.4166213609736777	2.5255984295508562	2.4632745632434174	2.546028949476679	2.4042470996153162	2.437820233243084	2.4918023869064196	2.341472313374036	2.463132458429107	2.4375828009217893	2.414447934837585	2.613937751827263	2.4006984066115646	2.42492485813762	2.4244518590194746	2.4688290005849622	2.458492043909736	2.5250438225336764	2.4919215796410876	2.6280950610229876	2.401427436506177	2.398528104959772	2.501565669512947	2.3951301548776414
BGene_0096	1.082201722863574	1.0134427598752644	1.0416979450884316	1.1421658842866007	1.1408819647146637	1.0182142150269635	1.0628173793576312	1.0928794480096955	1.2187112096435686	1.2060233712049329	1.081220818760234	1.0686301120823574	1.0825683185224821	1.3415264266700289	1.2483185263187686	1.0437968203624401	1.2156111793792816	1.421808174971593	1.1902872243449212	1.2888154190828056	1.0391329875015536	1.143228468547836	1.0860028706751268	1.1737888543415147	1.061379403568055	0.9646630951135065	1.0466482681462357	1.2519389382001245	1.1343879617340353	1.3939663626485013	1.094084146172641	1.1657795168973353	1.3046722351952635	0.9370922251400257	1.1450478037882381	1.1798721662871032	1.0728967960658533	1.4772226488840312	1.1361861345678577	1.0081022125718597	1.1255396244327245	1.1580695100925806	1.0899752906216706	1.258974880317916	1.1672353929313777	1.606364082338458	1.0388569279272508	1.0132826269938426	1.1992914921304716	0.9725954176845528
BGene_0097	-0.4860410283387216	-0.5795031902148244	-0.6364442138235082	-0.4036018613323895	-0.3843369998043464	-0.5882513348238453	-0.4595113565075376	-0.616746791593811	-0.3352500642507074	-0.297056132464972	-0.5052142789350216	-0.47610844680432246	-0.43566300020118803	-0.17662007737558286	-0.1669967235244791	-0.5047953308315055	-0.22599989580815974	0.049934345589346056	-0.2833314920830037	-0.08888639846563809	-0.45620441490483293	-0.2544971740135305	-0.4616967394402647	-0.24155007102405956	-0.329284086579094	-0.6560929634849714	-0.3802679181966393	-0.2963970316730511	-0.3976740670245705	-0.13007008645683069	-0.4366922172743666	-0.5032575479450119	-0.22264961937455208	-0.5340251764488602	-0.38191465667634616	-0.39332588705563837	-0.6350751152467146	0.08079765826095298	-0.4108914360834141	-0.5583382200851789	-0.4125691621257929	-0.29389023369577694	-0.28915544391489184	-0.26438293485123315	-0.41999906070379134	0.2351659323802166	-0.6310434336378326	-0.6228784984699732	-0.34001342578307603	-0.5274818453552412
BGene_0098	-0.18883055642304566	-0.22713378509208518	-0.19295479279973815	-0.11062198700308	-0.29388604164167215	-0.17068302535432633	-0.1819995482479612	-0.2088776878047256	-0.16366727787249483	-0.10324670530762811	-0.06195456227268187	-0.15856640050022072	-0.174082059382243	-0.06340797569809606	-0.17128218439875495	-0.11862817185489802	0.010995805133884883	-0.03949212740671245	-0.1766287221485185	-0.0372255415092531	-0.17524941500629107	-0.13158825342674274	-0.16208701266869088	-0.007014166195198018	-0.08393588229318817	-0.21992470144496243	-0.14603933315978346	-0.0969903457956666	-0.17864858242222353	-0.13485779632733116	-0.2708492678407686	-0.19537027982467398	-0.14290158372068898	-0.05119320179145839	-0.0785211696633845	-0.11067580082914256	-0.14950788108771154	0.09547413499986326	-0.15560292385297914	-0.18802409547679155	-0.12275164875274104	-0.11159155771335215	-0.061351016234768435	-0.16540623900845006	-0.19230135772306972	0.04834510843742888	-0.22970365717253807	-0.19499468333323403	-0.11273878585527243	-0.21984509983666609
BGene_0099	1.4833646871840225	1.4698717492956186	1.4796296952504717	1.4722549103765723	1.517737411758172	1.4975915771561858	1.4636142188918861	1.4902974414028627	1.5000909586563795	1.5182047656345445	1.49876664997291	1.5057419167869506	1.501934757752321	1.6341112440229104	1.5880957167467853	1.5027764274196984	1.5089265952967499	1.6421499087945144	1.5325837425978426	1.5676578047584226	1.4722835068770415	1.53291506967901	1.50231135544075	1.499130433043206	1.453451173884748	1.5042591828291092	1.492877858377917	1.556862921404602	1.5375845677811106	1.61853104898451	1.4981393558584937	1.5057885431552922	1.572425479502865	1.4985103738381564	1.5180656653131002	1.5417031877609435	1.4730096107679338	1.6523543804512895	1.5358484196571929	1.5330397952897434	1.5320857623597053	1.5323615230791818	1.5399600993931744	1.555206162635932	1.522502775014327	1.6659526718464055	1.5065749064926404	1.5051589940696302	1.5435369973355713	1.5150281340425764
BGene_0100	1.796073230253614	1.7886800972041534	1.7727476474996577	1.8209699510778317	1.8745817973984755	1.8341208842732224	1.8212801817980082	1.8486289312294049	1.91307411574601	1.9413652444367069	1.8028492370637101	1.77855864674227	1.8389555353904048	1.996109712292427	1.938764825278289	1.7544076778617301	1.8747580918073647	1.9721937013647994	1.943275335180344	1.916638705868827	1.7605010743552918	1.8630121529495116	1.8309725237672747	1.8450242883409762	1.8254113465164554	1.7877382431564757	1.8527968201271732	1.9048781512418707	1.8520270086511716	1.9765801475597577	1.758743389063513	1.8866468992331422	1.929079490373696	1.7792856417354006	1.845216472284749	1.911587292564938	1.7977770629241647	2.0277407509849974	1.8124331793320438	1.7918184149259606	1.817229771978976	1.898478963696388	1.8002407571400785	1.9111465210215541	1.906047699579515	2.136859108549338	1.7705367536543777	1.8041033362022527	1.8646814834626968	1.7386719798620776
BGene_0101	-0.15122674914793466	-0.0889712702996021	0.2540306709239565	-0.07023045629615698	0.05379230425150673	-0.08386733475347705	-0.04801010601109419	-0.11209139583608563	0.005260379481941017	-0.17036427058147333	0.1808464738808856	-0.030509937808843812	-0.08762496433716668	-0.03733227912721623	-0.06747210739190411	-0.05035524868556108	-0.0030362921500086027	-0.03981229680029269	-0.13306586274070023	-0.027347287911549032	-0.10172103961529312	-0.14425978580734886	-0.20998967677551575	0.14648272304730708	-0.015021928247746638	-0.1305318750518326	-0.14074921878671667	-0.09724746187426328	-0.0081503620924384	0.021752781063814328	-0.11932360149371808	-0.059175253476939436	0.07744342897182455	-0.12169710654850202	-0.07084771546129759	-0.0702584033289339	-0.04299758950668425	-0.012443701838362659	0.07121717603149147	-0.0259895871101727	-0.10384233214277717	-0.14294480534757784	0.02974797194674996	-0.06764818355919346	-0.04373127966017449	-0.01147222905786611	-0.18297122310127917	-0.11597796020182671	-0.03976313035859909	-0.039626887252938225
BGene_0102	1.6199757669306756	1.5463096985420095	1.8168296439177596	1.6127710884260056	1.7221995144332718	1.6651671637681362	1.6622142335645271	1.6519522302888439	1.633765083558932	1.6322858117633714	1.944518979944261	1.6064349309604011	1.5962500165373548	1.5717276640088946	1.6119111329981557	1.7027089046479837	1.7578828812131975	1.6345948644958663	1.562878942791605	1.6364058742623862	1.7005777850223018	1.6361443845351396	1.6051710772779766	1.8949615522860952	1.7339198986261022	1.626564635985404	1.549128059386682	1.5851818844786405	1.7331081182263395	1.7325248686487966	1.617132647901263	1.5703667670364743	1.7131254525194004	1.6354452549800405	1.6222166211018827	1.6887354726172963	1.653174438969543	1.5404034667660484	1.6674267716080358	1.574826434459729	1.626815088883172	1.6326687088291345	1.7495549825601284	1.6554555432046516	1.5622274715606277	1.6490622997271938	1.603226253580175	1.5300536339275037	1.6225235452087026	1.617297589852011
BGene_0103	1.3191078666211418	1.248781364163799	1.3999598289776005	1.2958216997019878	1.3366263343976919	1.341778272079495	1.257855346569853	1.2607033768707911	1.3011136586686185	1.3014433595810746	1.4758302917393018	1.3244204168470257	1.2846340129640959	1.3247073612120759	1.3666428282224166	1.2568981761587845	1.3200641934737376	1.2651336824052657	1.2812755843951886	1.2567216533378087	1.3015530239514037	1.2865327050533073	1.326391387652984	1.4933224699994514	1.319484035304288	1.233275546895677	1.3006182694700246	1.2960075759240997	1.326784398032117	1.3363728868624936	1.2531762235044044	1.304880720691082	1.3590728449399354	1.3246299441272429	1.337453975145907	1.3390163128510777	1.3029181323270254	1.3283358204116054	1.2644970726374138	1.2713921775480466	1.295999369191375	1.2815188906363095	1.2928031643474982	1.3092279651313565	1.2954063522654153	1.335898112469355	1.294256090907237	1.2639396218062335	1.3324721467860092	1.315899226408868
BGene_0104	0.5124473566916244	0.49736729082806236	0.9822709286923885	0.6044638515235526	0.5828340601256815	0.7194948659051988	0.5731285629250947	0.5297718366661619	0.5411337740247564	0.5344031220115266	1.1969996123170565	0.6012924337271537	0.5415786228635627	0.5272733987448373	0.6238978436691115	0.7153834476384873	0.8548130631004923	0.647078129507737	0.4845543103713451	0.5465017180551405	0.6324330216466112	0.5760123917829237	0.5416022443799213	1.129872127723408	0.7688482257724301	0.5153043958423185	0.524100969903441	0.587675564138434	0.7343753094060319	0.7196264953877518	0.489001982823047	0.5547480219545481	0.794823460601289	0.5372496754739124	0.6600199643183129	0.6784939464741692	0.5962544371054851	0.579103224120812	0.6316613671993594	0.5031219014183012	0.5736661779272179	0.5822240609191339	0.8180616363615204	0.5432206188120194	0.4672577381882316	0.7044658191136283	0.5474373183960188	0.47083755295048557	0.6407672934462064	0.48180167452638933
BGene_0105	-0.6820343017636729	-0.8049972998907452	0.0036941200893972643	-0.4976499926562508	-0.43653215666220085	-0.3689155357974808	-0.5095129317975713	-0.6122097216249887	-0.5235081773140483	-0.6323957909428476	0.3668774331664368	-0.6145250328447274	-0.7013539587357435	-0.7639605895794331	-0.5023584396640541	-0.33690803416692894	-0.19371253199598812	-0.49606604996485093	-0.7050878148844477	-0.4707540581061786	-0.40940971108453467	-0.6003339217848925	-0.7928731016567749	0.2375227245405206	-0.42611768282225615	-0.7179565861121742	-0.5661193975245653	-0.6596141644903301	-0.11830975224817852	-0.28883671690706764	-0.7263340727299763	-0.6271430722538994	-0.24558468045894433	-0.6578202766721453	-0.6326344711785674	-0.33988883345007526	-0.4977426857133007	-0.7432191488899826	-0.4231346784199911	-0.7130674267954532	-0.7473018839419658	-0.6602651849954084	-0.16135725228417863	-0.41040801657194265	-0.7324131550838417	-0.4115873192942615	-0.6412396937757051	-0.747404859261497	-0.5023338794124679	-0.6463289705556634
BGene_0106	1.521434941150698	1.4462362571849974	1.6084260877202852	1.5185782412048188	1.4485787471979519	1.5647245971419035	1.5060599365101237	1.5114745833302738	1.4880404246848422	1.4994407361188267	1.7472244109387793	1.532050152518395	1.5316413722740487	1.5110309837433837	1.5403906061513706	1.5410106030212265	1.6093998505272105	1.5250272650588335	1.5123827993213126	1.4514807497769482	1.522350814319235	1.4493654262807785	1.514695284197873	1.6894503114892518	1.535388250181448	1.4460132772621102	1.5318880531434163	1.5004222327446115	1.569202650558966	1.5504749248652763	1.4955545590478045	1.4950682681273015	1.5444620091113406	1.4778576541413104	1.4723640670878886	1.5524267613380025	1.5674966430846407	1.5006479813123397	1.518002829939615	1.495456314440596	1.5070448988281515	1.5616122558396985	1.6115866766978442	1.5210548160214035	1.5062457820906627	1.539422387692315	1.5127094768166227	1.4856464078788172	1.529829285755583	1.5395394790369379
BGene_0107	-0.7329801969944545	-0.962305267323003	-0.16118143938319734	-0.7255586187814849	-0.4448790386963523	-0.33370560366732266	-0.5612432575835316	-0.7048812974662827	-0.6509109015173584	-0.5472807024550637	0.0806547228615922	-0.5365321981726504	-0.592115632943156	-0.6076526515851741	-0.7060537341425035	-0.39879415309956096	-0.1957712304149464	-0.5843922155641645	-0.7067185495200127	-0.6240650111696768	-0.6872721846340101	-0.7558557603177155	-0.7719584658997865	0.023882088252944807	-0.37727078235008293	-0.725920521214788	-0.8206032421179598	-0.5508961584489573	-0.3713408232423361	-0.4692263432582492	-0.7559128656257708	-0.5871734490035897	-0.4088943702735417	-0.6756238993674992	-0.6866807516893167	-0.5276047493657476	-0.5495670412199453	-0.5579823905516882	-0.4410841840754347	-0.5723205896910357	-0.8542187152389603	-0.6665497389966389	-0.1678379900196741	-0.6375309647321743	-0.5986618431338276	-0.5494586218636809	-0.6517190189936296	-0.7678439344083976	-0.575246263870559	-0.6616851783766976
BGene_0108	2.25497250213574	2.2488532705528983	2.2789456332548945	2.2491431480146655	2.263982739005438	2.236315404164592	2.2841204457848754	2.252626249014524	2.2517484077877827	2.281913076801741	2.328259230477492	2.2903522930954234	2.2475744879633845	2.293213584516211	2.266842256092416	2.2818869454509945	2.2921849403954004	2.2666347829414155	2.243332891542573	2.221432125230501	2.2079797296441113	2.27191670109484	2.264247135364536	2.299012213204765	2.264228826889013	2.289164309224368	2.2176276267182278	2.262054998367963	2.2351255110415233	2.287265137581718	2.2505094466792936	2.2557667728152313	2.2750280599037205	2.269008892712182	2.222567577514934	2.2469522676313276	2.290814396008325	2.2185453682142158	2.2526687946463007	2.261759807365744	2.232053698147371	2.2353632886741654	2.27729625004659	2.255771482397507	2.2036070301140533	2.2278825487522567	2.250054634524791	2.277605286591921	2.2883529330793877	2.2498425323318707
BGene_0109	2.4009047857864516	2.405936549703488	2.5049128516727617	2.37380789153772	2.3877198125904537	2.3930898608472186	2.3622823274411635	2.380934628842244	2.3746570819209722	2.371539098054219	2.5380100169553286	2.44220483744521	2.3742342872725777	2.3743328859163744	2.4115890083269598	2.4647197314009692	2.4706066869442873	2.352996923856178	2.378850169152908	2.432472772481006	2.406516579269355	2.3534984502636083	2.373264416835781	2.4982610528117575	2.4266265307257138	2.368970216160862	2.3972997018883118	2.3613387538982216	2.417862789339041	2.411196219247521	2.3742278810859623	2.381978351699226	2.4010545669400587	2.3800902508296558	2.437771451419541	2.3701148746401492	2.3860247826747014	2.3958460857922477	2.4715573618740683	2.3536203136217515	2.3903452831579304	2.374599482337378	2.4724376312720353	2.3677254486969064	2.3727792804111374	2.414276472392285	2.378205516270513	2.415129007795797	2.4349387874646786	2.36702869461472
BGene_0110	-1.1533396245202399	-1.4757622051572503	-0.06574549096045912	-1.2885138932800482	-1.0867004023806524	-0.9294283604259819	-1.4266229259218286	-1.3286941762826523	-1.1421160197287556	-1.2858351954847715	0.24773736789361755	-1.1929441188140903	-1.2967809278035316	-1.3373267969620555	-0.9942822010649469	-0.5971916319643482	-0.5777563677836475	-1.1881761779340594	-1.278909252254185	-1.2089834124014824	-1.103928367316287	-1.1300858154486781	-1.3141864571865969	0.05267577573528232	-0.8390549997173744	-1.386241944202301	-1.7077038230957495	-1.4328688708313135	-0.36095539775666674	-0.8282648762207984	-1.7012899360369043	-1.4707167849626708	-0.8023291761261419	-1.275796066463065	-1.3466359579143803	-1.025022459530084	-1.2146003386405086	-1.2416746841690172	-0.8986970404275393	-1.5762619943225522	-1.576442933831702	-1.7724294217088516	-0.4415568136925267	-1.1311422522526875	-1.4776719432690437	-0.9079998968327041	-1.152799445076223	-1.3465353732852587	-1.0235007552694497	-1.2708666185321176
BGene_0111	0.6278311110723829	0.5706799080674819	0.7631814555776293	0.6052016567657796	0.6273153532145387	0.6402667238970815	0.6086621960394832	0.6141901771870458	0.5917389753240645	0.7094527469478696	0.8353368277908605	0.6672305309948059	0.5843350210286625	0.6260254591521986	0.6613551065775625	0.6903290331233763	0.7719792006493292	0.7280867092127024	0.627363526842659	0.6639036306391023	0.6161496617474157	0.7005970108388405	0.5988824201242822	0.8451930861412288	0.7954285782889939	0.5733189796839104	0.6476511549026539	0.6636163108726363	0.7354772671977498	0.7036041490598286	0.6372818995215211	0.5872569851202282	0.714351177325194	0.7185095288997918	0.6518129268389411	0.7416824198499113	0.6074851295915188	0.6620621659112954	0.624080302293387	0.5831730726611167	0.6287382950783919	0.6485029712888023	0.7003829739184874	0.6666455670363258	0.5500105782413189	0.71942129144906	0.5971119448967906	0.5957212242885314	0.6582759817791453	0.5983239145539475
BGene_0112	2.875468165669972	2.9165403181590883	2.9910731409126923	2.8893649933682113	2.9436808916282464	2.92749095407506	2.9159777190993954	2.886742622532774	2.8993616292966014	2.8931721676627773	3.0077450429943284	2.884310766558068	2.903812817186225	2.911423701753013	2.9097285091329907	2.9730631038748743	2.9541971694233933	2.9567668479780203	2.8677859520661775	2.8897678892743843	2.8916569548408395	2.8865345565465255	2.903190195420644	3.0440916127202793	2.977663926300335	2.926844447881018	2.8763197333860306	2.9044843048528435	2.9425990461513494	2.9343389841382286	2.910167914839682	2.9029866154809256	2.9470515298332733	2.8846552770926945	2.901493627300532	2.9327955287144416	2.9290759246546103	2.8772947343271564	2.913303298986463	2.8725364249651224	2.894923179368823	2.8992512230872927	2.934308667461275	2.915715928053552	2.8533050109262224	2.9217605008503846	2.8878033537990184	2.910054921991737	2.907597088988879	2.93476926491588
BGene_0113	0.23991799486166915	0.333006432094829	0.6681034135858825	0.4228450781668312	0.323535195042956	0.4585769126664023	0.3802426819560197	0.3677679509516747	0.3483481046671008	0.3307172590327938	0.800246385040601	0.3538971164204552	0.3697476379134021	0.33014378163318997	0.4022724905590924	0.4194882123022819	0.5396082940515191	0.40339354604248406	0.33929644169127615	0.27369061212173	0.40138351017242013	0.3544160076184169	0.22607701751003945	0.7387783758434636	0.4600600323304919	0.31175770919563583	0.2684542958276027	0.4058648405154046	0.4829102865537713	0.449318934354143	0.2957549670784106	0.38926113746771834	0.4585387779849427	0.3199953105427683	0.300290083584879	0.40835604000910636	0.39483745971975265	0.3647851050068709	0.3433491851617499	0.3573293718722976	0.2910726748473762	0.3777107121674211	0.597313937407881	0.25853146533841903	0.26805172264251415	0.4162599165556726	0.2691829850581001	0.28869401055797356	0.26861423320390265	0.3177109556709075
BGene_0114	2.4660494670098707	2.4300552744619583	2.554198786482815	2.5060993006400087	2.4626860853945263	2.4612318216756535	2.509726800775658	2.4613703116590755	2.4797500952153966	2.4932179701098853	2.6521996424778522	2.473459148383017	2.493681629448908	2.4684262421830594	2.5022217355122613	2.491529411444073	2.537574513606042	2.504356351493398	2.4844920807224926	2.4860685497139734	2.5062529757645446	2.4851522101570382	2.4851705402574162	2.5855922906329685	2.498447342827853	2.439939499395217	2.4771648694960953	2.4836614314868153	2.4945548984317476	2.5078832483203	2.4357493749644856	2.4946389102223443	2.5392980353521333	2.4565902084065123	2.464759664169088	2.4961670067717647	2.5290435380001046	2.462082432906948	2.481063373253157	2.463703048552333	2.480967639147192	2.4642739035559655	2.5359850033375104	2.4833089614274755	2.470146499690009	2.4776377124841575	2.459217238793602	2.4829547804538397	2.516035868071033	2.4880276014926457
BGene_0115	3.2014583607770204	3.1564309083839186	3.2596306569710536	3.2069645754301526	3.19851102715994	3.2028628748968235	3.2164192884075953	3.211046075365471	3.1825150100475894	3.2160545733519994	3.3299196116197955	3.1822745605341574	3.1539361560520875	3.17133099405144	3.2323744313639327	3.2382339525611274	3.2518652930071292	3.165188391296008	3.156642224547396	3.182668698062008	3.180753773918602	3.171482378980929	3.174337647250973	3.292845321361118	3.1925422628233	3.1833596257549797	3.1569250754192604	3.1766537281519307	3.234166340260496	3.202817233711549	3.1732171517579815	3.1712070692562557	3.2085782286875424	3.167750109296133	3.2160197137618667	3.2169784420834087	3.219440023168342	3.1509429535036877	3.1817634626143674	3.1506385296704877	3.1839125950433167	3.1668206560449406	3.244061996975644	3.2167663505230455	3.183777817368832	3.1981997768253954	3.1950293329381494	3.186205110682641	3.223761339403407	3.2073416004908557
BGene_0116	0.7551635611472225	0.7179264542425529	1.08468165073219	0.803995344758734	0.8389003456404585	0.8748241191900044	0.745632380980349	0.7129136544651837	0.7827927053838503	0.7858504881041501	1.2709518093592902	0.8003465174374369	0.7919867070841989	0.7661784803872839	0.8757667255865876	0.8993542008704986	0.9794529883075626	0.8232328444614411	0.7178394302047854	0.8413163077764627	0.824890376955889	0.8121402067142605	0.6961195511140416	1.1764330545876072	0.9675087808475714	0.6997330491920535	0.6986682397229949	0.7902088190928604	0.9900443917263054	0.9389597822345191	0.6921843511145258	0.7505346899212444	0.9727135981875946	0.7038226312784502	0.7961264329160913	0.8449864117771226	0.8125278233734419	0.8579301239606004	0.8079526297637495	0.7548091266964342	0.7773891912454192	0.7975918392328656	1.0056472925774131	0.8322805791732414	0.6959550861305398	0.9000746073643646	0.7296687546657804	0.702753665230172	0.8535021949858852	0.7886374144204056
BGene_0117	-0.23516293676499578	-0.1426773009946327	0.305471341840901	-0.019804318496178915	-0.07440858690137923	-0.027055276333119903	0.02293510157369259	-0.112142085286369	-0.0403764241697485	-0.1260450152735602	0.28781708132319395	-0.05998797497440792	-0.259117302614856	-0.12614995757859535	-0.09932359286613765	0.07372987562716314	0.05411078956927522	-0.002643801912233317	-0.1923477852188311	-0.05677201689011097	-0.04455848623743445	-0.10325293960880194	-0.12940683956217408	0.2696943828461902	-0.038313065844310844	-0.057930094988919136	-0.12384400182557115	-0.14504959460922676	0.0288412947949042	0.0057635538117732	-0.1299154951285116	-0.09582941129167817	-0.03728428263135126	0.03724719437705533	-0.16668908473305566	0.06764699856579669	-0.12453171519385636	-0.15470114349867228	-0.00039946092784454466	-0.12689781369653924	-0.1782086268261674	-0.17294015104037067	0.13768750455385345	-0.09677358827332765	-0.14260250816756154	-0.05606106003278252	-0.10620868093958923	-0.07474225690471537	-0.1351312792035822	-0.06692890987327885
BGene_0118	1.394296024606538	1.3424298407136341	1.4429410372963984	1.383303548019006	1.358460697113908	1.4078365095159784	1.373561953357057	1.3470277205894357	1.4010654589217122	1.3497208159674512	1.4601215642729728	1.355440452218765	1.3066016046242483	1.3275984335370066	1.380073448338314	1.4221605199289165	1.3557606803715385	1.3289278262193571	1.3629685593994922	1.3916197780867092	1.3680745650255426	1.3483864766821947	1.31690763436979	1.4167833001689698	1.3789905797657285	1.3804311513332623	1.3513320899387282	1.3987335198335569	1.3800093948605259	1.378444088875324	1.337645522581756	1.3416472769348982	1.3474559629533045	1.338552569707335	1.3483334741738484	1.3952123465293593	1.3272049200257987	1.401706927856909	1.3883221532006924	1.3328071164993174	1.3126068286881292	1.313554318330713	1.3483484257949836	1.3802520774582971	1.3521332245895172	1.3760448146370885	1.309750324252037	1.3540280373033535	1.3583929384290623	1.3474424706417527
BGene_0119	1.6856630387071088	1.668899689435085	1.9365064373295877	1.6955720132233034	1.7392193981458264	1.7416197140925007	1.6773847663233492	1.6370728674993242	1.682203136958442	1.6577684029188027	1.9816460049856024	1.6483111168664988	1.6476933443221993	1.631340655299975	1.7087528331223778	1.7384439856843044	1.7943307994965445	1.6825597616673125	1.6570765459476988	1.7079011899833156	1.7030793859201472	1.648454300906294	1.6777259592508138	2.0090420103490643	1.771938155685247	1.6268429845201842	1.6645508542824115	1.6310393502080398	1.8501084443652087	1.7553078272214904	1.6310719343228934	1.6278721005505319	1.784349039967583	1.676672890146323	1.6978628537020573	1.7279335822334472	1.7027167752223347	1.623419187003962	1.7089500131110544	1.6290660109173183	1.683762760740149	1.6745059502450865	1.8260826870091573	1.7039612926973173	1.6751712329446917	1.755253909130952	1.6568464012371447	1.6499221283397412	1.716273385865605	1.6641261170157624
BGene_0120	1.1815650382973544	1.1978644050839296	1.4397053183433974	1.2297222060379729	1.2852692912330572	1.3188499440440284	1.1897738645426774	1.1772875536715735	1.174908346012895	1.2449812289355895	1.5911187179494326	1.2185073945216747	1.2247272679888603	1.145413496535267	1.2306938035669166	1.232493105597818	1.3659203922466856	1.2174855383560725	1.15386064349223	1.237921428586047	1.2240057339767991	1.2343822693382136	1.103279234632973	1.508449334318755	1.2971521997889783	1.1559543046151388	1.1885699360782696	1.1876101169458213	1.329764210803741	1.297060589528258	1.171368501662572	1.152864112173293	1.3129348913476793	1.1985923422885174	1.2255743830505987	1.2673230522957188	1.209957963623782	1.2166990512299274	1.2709324635295516	1.2001447468637334	1.19465232291243	1.2256831043550753	1.3651789494228288	1.1861583478172975	1.1279067952723845	1.21414909172447	1.1549943379549763	1.1632508706163671	1.244895142837396	1.2094959893078085
BGene_0121	1.351856781078887	1.300115373820185	1.398356790395035	1.296337455826714	1.305794945844441	1.2556032899763185	1.3081745583859257	1.3493269864215913	1.2922483289035447	1.3209899142758073	1.4602856552025028	1.3347653786610063	1.2930358190685989	1.3359066670182775	1.3053342188211294	1.4083078001722837	1.3443213972867454	1.3312818760038894	1.348950628263383	1.3160348156773172	1.3354644790967203	1.3148512637719223	1.3436919055929213	1.4388322453747624	1.3944177930073163	1.3022414973030503	1.3307464768110024	1.2984964296881747	1.354792778556777	1.3453270746695956	1.3029147033544681	1.2845181316706278	1.328953306451328	1.3340130178408263	1.287295240961959	1.3525433230822714	1.329618805658421	1.3373651868787237	1.3552000915635534	1.2751887375868578	1.2851361090991003	1.3189016649101948	1.358772098009402	1.3570947027938285	1.2911178606228455	1.3469600436792284	1.3138010376464089	1.2963386932267138	1.3242446788051234	1.3171150847180138
BGene_0122	0.9157800421500825	0.8669230420476909	1.2045436866638537	0.9546110580877606	0.9423036770675688	1.0286387880990533	0.9265002613096435	0.9576082216523106	0.9730858213441647	1.0214484849058758	1.3451361743549268	0.932489500334586	0.930293884450538	0.8842680434282706	0.9856356376325918	1.0432029834131173	1.1025764411549472	0.9644854712570263	0.9295954246471099	0.9664169877017812	0.9444587167957764	0.9038356323838703	0.9332907996656841	1.2731327729400856	1.0524662864037884	0.9393076242930567	0.9648338635907165	0.9813643075529841	1.08641685268639	1.005844738861612	0.8357162252644017	0.9360661795599069	1.0260455729299067	1.0382991854373629	0.9037774211723352	1.03248755504425	0.9434743942732252	0.9069524188260428	0.9580654880052227	0.9275755947112204	0.8586914070403994	0.9472823238214401	1.1163675688092993	0.9186357514978336	0.9248007657080057	0.9654271768146915	0.8620460913034945	0.8700057975308239	1.0124624222576217	0.9606500076850865
BGene_0123	0.6812355800013424	0.7361372601564549	1.0769894764626797	0.8470759014973592	0.7111482566533232	0.8684556861376562	0.8781926404984675	0.8243780805104385	0.7815628265947119	0.7817330591207883	1.1991056387196186	0.8123121354523369	0.7464666421307321	0.7903774139444522	0.8048780050681456	0.9087415640230668	1.0157720804766543	0.8343980014058001	0.7413773759121384	0.7629793591606541	0.8178324683368637	0.7614636988348551	0.6478974063823678	1.1088414267800786	0.9098012910065782	0.8384956827253953	0.7870138599305766	0.812083510074556	0.9561000069962374	0.8353568289807117	0.7401093459153122	0.8380575981328773	0.87693281226416	0.8282807612835689	0.7824993103132563	0.921987428652573	0.8167689279361445	0.7613029628658093	0.8222011525370674	0.762565074044806	0.7612150241057695	0.8600301871489162	0.9895635386669501	0.7532526840538315	0.7276663344878951	0.7980833213625588	0.8222714271159721	0.7528675475091807	0.742912679884693	0.7174958527305546
BGene_0124	1.6452035510433773	1.5913960122567152	1.7741314265688513	1.7060065781826614	1.6736123564038308	1.7174449503476892	1.6703093504887232	1.6277234713792939	1.6468386664543748	1.6597413220947417	1.7948671143661123	1.6314587522548472	1.5796388730712083	1.632075574105344	1.7139230664078957	1.6259741771853446	1.6604011184124496	1.6265226465152487	1.6470610837614466	1.6858586936281879	1.629622951367186	1.613972763996846	1.6549130434187136	1.791143914280512	1.6627751774988764	1.6360400716279655	1.6252698246526247	1.637506125611267	1.687236483651481	1.670957700378021	1.5922222604962113	1.6852401492097542	1.6911193980528436	1.6869313431075288	1.662602300265358	1.6736869215135377	1.6555282494510892	1.667824080776162	1.6723313552592138	1.6684528926797513	1.6618428137432781	1.6571541660515665	1.7021426306605323	1.702330752654135	1.6707174356045287	1.652294135416905	1.6661555345389494	1.6327477447354581	1.6818805820115164	1.6144802722193718
BGene_0125	-0.02973156396363437	-0.06896105234087421	0.16601132511945185	-0.024909837710913273	0.0061876143660620775	0.14593386525836877	0.09949370679950931	0.05836797637405712	0.09127785876026387	0.13031374926420417	0.26644197281914106	0.17202094376073296	-0.023171005960670486	0.07080231275211726	0.00016040287033019138	0.18603951646823574	0.19899108499803564	0.08525496044245282	0.047348589150419305	0.04982272134015314	0.06470045758353717	0.04295589437443857	0.03750599070930482	0.18413211062519036	0.12349957627768522	-0.005737528491217731	-0.029916205621317925	0.04779019842265473	0.09574787923307096	0.09142347021253913	0.014627893673685107	0.03084541382031689	0.07531460671928122	-0.023826314894155206	-0.03993744835091573	0.05335069103385606	0.13325761001880132	0.10839834164832719	0.09112562421423993	0.047104786222567155	-0.03511862042492198	0.023449798346083524	0.1826009660952557	0.026624178946898832	0.03962004533547452	0.08042486789136025	-0.00901978254707451	0.07268993181695768	-0.022306461455904755	0.011916120752235134
BGene_0126	1.6103261812079948	1.534386162289513	1.5654911484323437	1.5883887904859244	1.501298876052372	1.550152128657924	1.6175014624563129	1.5982193688912245	1.5321888842198967	1.6363376930041824	1.6478530789965953	1.5774574804626422	1.554988539083808	1.6242685570300308	1.626009088475796	1.4698185433599622	1.5409262538496593	1.6297539483325378	1.6318542848287285	1.496996856616916	1.6506844340759093	1.5270520031486954	1.650901319321224	1.5810962083260718	1.552538607184659	1.5505676964824504	1.5701310133432484	1.5648677770836483	1.5514046901358345	1.6008549880859333	1.6715697901396764	1.5681050337949993	1.6438321675345187	1.5221587929467755	1.5059098593366222	1.6096554293816552	1.6724899967601412	1.5230908109993313	1.516660464039282	1.5521880834436608	1.5495830603759901	1.6014943208061592	1.5720493872549264	1.6278059538987206	1.5685726150768227	1.5863869263469346	1.5762514508932761	1.568454146099139	1.540382857569311	1.5559801364010943
BGene_0127	-0.8042983030545604	-1.005841207744032	-1.1650615271560245	-1.0336914844149907	-0.9201202574425995	-1.064293096910255	-0.6400183665019062	-0.8037563755950554	-0.9077375757621615	-0.8127190861615583	-0.5209462868239987	-0.8617109941095171	-0.8128806893318451	-0.8581591829652029	-0.7806347200789041	-0.9499404254118529	-1.1050047362318216	-0.5279962146093005	-0.8010102110411224	-1.0407244366818915	-0.600624861559933	-1.0220157949411315	-0.5051563907332554	-0.9194020703649436	-0.7076607996301557	-1.079343800862503	-0.6593304655311399	-0.9130579064166876	-0.90484525414184	-0.875624949984822	-0.5856018439120334	-1.0416699906181406	-0.6166823919443074	-0.9551646865744088	-1.079176977350669	-0.8226876022463121	-0.5919275287452989	-1.0505961868135736	-0.88718986929005	-0.8008478145847961	-0.8859722135855033	-0.8028176502533517	-0.9335467543482895	-0.578951977442214	-1.093947278949137	-0.9811048605413184	-0.9907401702925555	-0.8645183557192673	-0.8995322744728447	-0.8352527881295239
BGene_0128	1.1451821307425005	1.0842837964626826	1.153904124595229	1.0540755003722189	0.9886389861338228	1.029094578003766	1.225424086311468	1.2273118858302718	1.1473102618088036	1.105372519327597	1.3128049508569792	1.0608816551662852	1.0638352674000922	1.1656414574670453	1.1302900257809974	1.0219395801113584	1.0128770413897865	1.2827030678790277	1.175131469151956	1.023940828901515	1.3223045035804277	1.0261013214898007	1.2982731239299423	1.0036132178657953	1.1214568065291277	1.0440228141036159	1.2739949867005873	1.101924451388564	1.1634040428405947	1.13586918833656	1.2179596956603702	1.08761175514833	1.2874871932294336	1.014134197330355	0.9943959970385411	1.107180513109244	1.35732799631213	1.0643437169882144	1.0877068310503462	1.0619613707075741	0.976202346367861	1.1640486814137274	1.0571915467145432	1.3318482468774573	1.1143952015168823	1.0742988845887562	1.0512810662545373	1.1742425437653192	1.0506106311767778	1.0337915773272575
BGene_0129	1.9126163581958238	1.9691123526534224	1.887790742595397	1.983344702914248	1.9563341167207144	1.968959071972635	1.9806888424165956	1.969872287988912	1.9987768623454025	1.9549389203417613	1.9673947097908573	1.944861742934634	1.9065880413648626	1.9352851656943217	1.9649278138879958	1.9749621520224463	1.9163550138242718	1.980721113936306	1.9771726002882424	1.9889256227697636	1.9668833694274352	1.9788210932680002	1.9601623365296503	2.001039500841099	1.9541103492959269	1.950123705533761	2.007435103062537	1.9406817849008229	1.9746344007050685	1.958484434720746	1.970844647915012	1.9841221312838873	1.9897106603218115	1.9814803420460778	1.9704302520622288	1.974290191555356	1.9793430032278563	1.9527802734088713	1.9450913523115079	1.934306886508439	1.9923209118837522	1.9405451173187838	1.9672254558244853	1.9721867899459726	1.9395976472812566	2.0011377645069546	1.9392874032110472	1.9379940550215229	1.9523612330559856	1.9164659294929713
BGene_0130	2.891637385650451	2.9138973736564533	2.826512297503035	2.8969934220701905	2.8767318856282267	2.882125267959948	2.8821066356774065	2.840480866070516	2.892356757551622	2.881365588409353	2.9133449644169542	2.8979217400129995	2.8894996802570616	2.8685085321191903	2.889492226947546	2.8895056736648717	2.8713253188316115	2.909588056046476	2.9075618594237302	2.9091573826282393	2.8904448543603083	2.9000974444914287	2.9329172724697807	2.881912556810766	2.8787083083606846	2.8965894982006253	2.915170196330772	2.8801889304519745	2.8804119751085207	2.929711789653891	2.912750285271799	2.8822831896777528	2.9067902755139183	2.9057762397397653	2.8918397452709854	2.882895453331401	2.902989676822919	2.8641780124490426	2.901714044114422	2.8972174409605613	2.9260264641014238	2.9154716998331125	2.9094934912990404	2.9021442575199243	2.824696649316493	2.9076865936795326	2.8858835407347936	2.88946408229967	2.8297471793118287	2.934508347996574
BGene_0131	2.6197986372159106	2.5859042858542374	2.5488306674182093	2.6101507371159007	2.605890269816063	2.5679690265147053	2.632556685451783	2.6591118395931526	2.5951355336638815	2.5765239552661168	2.654887903335349	2.5694797595737877	2.5848589031724862	2.6287303951597205	2.5937451600013066	2.5895896643012115	2.5674311433785415	2.6523751547076793	2.624565173672859	2.6004519321526782	2.6631122666179072	2.6203999471908763	2.6489526454605863	2.560512050294204	2.5669312909332715	2.595049729198553	2.6318531294435528	2.5869111014484054	2.6270532960556063	2.652622536137921	2.613925311128565	2.6033717254888895	2.6433613966777916	2.5343178882122626	2.603283361714876	2.6350745353516567	2.686479274629502	2.5754238858411562	2.562956552342004	2.5820201749940908	2.574056568469456	2.636368756227342	2.6243324581483023	2.7359082871663394	2.6144299210450885	2.5603425893847302	2.5740672574305257	2.5961282030474884	2.6324652882400517	2.590947263789855
BGene_0132	1.0912555538598183	1.144808056813653	1.100712277546036	1.0645323768791657	1.082365498376175	1.0630604520074267	1.065316811061176	1.1286287114538829	1.1613076400486693	1.1221607534425866	1.0985676540951583	1.1163901597499182	1.0732741532220031	1.0921975916453304	1.0761906546618656	1.0876186999134898	1.0617922036544765	1.1581502450756396	1.1181016943529238	1.1044163707556673	1.1606680937829117	1.1323034269115362	1.1147575369446634	1.0009729752434586	1.0649902863528091	1.0531748390154132	1.1152331785357796	1.122447341319561	1.1227454695963008	1.1509845850952234	1.1631106375929787	1.1167554671670374	1.0998880159991986	1.1348540122321642	1.0566154692962317	1.110368546922636	1.075878065567239	1.1246744012871182	1.0887587682870514	1.0347175149171428	1.1192087459691153	1.173326738308239	1.0922257196482368	1.1202715951788258	1.053038541039363	1.1682900745999047	1.0816764347583	1.1445597793579287	1.048513802018095	1.0788545728715357
BGene_0133	1.8108373150083596	1.7541325152102172	1.7824478523766931	1.7936371958930355	1.75637821718877	1.8250738303363723	1.9035169255693754	1.90285408104551	1.849457801542455	1.865567744743856	1.9672818649216113	1.852088801214257	1.8036144140559094	1.85412969552133	1.8639228036347417	1.828558526378473	1.778331912079142	1.9919514553708684	1.8550765071397541	1.79225974015016	1.9800797009627855	1.8197414195050143	1.9705099385243288	1.817650371719608	1.8742746267189185	1.7493107559486822	1.8864201258591902	1.8871036499252662	1.8683180552815735	1.876860224700041	1.9044541515590963	1.8206919938116453	1.9192838839791895	1.81106885145428	1.7825056208892835	1.8783803418065692	1.9724003976612372	1.7893856253906968	1.774359277472457	1.867506956703851	1.7960448723625249	1.8774152552967964	1.813894183187547	1.9199024535407279	1.8007963382382914	1.8401360698518567	1.851541083606448	1.8478926133813744	1.7668538082169425	1.8079472739448752
BGene_0134	0.47321345217514615	0.3965948295519295	0.4125760909116895	0.37742770588951696	0.3953624130952567	0.3639763946201643	0.5663998874754088	0.6033405327805728	0.4995693790794574	0.3814505601363444	0.7681587960612342	0.3789261277320878	0.48621520580412675	0.5370437651936173	0.5196297359289099	0.41166092279222516	0.38407077298282505	0.7180443206359438	0.48902259352752225	0.43042975528488514	0.7285794048948026	0.37578771499915353	0.6920812362914062	0.33777887106453286	0.5522172270658959	0.4131793215232402	0.6141894895001451	0.485457888705096	0.5124404047023717	0.5247349158795314	0.5802935971500554	0.4541646579600263	0.8001590226213243	0.2565045479712268	0.3920162551683357	0.4673903763363636	0.7963526149289593	0.4653089525431954	0.4829894799889403	0.43990486853425875	0.4348825610263157	0.5303902046379306	0.4653286110355461	0.7309858735419752	0.42428357030193	0.4306711993756417	0.5104109135010937	0.4514696251468299	0.43930504785088237	0.4196374743460137
BGene_0135	1.8160040914739373	1.7966449307229044	1.8013532378138557	1.756295215391102	1.8160188901289807	1.8562306266910131	1.8737306937619242	1.8537186442746834	1.8509834923401303	1.846195460139197	1.8698663210239213	1.7836810147391982	1.776372043853785	1.8548181231753893	1.7492503259562255	1.8131503236044957	1.7895069126926704	1.8687089730567883	1.8376646976375752	1.832999368936315	1.9034681332072498	1.8074645174271515	1.8554767541926493	1.8255777419823294	1.838563492288852	1.7722981506976692	1.8499799001550445	1.8418410776598158	1.83170086357457	1.8654399714076246	1.9027099592017491	1.8079610196561755	1.8879467042018077	1.8508128280632603	1.8525695140319236	1.8361566020947853	1.9374747166586763	1.8083365635450157	1.7911638266353223	1.80143193142592	1.827139106431382	1.8559977218316637	1.767116203492018	1.9175786251346485	1.8213606712562	1.8076047254330825	1.774808302682123	1.85626542242617	1.8218677760001727	1.8273427704803586
BGene_0136	1.5989742427518627	1.516053385669901	1.4922562753154365	1.5660950848339865	1.5700040481169175	1.5400527032842333	1.659879541847015	1.6448613716098168	1.610375796724094	1.6087718878767001	1.7420248827206672	1.5349165132166187	1.5538569039327481	1.5981527338998813	1.5734348946349628	1.5198514912248284	1.4749438473216836	1.6502154427180349	1.5856737000157732	1.5277851320843545	1.6807174836595613	1.4985509073610799	1.7300693908713034	1.5354699270199534	1.6208323636158555	1.541564791264936	1.6849678696175132	1.6069620285899149	1.6150309041161108	1.6104800094198934	1.6240416269117453	1.5277344206639778	1.7048343975841578	1.5021347889831052	1.5335454728001223	1.5802015809830217	1.7404199741475754	1.5317114519851576	1.6084739969166502	1.556418690924555	1.548745054630077	1.6105475152043722	1.5408482632826561	1.7168390293464098	1.5276671723685002	1.5245176715656417	1.5680022226867316	1.5938572652486234	1.5616810134535082	1.5297249989564654
BGene_0137	1.7147277924128081	1.5980593735534565	1.6632536569703833	1.6393354133322189	1.7254687045218828	1.695203208979131	1.654923870176724	1.684717141294842	1.6293704532007551	1.7259023020283557	1.7368650636164387	1.6793452016163688	1.594388879392152	1.6341591511364435	1.6898191836463818	1.6017779964794492	1.7051183173513245	1.7202173634029427	1.6531045304232401	1.6407690586208659	1.7447477988335884	1.6592443251237097	1.7345634231708393	1.652967351594871	1.7100149975182233	1.6173225592283016	1.721173818840881	1.6747048329172687	1.6701271652292295	1.7051050086588788	1.7506526087887162	1.6521020837052214	1.7222627632868002	1.6700777265936357	1.683118647391283	1.6662478987089477	1.7412914192854816	1.6665098139698926	1.6040181679869052	1.6779225315162023	1.669624832874571	1.6976707196909722	1.6375483775563782	1.7360534032463009	1.6142784597131736	1.6318684878597547	1.6597361877241423	1.7025810314022927	1.6729406955101482	1.634256203915255
BGene_0138	2.8990435658663634	2.885298516647977	2.927083856285806	2.8948596383864413	2.8606443699569994	2.865220783110798	2.9555570755956673	2.9455623072672763	2.8857712431351383	2.892116768685247	2.915437036051213	2.886186184925923	2.900366927896642	2.9126701918108107	2.897940343321527	2.8939542246296717	2.8747282195656907	2.9137735379598584	2.9317452074188797	2.8837794327838226	2.930529334213968	2.8592274312691033	2.9094437702498195	2.8778514154773074	2.8862146573561587	2.8682921304759343	2.9414388896362538	2.908877140470147	2.8929095023040543	2.897198885904075	2.9058292971066746	2.8430900778987915	2.8878550199636956	2.903033238578475	2.8794763469065967	2.8754695160887405	2.972086970669102	2.914814063969029	2.8758972372251606	2.904040449858927	2.8979777451267186	2.8664558660009245	2.8723727431154673	2.9546328549946117	2.898592059839935	2.9173896992372663	2.86204966852741	2.8890027075132334	2.867973976869953	2.9269689963356633
BGene_0139	1.326251436442259	1.3325897728728606	1.350286643874177	1.3034177292140245	1.3714082739778044	1.314754064621498	1.3601119888341155	1.3940844543819182	1.3559716316355068	1.3843551977454704	1.398600154870385	1.3674659495979216	1.3639351953406722	1.3275640472896675	1.3313694851421225	1.3919092763776737	1.3347848145305248	1.379490926508805	1.3329133162101952	1.3358261435408871	1.3805987117023217	1.311339565879108	1.3958697763760652	1.3867641537468927	1.3553951776826918	1.3345280152046917	1.3553909858878685	1.3274963266979247	1.3581461705929936	1.3944069540932627	1.3615108612483549	1.3177445679384032	1.3938934592765984	1.3352029883261254	1.3410246037871814	1.389779444656061	1.4058929639029014	1.366782789410873	1.3389288630430949	1.3406490178801016	1.349412333331928	1.3365470988246007	1.3755276980614342	1.4100663921776135	1.2897387657065655	1.3148109333526121	1.3223883612508764	1.3643226704557774	1.3436079437971047	1.3264684060793215
BGene_0140	1.632415733517661	1.575491890681024	1.5837695541092094	1.5333743483998947	1.5537595264278645	1.5280319004292247	1.6885596981568045	1.6869841934760224	1.5944454340465475	1.6371857504445924	1.728124237955189	1.5937333590734555	1.6197660290503266	1.6818014161548538	1.671059526926915	1.5840919090174075	1.5410788707337517	1.7823064812210883	1.6786608437628106	1.567723145246782	1.7604302978490711	1.5655154093185266	1.7693621015271341	1.5945282567253707	1.6610177552015473	1.545955437135321	1.6433133260644088	1.6450225528528486	1.6193708616960039	1.6800969228931424	1.7105062762948966	1.6154710114832416	1.737852570525452	1.5184049807239315	1.585026165780185	1.621559010818311	1.7693632176350533	1.6125095622959116	1.5905357358343903	1.601531421122532	1.6422688795248044	1.6667664966208158	1.5771694814303248	1.789802701464498	1.5718615927692359	1.6176918049398215	1.6109813675009417	1.601332299903209	1.6234094667184555	1.567828056103542
BGene_0141	0.8468843948358742	0.703858528349241	0.604541589829884	0.7744959443055577	0.6916993038440821	0.6359488394853048	0.8058785910789338	0.8273016693237318	0.7325213694285141	0.709880331733252	0.9063386316047551	0.7576417314270767	0.7042377843240906	0.7360043444334576	0.7976953337253813	0.7010941591802345	0.6577118907752686	0.9359352465320161	0.839071042772767	0.7357772138438479	0.8810062420856677	0.7749071936342296	0.8426846626563202	0.6690095064454578	0.7587475928379376	0.7316218252420817	0.9288925399062313	0.8050180861573423	0.8223893702031434	0.806165471563853	0.8380148624619529	0.6709309139936531	0.8718712124756051	0.6986316065451352	0.7476901609358275	0.7961840574242314	0.8466391053067445	0.7646856460739851	0.7126078107522259	0.7378180808611713	0.8042277923814151	0.8018023609853286	0.680521226167244	0.9362573520156925	0.6773329866333062	0.808269986677854	0.7720356496086581	0.7390353799199524	0.7623350752074818	0.6801742882790558
BGene_0142	0.8030195513364952	0.6753236376512944	0.7535177924110671	0.7414188573293065	0.6621366612735132	0.7591121744549838	0.7775529950690031	0.8737602077243485	0.7581923011678504	0.8219484793356685	1.0231337515221912	0.8109738012922234	0.7335116652828314	0.8428668685579916	0.8037717605178011	0.6579954651695255	0.6933828722668571	0.9506842791811028	0.8264838732915738	0.6920663145718101	1.041101640760462	0.6948011358571061	0.9920367208777962	0.6603819837142527	0.8698763689802266	0.5830783312520291	0.9850204803931788	0.868334613369958	0.7903235669241347	0.782924996682381	0.860856064915291	0.7733208031881295	0.9834369738268184	0.7195977338825209	0.7161883266789209	0.827366883777102	1.072553724377465	0.8474527657793484	0.6185129758037458	0.7679337832529916	0.7135874016321933	0.868580755492141	0.6713077455744195	1.087146540557263	0.7522812477081295	0.8673927236812662	0.7312547419014173	0.8133513465318334	0.7998872472978177	0.7705384957443954
BGene_0143	0.041724354053160356	-0.11811003166443884	-0.07679404165667754	-0.06562046195807514	-0.11425238095940396	-0.11807457814316183	0.23578627094942275	0.2033025880360281	0.04483468243243544	0.0373775085240479	0.43360418875300144	0.005760578883338635	-0.05387697948175563	0.05697238585983467	0.02627996236011175	-0.012958438552880248	-0.02235214593134889	0.364634759039702	0.061408693701935343	-0.08519946273923436	0.4797871244956222	-0.05734645203530697	0.36411974922363066	-0.07477755880256139	0.12529758116569828	-0.09151634456421769	0.43797016118856247	0.12432518941201098	0.07838226473603083	0.16643788803337797	0.28073168751259836	-0.0025208633857010552	0.31745846735591154	0.04038787661904998	-0.10038901249473318	0.18902131171662997	0.503546790482861	-0.13075209530096216	-0.022150408739273385	0.011648479871794251	-0.011268065291245372	0.20650937534073646	-0.08346574879244233	0.435924248913147	-0.13525387780087625	-0.014805479078201187	0.0017439392048249288	0.08925925991950256	-0.003474419773174578	-0.07567881444856932
BGene_0144	1.709317843261439	1.6425332534121313	1.7029348908054136	1.6822876601506482	1.75607821555625	1.7064483053901929	1.7912824882785823	1.713190957939881	1.680254272974003	1.7413021677550826	1.7763893150359444	1.7034877215083528	1.6940578574754788	1.7848568319624516	1.7070000840108732	1.6691734607389415	1.7175125608503403	1.7868870301122035	1.7440968929670029	1.6620645483857135	1.8336814659222416	1.672882347337042	1.7952401612492137	1.7032753923111077	1.7226159431285963	1.6435648477435925	1.7644330510547646	1.7421108378396961	1.7169734175183107	1.7143519218099437	1.7968787873276084	1.7214811231387113	1.7445345859816488	1.7120301819330614	1.6884509871500357	1.7509489275924668	1.8050409291726506	1.7298415822616338	1.6816884464916555	1.7001311528956224	1.667271390751845	1.7385193271726551	1.6759141378290054	1.8368626351996455	1.6931435681922293	1.710057747976721	1.6800845821685313	1.7086872475503638	1.6901899019170836	1.727410812289804
BGene_0145	2.652978984097015	2.6134589480337462	2.643581815218659	2.6432027164180965	2.6340419016744834	2.6057823363084323	2.661929495325346	2.6736568640382856	2.617731927820567	2.602050622060413	2.6488879849967923	2.660859388795585	2.5938799302353157	2.6294055839626123	2.6425124846897736	2.648301635517348	2.601100281896674	2.632072678712771	2.6475076438321477	2.577801138061873	2.6311737063472735	2.592374159047765	2.6870852064057287	2.6178491119038583	2.674740733827192	2.607294000082442	2.650552000060845	2.6383323349314103	2.6373686605256985	2.6139647402313537	2.6275633328807313	2.5996992948996316	2.696554706231128	2.621235019163215	2.5634527296058667	2.650338264124058	2.691213650793736	2.602610704314839	2.608927400157518	2.626993388499453	2.658540596063392	2.6651233321287537	2.610913842003829	2.673413276985239	2.630681099863762	2.5890758539282106	2.6156257457231016	2.6519256411227903	2.6438566285565535	2.6057732131714135
BGene_0146	0.4764748369848275	0.25866797499913735	0.3491127659603748	0.4167126316282318	0.30797246595845895	0.45032012396308585	0.48172819933524086	0.4581021252164878	0.3553186386254037	0.5348290219514834	0.5761364020418368	0.39727773316923254	0.3711816742739281	0.530652370408857	0.41615115494930505	0.28178146069743293	0.3637698631870553	0.5379854758541762	0.47775100017642086	0.3126074495922454	0.5804727730859095	0.30061154697770354	0.5587204576657446	0.3220805061598357	0.4484192241696053	0.31090028371208794	0.5314828270526805	0.46713174275490577	0.42249432658575786	0.43563724294264283	0.497414546436389	0.4237088894284044	0.5886510169184198	0.3272219454790463	0.3454390047130093	0.4411179642696786	0.6472309001075202	0.4917771781298176	0.34380716422059143	0.46403242173217746	0.2930302412682484	0.4694390685028252	0.3787238299850407	0.5788118642539257	0.46105370991727507	0.4243046049926993	0.34765074615086256	0.40928756933894156	0.43319503216755995	0.3489633615187757
BGene_0147	1.749854018844534	1.798428701058546	1.7678970629285748	1.8272421600398507	1.8201198654189863	1.8110703433564879	1.8502632827412104	1.8314209919897317	1.7995248507441384	1.8360391151057556	1.8397753172075395	1.8250273430500963	1.784649315819815	1.8066277803030166	1.8132706231522406	1.788105684002244	1.8163184681916102	1.8808814457167298	1.8073455833901328	1.8220579408617303	1.8501568626968277	1.812664581596374	1.8468557140586486	1.8077218844340608	1.8641500757861547	1.8549745664729211	1.8192750045504265	1.8045819095018174	1.7928509206781578	1.851847758663672	1.8192901385844478	1.819513657792066	1.886230936400962	1.7687057342432435	1.7782820542091309	1.7799635303420098	1.878478365580214	1.7894278282806118	1.835414773900187	1.7590554224573107	1.7774358189249961	1.8408241223659458	1.7825711125443295	1.7888353067952127	1.7747309505783495	1.7937297076878906	1.780092204398362	1.8353018700172568	1.809867868916271	1.786330280677763
BGene_0148	2.201322223565102	2.1241546503348476	2.1786243982388904	2.1892068510018046	2.1493754246878685	2.193692623204225	2.185841676407685	2.1592035323828602	2.143875618862744	2.180517291371567	2.188652524771483	2.195070592829451	2.1465105591140152	2.18720948398635	2.2210487894190405	2.1700119598865397	2.1451546168423343	2.1934995498125196	2.1546459871841814	2.1587392604756017	2.2086072097696645	2.177993166525707	2.2315728390950826	2.150905196209113	2.180348218792258	2.177180120125373	2.1737271941120286	2.1905383780364653	2.1415134338182114	2.162843037354814	2.125905844013027	2.1753031408530203	2.1366027467739137	2.17802392796704	2.193307592501579	2.1716673854694424	2.1999677469117405	2.161570854990718	2.1414812471291014	2.142126283245256	2.158660929489501	2.1767196223119876	2.125849951656716	2.1691681386131307	2.167980446232629	2.178062842061183	2.1468166477712654	2.141458331882219	2.1609799840828927	2.154472123108298
BGene_0149	2.393266479393833	2.4017710485839885	2.3544882870435746	2.3753163903004237	2.42010574060403	2.428713284872886	2.432478375874668	2.463081719459223	2.4195100960262246	2.415812842973355	2.5231848574960893	2.383876785271369	2.4083634047817966	2.4388135817643994	2.4349897404121594	2.434400262442496	2.3679105802135227	2.455249059111089	2.4225449842396043	2.3842963095810012	2.518551565204834	2.3438096413459903	2.4749833585518055	2.4103348407123457	2.4444188522039108	2.401083925623062	2.4865628934156008	2.439511564963658	2.4341108497219657	2.4664764191858373	2.4783797453478242	2.4407423892882285	2.4924481940268057	2.371714390329508	2.4122604113771215	2.4486915348754303	2.5477965237125337	2.381701847704758	2.3742939508538656	2.4458282056576532	2.4206836944127597	2.4363035876885153	2.384650208469906	2.5002511840285333	2.3995131170895445	2.404927648962103	2.4115861767930062	2.3942473263223305	2.3771635953159933	2.4162581994982038
BGene_0150	0.6562799468057857	0.6739554835371527	0.6234789980523887	0.5047989315448245	0.6140627427448831	0.5593558211388291	0.733423190627385	0.7364835610847412	0.7186201937521837	0.5537069183715511	0.8152226877497853	0.594427551083132	0.6485058813721939	0.7200186942476912	0.6684493649659552	0.6468208790689427	0.4798205949881078	0.7969598293776262	0.6196454687887016	0.585224124831547	0.8425598895978229	0.5750969073434333	0.8020559441370211	0.4969055696084786	0.6430652261563571	0.610303399963105	0.7091815288133787	0.6874899323047999	0.691863250526214	0.7332273456022185	0.7219149520165277	0.6356458650869222	0.8404631562875723	0.45557729920122664	0.6320171029438856	0.6319962237403296	0.8537307183788307	0.6933678846421041	0.6431209854709061	0.6690001251569321	0.6638379191991693	0.6613147165197998	0.5582674888488813	0.8964888968696078	0.6161252732687325	0.6905476215929809	0.6141317853852343	0.6269602313917192	0.6153135000772847	0.6316176402730752
BGene_0151	0.04812904553536332	0.09293541782151712	0.2417553682814036	0.18664643527112365	0.2298467238913633	0.31608220738370246	0.10229103453869864	0.17673991928626417	0.14009112119351502	0.13585218183767842	0.17575508308094834	0.519361657865572	0.12046165147048526	0.1463653721581586	0.10553127358870623	0.5082203623076552	0.5667947602212198	0.07086498178932112	0.0861103823350398	0.35323014992930546	0.15945887294143118	0.27044543326746356	0.11623405959283768	0.26983958713391853	0.18989417142429996	0.18516646738818524	0.28521434567400206	0.2533135364488996	0.1969742135693901	0.13801391393343584	0.022004487681441053	0.33737778687086395	0.10906290826159044	0.4431731760598254	0.31656997340616894	0.3378869705708229	0.32172569600217327	0.14225188143640544	0.17260915723914624	0.2411531680152563	0.25171928659755416	0.18349567648511353	0.040256091031939105	0.14921411166292106	0.18280331750811252	0.12205592141940226	0.29855209966284435	0.4519281901904744	0.2174888523035536	0.358132005936208
BGene_0152	1.3532715294437234	1.405637352045835	1.413116086728591	1.3483840993184648	1.4513709307246827	1.3848981685187791	1.3569755635185357	1.3522513203176814	1.355109941231882	1.3031712845332322	1.40050069525987	1.496042963315611	1.394443294164821	1.4355990487522048	1.3388510381888483	1.5386611341898524	1.507311893012742	1.3962289115568072	1.3441077674278092	1.4307270763716584	1.360217634242161	1.4419077823166713	1.3488213037602874	1.4244338915372472	1.380326973912681	1.3572231836478925	1.3828735088747712	1.4060818523149716	1.3743796492266893	1.3656090307814372	1.3723402972385244	1.450633690161877	1.364213596214838	1.4799620889040535	1.4348987589898388	1.3742103329370832	1.4042655192212237	1.3739515796566253	1.4126057850637057	1.3994466478088279	1.4569412341941184	1.338572949044372	1.3200608761388364	1.4037831498263411	1.368362100154483	1.3669490493707626	1.4228157187874186	1.4891689898829692	1.4048452466538146	1.5102725129945782
BGene_0153	1.7625276228449598	1.756947509295851	1.779949819871137	1.7624585843137117	1.8038663163311355	1.814880389153561	1.832933674704503	1.7909700023911923	1.7662087389256387	1.757827565970587	1.7662463174179466	1.9135689208642992	1.7565720326458705	1.8123356102175026	1.7557369784087737	1.8868847433859655	1.8962533640081178	1.8058421779635705	1.7528769407209905	1.8056591678296752	1.7714915874985604	1.8141422297725358	1.7385785408764305	1.841470676328487	1.7122230006781471	1.8287806461561946	1.8258732010490317	1.77389296368466	1.764566022610037	1.755584590565182	1.7200276380087296	1.8374178224813693	1.7745412206076205	1.8717009085819287	1.8309494130340307	1.8234698663263875	1.870596658046147	1.7789944488191507	1.7876713402597921	1.8270916269817565	1.8138230318718824	1.7662765305393697	1.7976801843371055	1.762950188078965	1.8046788369872802	1.7322791123147763	1.8509682912720147	1.8743686359620022	1.7949220759001236	1.895141547681139
BGene_0154	-0.17795233598391022	-0.13775891129795678	-0.06658325677750078	-0.10879503893187324	-0.15663196751567915	0.008186711399492667	-0.08656025339807054	-0.0691477576902731	-0.07478388733460108	-0.1496877426669946	-0.03142728403503232	0.17096714543286823	-0.25232248611236796	-0.15366350809355775	-0.0943288266970827	0.21641728245289965	0.20152634862659374	-0.16339915332658775	-0.2150215845500768	0.016090949742661245	-0.12563417075156152	-0.025746022425259023	-0.1530784602671496	-0.07740483685226932	-0.20924831404226035	0.02766615492880841	-0.19520175516431001	-0.17107522167330766	-0.08557415955071569	-0.1124365515533185	-0.2721090509235497	-0.027187029059163273	-0.19629185863832405	0.010642678319092894	-0.013930733290525861	-0.10508618915504628	-0.003735418133460835	-0.06733249829753415	-0.037518339680637884	-0.09073668435103269	0.013791990263393101	-0.14390056621644898	-0.10465108294404868	-0.15750973102288884	-0.08328064728540481	-0.16527310837845569	-0.018790482761406713	0.09770611114666262	-0.1298464222838934	0.0894741587559516
BGene_0155	0.7678626602232363	0.7509802079100674	0.7253837018591658	0.7703954976120881	0.8269023986287912	0.788971052728049	0.7835173318796402	0.7376105465094264	0.716481211121774	0.7379576577716325	0.7834719252683854	0.8638059853637781	0.7180220135114082	0.7281757370373693	0.7450749050190714	0.8402122295065328	0.824585379122037	0.716089227853696	0.7224383567736559	0.7365966846795803	0.7625881200221181	0.7596510923669679	0.7887229610788666	0.7527469087120813	0.7594548109672262	0.7677612535147098	0.7715655644217174	0.7394595243825413	0.7533014352296103	0.7191940406033495	0.7907599661408754	0.7904789134064151	0.7451098445580538	0.7831061937185878	0.7947622796352052	0.7940022936517421	0.7454741484672832	0.7022533605925145	0.8025447103437803	0.8078278506996925	0.7566837671381649	0.7316888133874938	0.751725107409738	0.744312089705621	0.8225185689979987	0.7232942941376974	0.8238481589214562	0.8064589501840022	0.7744970802743589	0.8043118921023785
BGene_0156	0.9201260917043038	0.9430403515608269	0.9705454319934933	0.9639447707066502	0.966632301505334	1.0021971929681759	0.982900878149786	0.9441381692460789	0.8756923935487383	0.9207090434205594	1.0156391234506674	1.0505107045835522	0.9691084665723181	0.9953803438706745	0.946893974516042	1.0066018592304358	1.0915170924532707	0.9653772910974424	0.8981692261098764	0.9362287138897837	0.9850545500967259	0.9336211331217271	0.9533003370284665	1.016653766699966	0.9832149852224207	0.906669279017192	0.99532946941953	0.98890534254328	0.9351592548338985	0.9273716874836607	0.949517280924375	1.0410770493587351	0.9285537611966768	1.073249063668185	1.039023928194159	1.0271726578430271	1.0323364395893664	0.9594330976070515	0.9120942675256559	1.0357480236758914	0.9799814589447808	0.9633191468828959	0.9131848454911868	0.996193415940525	0.972367727228872	0.8885671311478892	1.0477669649209138	1.0386365047225654	0.9582182780660328	1.0354081360571532
BGene_0157	2.184861097651653	2.2331022231620397	2.279920257007154	2.2386659841299643	2.2514349833360168	2.2623858553015785	2.207847664342788	2.2150598599135134	2.2110575385496425	2.237496026053414	2.274824634124365	2.368044747497865	2.2119289666055284	2.2278592212487363	2.219436871353218	2.379377725817176	2.4083809594478014	2.230070129392469	2.2011896868611167	2.2837909275505095	2.2447323613269754	2.2668862215012036	2.2131400532283987	2.257975277616981	2.222832886227555	2.2766035353926877	2.2612323320060086	2.2548569106482135	2.209496407481228	2.2145853005361404	2.1934836976885617	2.269716718730023	2.2331218744063785	2.3192209532026036	2.299171501295961	2.287754902406476	2.2840209819113104	2.2241335193360214	2.2099551442815883	2.2312442183307013	2.24574753746267	2.1842503883391053	2.205623919127777	2.2302818211468662	2.2630445750307437	2.1822665295051253	2.2455422351455154	2.307956272715858	2.2444431835357017	2.3157289696864285
BGene_0158	-0.9079159366746554	-0.689171000850991	-0.6859897714147409	-0.7555226083122683	-0.5654876289941617	-0.3506638141222728	-0.5625210363234121	-0.6695314569319888	-0.8772201317346705	-0.7372735241305806	-0.6884096918654934	0.12498956532456806	-0.5817762993900132	-0.6400040872482664	-0.7639051221260952	0.11199950714472141	0.04654915293929327	-0.62653581089839	-0.8391614107538706	-0.31517228632315797	-0.7642065493282073	-0.5253291782360013	-0.6759458169230349	-0.35994366925538995	-0.6998676308535343	-0.45836559718154085	-0.5790742056385023	-0.5766377195519223	-0.8112692922620267	-0.8066384666200965	-0.8849044002908517	-0.34578037915115384	-0.9344555138540411	-0.018695588903290327	-0.3282141449560361	-0.4282504934364202	-0.4135624653248367	-0.7460238231712094	-0.5382007292343594	-0.37406318375068	-0.39589281236299434	-0.735163861625956	-0.8576391546669687	-0.7560965869362498	-0.6524759017100917	-0.8613549272192388	-0.2901611754310377	-0.032349768558572516	-0.5207455918852454	-0.06349108019074817
BGene_0159	2.196910844949039	2.1960221145402943	2.3002906515225616	2.2164724052136533	2.260192620307376	2.301812567871223	2.306393487514168	2.2482952707443347	2.233515787699816	2.19976167029341	2.253482091972486	2.384287782030629	2.2453739318906063	2.2383981988479364	2.214173551204156	2.384515839903189	2.3903919545253123	2.214550969214804	2.2108414119280773	2.326346698298204	2.254355959407196	2.2720268994127757	2.195361198714386	2.2312974113450266	2.179748170471839	2.2517153160563383	2.218325692209223	2.260490826108892	2.1980268000113328	2.2087338207351825	2.198460981246547	2.2959520246166756	2.1708787713143063	2.3476517590963217	2.300069875285055	2.29027163210535	2.3084851529262456	2.246312431604485	2.232740792794515	2.2653084692425103	2.2691210269260043	2.2300256431663343	2.1884074038022234	2.207553048449434	2.242474819802419	2.2050985345322363	2.2731506365714194	2.3537440903247067	2.24283737992528	2.351793322989446
BGene_0160	0.12226688400342481	0.20748743553277468	0.29523516466483213	0.21047458387752924	0.3337232776448175	0.3812246399870104	0.23995072346540794	0.2563890393973932	0.23081620360419478	0.17759058424831922	0.3301966519878015	0.4328090651650306	0.25023387499884653	0.19804478818120885	0.1656885366978129	0.5754526230007427	0.4960004241228078	0.21115095278854923	0.1780044977837867	0.3295092860402647	0.18422986889675635	0.2013276928427547	0.16117632176402646	0.32425393801138247	0.06975756342594444	0.32367251820319365	0.21030660598611256	0.23120253383648054	0.23913334657827628	0.20520045012340205	0.10878656275450409	0.3932605635679176	0.10422756892593232	0.4064462623790403	0.3099485342906098	0.3948839832923782	0.3267933826002955	0.1990573087841517	0.3008273714948961	0.29579046061315845	0.2706236495735032	0.1464752388911155	0.2215762450898471	0.23225977668284992	0.20716363392505147	0.15035198298694358	0.2914890650065179	0.429313894501936	0.29904127991844626	0.39078429753180927
BGene_0161	1.8120788432199553	1.8015847215102148	1.8211162753380037	1.80144102337346	1.9147790043665107	1.9255673848162365	1.857536883871496	1.8286672527594874	1.778441385158286	1.8557533347595587	1.8617686280357926	1.9998745452082183	1.8566342114924979	1.8549876705937465	1.8286736945387336	1.9890769451970016	1.9742528360454912	1.8260347764576172	1.8018537094067697	1.8743645575733767	1.8665739582432272	1.8166550887231998	1.8241499446589753	1.889369944625469	1.840960143229987	1.837358010190592	1.8641304584496332	1.8918004315197265	1.8308736668302894	1.8381786667314461	1.8138972221748162	1.9133466336655425	1.8506022635132888	1.9779891054828498	1.917418649146375	1.8920201723810108	1.9135388764113348	1.8115435553697226	1.79971941634679	1.916542045975144	1.8958439171504988	1.8869039029424097	1.797439092422586	1.8021784755829509	1.8179185677963456	1.7845498176724144	1.8328148905320736	1.9752109931681057	1.8398079190756693	1.9140423791144485
BGene_0162	2.251021874412096	2.2820240038664332	2.276051021559261	2.2683894805164617	2.2154382382975957	2.2185572143057937	2.2574568659675824	2.3037238403310716	2.2913066571769143	2.2654142104564	2.227657785690323	2.3418707734658435	2.2484425853880006	2.295938142379523	2.2449607109116676	2.271972002156749	2.28977677226946	2.2056039054236374	2.2652649210602003	2.2851985822091363	2.274996398122381	2.2787188873641377	2.221410626489006	2.2483853460211156	2.252782265059267	2.2408191669320083	2.235308448942118	2.2557463409581953	2.257011283264761	2.284181474584142	2.2783110347272615	2.2959782240682602	2.266280085713769	2.3182218851731036	2.284265895970136	2.2792855806365884	2.3141256066673628	2.260086686313239	2.2599427397559233	2.309848358342039	2.2894048206697355	2.2222139465363564	2.236874037084296	2.254165925932573	2.310638205243001	2.2743006285867122	2.2624189968657493	2.2883794502337573	2.2411233630642333	2.3032642990823917
BGene_0163	0.13070750784012974	0.2163301994779159	0.2838798037997046	0.19252412575991143	0.4819123875348755	0.45006506514980105	0.41040598146240564	0.21942476758316534	0.19519114798004886	0.1650318547588124	0.3332716553744242	0.7325149946769954	0.3021771081836286	0.383127298374356	0.20889777995980555	0.7717935947386131	0.7273109647095535	0.2816929859237466	0.1273727221081034	0.46538977701697276	0.32931512431180654	0.2901378431966015	0.2515138328076393	0.4004094237814354	0.20220972777905782	0.26481308515764673	0.2682807602680053	0.2970761273193944	0.1609443253480491	0.2509961004079479	0.19205160601492965	0.4585587522437084	0.24465228101539654	0.533773274871302	0.46238803067353496	0.3334518663630041	0.5104211821138599	0.1947233219080943	0.40865524737096665	0.48697305247641287	0.34265497853142457	0.11875670705883187	0.23565161432948128	0.2997996699903391	0.32436164956213875	0.1048242700819222	0.417842237145388	0.6545055285876771	0.35612059222409403	0.6782418229732596
BGene_0164	0.716282139610053	0.6815800678062942	0.8010881727133493	0.6769274508047267	0.7187355304474654	0.7126685909963754	0.7640233146554112	0.6960025246935599	0.7199318249863473	0.7376915366294826	0.6830092492256833	0.7634692946714211	0.7067331557534593	0.768609705797876	0.730193941946142	0.8046457533477468	0.717818498897997	0.7788168711452722	0.7311199496007436	0.763727764609374	0.6961745959089831	0.7581039447369329	0.7094280802549923	0.7563378192785042	0.7183631749185337	0.6890301596944098	0.6144650998349663	0.7337575011327924	0.763425614652032	0.7673205434259782	0.7142882082297795	0.6731492305907532	0.693885837712219	0.7289301182131699	0.7022461145685627	0.6998024366819479	0.6210847303090665	0.7146064559927645	0.7462030824726384	0.7044709240962663	0.7042952289993338	0.6426738338929967	0.7223032364821479	0.7126106360120971	0.7332476844738164	0.7840846599906387	0.7517926396668316	0.7438431795473065	0.7076798894760411	0.7954674518521841
BGene_0165	0.076316313508348	0.0667648644811557	0.35234933589487405	-0.0021919930277532673	0.3229587513937944	0.36174690864152526	0.10065366682149327	0.10848508636490414	0.02178234566153094	0.01039637801284337	0.28653325780500105	0.7563776688228713	0.2809846282979369	0.2321545210248207	0.14059731995904057	0.6577406333628014	0.6790506818510194	0.14511937256309201	0.08731646747481842	0.3429274083143524	0.10072441327615701	0.24004484488156994	0.12768571350339533	0.29022779125865694	0.07601312079675727	0.0946952589927365	0.06472245793684361	0.22449673115764857	0.0397867624729424	0.07485602287193707	-0.019573086121777206	0.4105217187551154	0.06821250201727709	0.44121608508417554	0.3195548188628014	0.1800955776410255	0.3346114385998813	0.17253097139843263	0.14253475495410678	0.3399569497008335	0.2742745502144656	-0.00919700351045884	-0.07366338607961812	0.09565241111078351	0.23140722088033439	0.10546114480385883	0.4471222442456121	0.6386861661055134	0.2513724262339113	0.5642896668776549
BGene_0166	0.7249058380876816	0.7237326318865533	0.734634695742167	0.6947075931202766	0.7569825090999049	0.7314392859151023	0.8003146666387088	0.7793619459394658	0.7788863639392926	0.7436331445029937	0.7918665927269508	0.8589201236135985	0.7388021531305263	0.754872658064387	0.6925604678752728	0.8324331980556252	0.8133847061046018	0.7128222261000521	0.7551152182606296	0.7745869020054945	0.7455789963016975	0.7441628141714653	0.7276122027723186	0.7671721463557867	0.7251431584744551	0.7781684277510049	0.7279334019653831	0.7011883626184746	0.6763015722374692	0.7525116488466935	0.7422980078139133	0.7294822269702517	0.7414137318321092	0.8054946059243329	0.7416094224067041	0.8049059549276121	0.7914489365507582	0.7243166167131821	0.8135125038457969	0.7944155127263925	0.7682919886649038	0.7417050529155077	0.7549409017965037	0.7476282339580481	0.7216811901525116	0.6569433155734998	0.7176125196943763	0.730546585061149	0.7379359475844428	0.7538688722603993
BGene_0167	2.442756373004439	2.454714948603908	2.4722586417953774	2.4633626263645905	2.5424983849237726	2.536608264299994	2.438023413561833	2.42608483401103	2.482333716815559	2.457192663985042	2.4704594780414717	2.5757164820756593	2.4976998519143194	2.455973455959728	2.480357641850694	2.565526021314853	2.5661533666855836	2.444983968313411	2.4598252699794387	2.5158726167706225	2.4790252026672226	2.439293592694128	2.472674608120478	2.4525220640621472	2.4471199809574684	2.5009842268235123	2.4570240851798233	2.509677784651301	2.4658835992105557	2.472772669374017	2.444319626160393	2.5206626370449694	2.41308486871392	2.572258377914606	2.4983132146937077	2.50165940581203	2.5018381598958666	2.431493233951338	2.5053843625727845	2.4682366459556953	2.4863290138159484	2.4605487876994774	2.444058277749498	2.471646591068526	2.534768968810175	2.4611113696071762	2.4769907707572543	2.551313442578886	2.48829235936836	2.5422114607197464
BGene_0168	1.9237975627014765	1.9993437183211704	1.9530914332695801	1.9954384868114539	1.972136395667075	2.0448338960272823	1.9768169024884514	1.9875839865243965	1.9495429326724925	1.9535410972622327	1.9991445659536549	2.1416687809747654	1.9639356476152243	1.948853340968462	1.9411553747088475	2.092198517725146	2.0778841395236594	1.8831170229443266	1.9400064299177058	2.0125934854940204	1.9461448906235408	1.9636039112451227	1.932411039151993	2.0303767318055557	1.9528311513766798	1.988239463071206	1.9805244330724285	1.9534372217401557	1.9785549085602003	1.9455717875150462	1.9193718353427667	2.055811972667925	1.927260293464396	2.011893698210194	1.9986223916999055	1.9763905548391534	1.9928785124315036	1.9407110103092104	1.944200342684271	1.9666957956040987	2.019750827836206	1.9483725128944067	1.9380055527723137	1.9371858893283098	1.9843633208308913	1.8980019204487257	2.0392181418280275	2.0612882576609004	1.9726856721727541	2.088694222196472
BGene_0169	0.7609740286624748	0.8805656479017744	0.9637570350325225	0.9051867305103315	1.0656716778199251	1.0873800988602405	0.9575521676272537	0.9011643523460293	0.8842552351614862	0.9037216725931845	0.9435735351747844	1.294583221663143	0.9026329729025518	0.9119327540471578	0.881203548388554	1.3397582690144325	1.282491823217576	0.9238189675809421	0.8126957382046154	1.1104252437444682	0.9368672063775522	0.9464585569049093	0.8452860827608701	1.0496661953436	0.9154712609191465	0.9647470637639712	0.9245331790649499	0.9785254631729954	0.9266942651986566	0.9207780837684301	0.823510189047236	1.1033136256702445	0.8665794343608209	1.2225955423263495	1.0842128617992242	0.9978367713649592	1.0195544429568435	0.9130640963330868	0.9581952631331256	1.0645828184613373	1.0252117947633261	0.8551098838438116	0.8478623999951872	0.9186868863221115	0.9939952574370203	0.8610458620237905	1.067533565017844	1.2072633737138745	1.0522720047221295	1.187499793978324
BGene_0170	1.5349265556100118	1.529106532781166	1.549602188813739	1.5538944432851334	1.5608172974814607	1.57997070106779	1.5751099236901172	1.5680833105245577	1.5431339208624517	1.553215724671369	1.5780529467322661	1.5834792644984135	1.5707172347909586	1.529207299547658	1.521654824336758	1.5968101317202408	1.57017800600955	1.5331975348542322	1.4793285660498956	1.5803106398550304	1.5508327872105347	1.5144541547675232	1.5327328819224981	1.5725938195390707	1.5782929022133798	1.550680494724293	1.4930810856535066	1.5689098718456813	1.5590903702130712	1.5492412059458798	1.531426603548566	1.6071799398646904	1.5502256801405796	1.5694844238915908	1.574667784585945	1.5667909134672175	1.5820159136059548	1.538596830644218	1.570040956910674	1.6179669136483414	1.5593098975497004	1.5286221128200608	1.5505956088826578	1.5712900320974288	1.5636731703162967	1.5265349898328013	1.59746533613317	1.5735037267877037	1.5554505722706724	1.60736712985792
BGene_0171	-1.0190339400228892	-0.9000260074846677	-0.7640789147044862	-0.9009486479728765	-0.5576471621490496	-0.5830277908477995	-0.7577355411930092	-0.8349612472724329	-0.9072145775716455	-0.9587858165285296	-0.9883426115549193	-0.39197056080252174	-0.7764835809464996	-0.9106289280157769	-0.9336128291412787	-0.36850562183116553	-0.2151406591636976	-0.8903564987235134	-0.977460294436583	-0.4601278370032234	-0.7499122948382837	-0.6878218689460672	-1.1587472225619688	-0.8304801789059051	-1.04826928808743	-0.730047639505779	-0.8948434742010148	-0.7462620602241153	-0.9165537335494902	-0.8863145143348584	-0.8285716605528799	-0.5066701179730941	-1.0148644683975332	-0.746477595133569	-0.6388532119765021	-0.8322876371985253	-0.7352422552056258	-0.8985751900820139	-0.7956559853079934	-0.7121032762729226	-0.7502093866864801	-0.9430184934303233	-0.7784591047504636	-0.9685203836174956	-0.8265646851678297	-0.9535702834554123	-0.6192127854451643	-0.5109740881469652	-0.7619456863845915	-0.5646165158589941
BGene_0172	1.1340707026793055	1.0959949921180625	1.2298917764987602	1.2060163056907045	1.3103054538724295	1.3486357552479233	1.2175563292161735	1.1630805329482632	1.1819972581212113	1.1746052859890133	1.2503079953755738	1.5019202861369456	1.2275271563575063	1.2210641877239439	1.1650100240553007	1.5018227135672602	1.4861012246287109	1.2060178005127806	1.135543854257121	1.355245776074427	1.1561194254141007	1.204602932180465	1.127228441931682	1.3036380379990962	1.1301595293132585	1.2696249397850623	1.215026547806991	1.250307182763979	1.206265748582537	1.1858276609866514	1.110379689358207	1.3001137969488683	1.1241899149180787	1.4428377915037103	1.3215726954286011	1.3279826900715226	1.2872720999565335	1.2203392181246502	1.24521446924387	1.2819226826983448	1.1915787314542297	1.1100925885608477	1.1762169252413435	1.2175521973984986	1.2559624940280902	1.1445126215144548	1.2747255631722911	1.3967732070036916	1.276434370041986	1.3898777203210573
BGene_0173	0.8765442581231511	0.803512769875448	0.8687152229241965	0.8260729515432398	0.7786491487449998	0.9554454580074733	0.8760456645486927	0.8738267432466986	0.8609598389361793	0.822750017497851	0.9211818556843835	1.0525985544669734	0.8279052829822702	0.8674085856228659	0.8885427943098958	1.0874380936970818	0.9902862745971304	0.8725159380653755	0.8099321858071443	0.9104622072120566	0.8410393644345365	0.8658996818645593	0.8468275390696542	0.8480262909942468	0.8229874234125839	0.837935435674597	0.8119972097846495	0.8909899983712359	0.813113043329051	0.7796023466861263	0.8149412392009401	0.9531247246803269	0.7835614296238573	0.9305854183386445	0.8700001231960575	0.8367489063771862	0.9400473677620356	0.907061972787557	0.8771774462470355	0.9048845586911445	0.8684242895210692	0.7880233688469909	0.8186988367075732	0.8252975347012141	0.8838941026168488	0.8181053124327569	0.9282653370979085	1.0471647093168026	0.8458365780174139	0.9902443359990689
BGene_0174	0.9814745199444334	0.9304442465107446	0.9869427792857575	1.0185904429123689	1.0485933821611155	1.1771079524647476	0.9768512674342732	1.0377355646881845	0.9630022596976658	1.014441083103854	1.0201683336565353	1.2574138610077341	0.9837944663388534	0.9496273034653392	0.9742644604308124	1.2078108393798659	1.3152867612760875	0.9881103704480991	0.9316407671303174	1.112547168009309	1.0443598365280182	1.0861752721135982	0.932543714370198	1.0671702665103067	0.9861161391735532	1.0488410360901939	1.106170153409828	1.0637706162551634	0.9798056762081401	1.0257015862168577	1.0280551962466606	1.10405151589585	0.9462242073996759	1.2316295044530572	1.1575529508751334	1.11639260081967	1.0485740097396816	1.056947067104145	0.9741439044395463	1.0929691033333353	1.0958687696956781	1.0747586437989805	0.8912780122032833	1.0600887497416038	0.971463134992647	0.9741463570523223	1.1274753079765236	1.155138165681795	1.080584865052698	1.1539737601568094
BGene_0175	-0.3435049593831771	-0.22675577770777017	-0.21464149120420087	-0.3010841596464869	-0.18772387239426974	0.003127727588195966	-0.18083867892433308	-0.13368010171638778	-0.2782427144766198	-0.1272411167097039	-0.21452982943687765	0.22597269174503207	-0.3164030451765203	-0.2283078321656636	-0.23032751345495084	0.3079140306357142	0.2108414440234807	-0.16622401179384044	-0.2791804380115142	-0.05343527924871145	-0.12901904378201765	-0.03796262225042369	-0.17871922894651987	-0.06174179643380237	-0.20181122795170564	-0.12218382559527921	-0.24530137393750404	-0.16929601838892036	-0.18078431760003172	-0.2409492965661836	-0.2971241679563626	-0.06582935899646715	-0.30691082815479565	0.09717576578086966	-0.06550795778012693	-0.19101335889881488	-0.08295382721380044	-0.2636039154728509	-0.22448596811517524	-0.09867181097017169	-0.09926013159037965	-0.2812746302160322	-0.22370325758279977	-0.23473623087596962	-0.22125559855271953	-0.3078696941738762	-0.05232684620109138	0.17739858706025144	-0.21766297436070794	0.08668194469241516
BGene_0176	1.6436427459893013	1.793709881798674	1.9552686293098582	1.699939277177157	1.5941848623635075	1.5934900511700865	1.6582125055376338	1.6477721626858393	1.6975917012741748	1.6382657713518414	1.6482291177401263	1.6593284856888035	1.6366541984290777	1.7474872299852784	1.706192434045656	1.625253053013982	1.5744449065759185	1.6263362530695649	1.6973517613843176	1.654758097566047	1.6626794307772057	1.5840575521894487	1.6871855231036137	1.645465249291148	1.6256883229763381	1.6704264777061033	1.584646591835698	1.5952603389685016	1.6385846987288102	1.6420069190419493	1.673112318038706	1.741319087582971	1.6410297337214566	1.6168461479785534	1.5990805864789013	1.6448223728424496	1.6958668372405281	1.6456481554944216	1.661196710661931	1.632782829988325	1.6398287360112005	1.6275977600250489	1.6144111940376662	1.5858790629883845	1.7625227266343348	1.6167044330605684	1.6388866212535846	1.6852125783282823	1.6105674538401378	1.6431383482003363
BGene_0177	2.093559182543601	2.1185729609679953	2.1896483275287353	2.061818522024788	2.0774971958021116	2.1018659032998888	2.0816903085461402	2.0770299348802057	2.1230958312288366	2.0484056932311088	2.1250885612166	2.1055503807706324	2.0752628727437	2.1242393875232453	2.1096625601272274	2.079242028993683	2.100584845284093	2.018846502001942	2.1304897743836846	2.0573794476626914	2.105706054646968	2.08962454173082	2.09896414856108	2.0459798025917744	2.0793794631076197	2.0303489540051842	2.060472455648458	2.074396202772474	2.035694542206272	2.084841055981767	2.0892271270085416	2.0970169602693107	2.092166524664501	2.091882846910814	2.1061211745368715	2.0801379433862217	2.092672890293758	2.1817695511492614	2.10494640925425	2.0937288622432013	2.0603462944137925	2.033882406784907	2.1102018531586397	2.066907325620111	2.1509915927395755	2.063569854888604	2.0681374520269777	2.1021343772557586	2.0828993485160217	2.105685839021711
BGene_0178	1.4628750483834119	1.7850359212978741	2.1307279269253363	1.5882632721622565	1.4593486996830394	1.42237689768553	1.4404051553700545	1.5455209774418757	1.6898821020734618	1.4354820377613682	1.4578241526518725	1.5178861969662034	1.4855828840797385	1.6561703019976373	1.5343338966251334	1.44803264161268	1.4230646218513368	1.4687846349562361	1.5645456336915462	1.6087241924985267	1.5643615135265978	1.4824339139178486	1.4583389393031994	1.4549254121985489	1.4616139099960896	1.5210330975127482	1.4494051894340128	1.422577718363766	1.503803332617014	1.4723297466839527	1.6288516040594962	1.6128551753853646	1.43917218204053	1.4329351464034785	1.5287721755412635	1.4606594010220433	1.4711950331628054	1.635905970969576	1.5184426238336923	1.469518780381235	1.5067231772127287	1.4736025367029295	1.4714104434522324	1.4403588586998741	1.7121742573523135	1.563695751227343	1.4838298844049647	1.6068465982513493	1.4009588710692784	1.5631090245051125
BGene_0179	2.776731215759342	2.8827453854617384	2.9955454738126193	2.847835220654349	2.749493929366484	2.728255681437059	2.8146620198178565	2.8121822357649573	2.8593065253622707	2.7838361426103595	2.8197713677650564	2.827120957283785	2.7602337583295333	2.8347870620182625	2.8086741131961106	2.776778618130952	2.7859064353534073	2.7738064461654655	2.8540521633098344	2.829361340113935	2.818052566536969	2.7752120553284767	2.8061727329960777	2.7826887320120073	2.735606991316011	2.805658443904406	2.7980795974296284	2.7759277220134546	2.79090361954136	2.7933820929068673	2.840606551766132	2.8163475442897172	2.7821339378747187	2.7460267162814382	2.8311111362051826	2.7917221976002518	2.8247552298927214	2.824433323166972	2.875677755061247	2.7590484628138205	2.8062414932484985	2.790226677748678	2.75242044218707	2.7419979106563814	2.845229237846996	2.8130133973821745	2.8378051635361152	2.808610959132365	2.725884882186251	2.795940916299175
BGene_0180	1.4842236335735182	1.7758441416926338	2.1473618507096552	1.536929976369615	1.4875896533369986	1.3807410103735092	1.3776566398038197	1.563748646431524	1.7202361190790636	1.4046093999606786	1.4535143046552323	1.516903213374659	1.4593601231752182	1.6432079455230229	1.5709439185300285	1.438717935880523	1.406807432602848	1.3810157187900316	1.6029351682510475	1.5452198203915475	1.5391131265843392	1.4853045332519266	1.4394425478252195	1.4098436747208296	1.401017313036396	1.508907620075781	1.407588484506208	1.4615655149352298	1.5347189694175325	1.4724469670129157	1.6083688124561883	1.6406257091765186	1.431220040290882	1.4077688337847327	1.4841229141610355	1.4253420563539105	1.5178963635983695	1.6338181862359697	1.50594827309948	1.4313316285980044	1.4712059990120572	1.4226770300391927	1.3813980772439007	1.405228035338432	1.651529336284667	1.516242032914371	1.5193399408981452	1.5744516540370372	1.4277500912503018	1.5183825428905078
BGene_0181	0.5855664741432234	0.8293710157177205	1.3417253843385148	0.6619375855018316	0.3203850717175819	0.4462412656686466	0.43286526847391205	0.5308535514069163	0.6983063639368904	0.5007199897693828	0.48244766631402847	0.5341488849923792	0.41388889809658175	0.7851104293359106	0.7049912690868338	0.3278388485651152	0.4738403770453865	0.4632837406781682	0.6836122915908887	0.5265862665442768	0.6906833698160137	0.46602119645138645	0.555571045740049	0.4477641668217623	0.4581028038592025	0.41109699018701357	0.41804072778831974	0.42637448078828094	0.43994113403541574	0.47275017828364213	0.7008002614169803	0.7427141109697657	0.4873677281355646	0.33406823739379826	0.5517558972366425	0.4114953313719091	0.5742219516162166	0.7154878968768345	0.4073912021016869	0.397919308393434	0.5276561467566602	0.3621552526065133	0.41083745613240036	0.386229900574416	0.7860825135692939	0.6201059845788893	0.5964061171520645	0.7070269338962465	0.4325822210486105	0.5258188571355555
BGene_0182	0.0516983191864971	0.32323185389654724	0.6767385126521188	0.25473440644097595	-0.019059549606217988	0.16224272873324766	0.010813469161786429	0.19363102751144448	0.25418333557911293	0.14962694263231127	0.07019586263387236	0.17837443151312138	-0.010503933736372836	0.26271900177108426	0.21046303525828933	0.07039822388475371	0.07318069574942558	0.08960419767695367	0.21261980687338525	0.11640406680835579	0.1865799551912533	0.07720947064305747	0.13329962510797247	0.12141391622071018	0.15141771969814388	0.0795065726976061	0.10330642421615553	0.1258456414271596	0.09475857623578596	0.0409627192871325	0.2050492633168402	0.2427561064037879	0.03191067561304029	0.20702871712430143	0.14172265696758987	0.12745327434319442	0.11468984459218468	0.25126174719923294	0.09187881773998478	0.045018187578619556	0.1503000701680245	0.1427577921969404	0.020830467306989658	0.0662036341232317	0.24971993291575018	0.12331988799968972	0.048189276965494715	0.2869499761233212	0.047833041464599275	0.06556610115141256
BGene_0183	0.4229029906554847	0.8484919016895874	1.3984286831729118	0.5220800151612645	0.3663920613670053	0.2874239796545826	0.27177741233325675	0.46774035824787386	0.7685482399659105	0.2543318613781826	0.2900399834160442	0.4253974440360614	0.3165457781149978	0.7212687584456784	0.5441526334010302	0.2701660336345452	0.30205179597878473	0.2760712602003175	0.558463162219772	0.5710690648205637	0.5853501233231867	0.38195314433741984	0.31052167236392964	0.21713003612143325	0.30946444463169454	0.3743148713375394	0.321072066363723	0.34089491401675576	0.38661949537587254	0.3304614672725325	0.6332305579296099	0.6491474841040438	0.27103894065556955	0.2889467880263077	0.4509515432354616	0.2879896527160214	0.3897181853628468	0.642875446984126	0.47362644912714136	0.27336865267252414	0.35295882756733177	0.2656096096769458	0.293845853610584	0.31708490450483684	0.7476471078080819	0.5710449800994253	0.40010949454220796	0.5841550410545866	0.33065213990851205	0.4369661266123461
BGene_0184	2.4108843618515357	2.4859793398480905	2.6146700932734577	2.47284269803091	2.3926432801017894	2.4304924394582295	2.460740150899426	2.465868835731579	2.4656683051452033	2.487148979808855	2.4517217349901834	2.3826295470396044	2.405065891265054	2.4815337441079133	2.449321291469956	2.3914766604967945	2.4745898607994987	2.440020233359184	2.493457396700381	2.4574061415003023	2.4230895568875432	2.3702248400968244	2.4111872299896273	2.430225376823264	2.3714357833021094	2.461012165036407	2.424252354994737	2.40409386603127	2.4611243141484413	2.4000481396788516	2.4737990536144063	2.466901922405179	2.4141355401656255	2.4039478319339667	2.395121055168765	2.4321463053092	2.4293029621067	2.409325090924951	2.4679941722206187	2.3756211712853146	2.3939718113428965	2.4564103966751962	2.426219638747087	2.4246930220682286	2.4889774349649563	2.40009463706741	2.420779471988109	2.433962261654877	2.3868051720518073	2.4058816505532614
BGene_0185	0.7642027287758227	1.1679926547910386	1.5684755283391714	0.9574031570491621	0.8898042635896407	0.8754692582340742	0.7883993791668759	0.923773059971763	1.144608644066527	0.8191621297514977	0.8809539949984607	0.9404863729149331	0.8286465452008288	1.0565787471046477	0.9356605525209245	0.761287529314255	0.7587028783025698	0.7540008061728832	0.9680826234986579	0.9003087774652141	0.9597623113372085	0.7983863149179985	0.8561764491560243	0.773418175044959	0.8728722357670391	0.8373326159747194	0.8153795069729259	0.7975558033284437	0.8241942377921945	0.8489698023753637	1.06620139502751	1.0890707227532195	0.8157296093903631	0.8118101201482906	0.8879371381526949	0.8660389696101939	0.9166534758967515	0.9774349380514383	0.8328766764998602	0.8205546671871946	0.8720864782773567	0.7981950756857774	0.7026628536779594	0.7841650291279466	1.0846035698180791	0.8731220011967596	0.8412509907720619	0.9912884954119174	0.7591308619808252	0.906571011514946
BGene_0186	2.367924216978048	2.4795127331364535	2.7060087189119093	2.4117212518047597	2.302756673430293	2.319567927936212	2.287782563939683	2.3585155302482073	2.4691363760722447	2.2953272501398554	2.356041987692258	2.3546783100051853	2.3049012363562777	2.476603552758173	2.3894185124738625	2.30315085122804	2.272550388888457	2.3320156366399316	2.4131814757275625	2.3715389867650876	2.3559914334115355	2.312914189514464	2.3044184086777175	2.314855676471367	2.3150854125023126	2.354052257785647	2.275953520754877	2.291012904847858	2.3421977699043444	2.3538941589160047	2.4397820911641093	2.4386283158436504	2.35275451852791	2.2670862322478524	2.341479924213075	2.3258591253169176	2.3603234696964086	2.3826450380625306	2.3520412257344088	2.283093362959969	2.3606351763825484	2.308070677043072	2.317541295475355	2.339297737180241	2.4126081989393757	2.3895287028598675	2.365737226316764	2.4217163792684784	2.310111446044219	2.323849259659721
BGene_0187	0.5941778373437346	0.8253567004642021	0.952427494050898	0.6616652614363109	0.5109752165121556	0.4956054989343288	0.7056301650643034	0.6321599506452716	0.7398718191068541	0.5207425241324065	0.5734708630010416	0.6448536009420848	0.5463388118735496	0.7642943154515329	0.6822346900930775	0.6675904999518549	0.5683761235020711	0.5916631622120949	0.6411753227302573	0.6158314751193373	0.6425610745350943	0.6058733325424049	0.6487924764314454	0.5820859622614458	0.5586848057199633	0.6432310523962944	0.5876720562857394	0.5256515515850376	0.6518745549640033	0.5502223672085512	0.6712616929110087	0.6835205055222437	0.5548171239340727	0.6280535421105344	0.6511258174153773	0.5920622393390722	0.6343415856849438	0.6895354592619515	0.707382266516269	0.6191433350624044	0.7426246407741921	0.54148901388748	0.6452812664552192	0.5661200987198862	0.7005871999631504	0.6299244362948314	0.7021229467517563	0.6655876134302958	0.568709359244516	0.6664268195660811
BGene_0188	1.5873757620018603	1.7451691718915203	2.0767169135087475	1.6208212037005925	1.566521087992119	1.5778532944984736	1.536183756472346	1.5572612093816076	1.7369960063846939	1.5228411635336985	1.544795343977502	1.5965603493496718	1.4918479578387807	1.6978898082977836	1.6072466114749118	1.5140018651190825	1.5684466067116223	1.495941571164574	1.6287030826737785	1.5717234304292786	1.6256069775177822	1.5315247143376391	1.5724781422092202	1.5556026827715121	1.5288668182401068	1.5186407383083762	1.5316523028005802	1.452712828260354	1.531286540099695	1.5311365346090762	1.6519269771981204	1.7039772522874532	1.5139994704532296	1.4938210393497977	1.5783078616595816	1.5389058936667046	1.5611333162965046	1.6160754229378607	1.5777893110186136	1.5428232688774517	1.534445501376922	1.4616929122986444	1.5586585004412545	1.4788069315786352	1.7629411593758622	1.6085199804607524	1.5926142839534756	1.693972906075241	1.5184825268022408	1.5559756377378475
BGene_0189	0.9408583038443196	1.09017634987446	1.4058702395149436	1.0075521388814337	0.880780837290519	0.9346853325806086	0.918412080837547	0.9831515700089694	1.0657389074918597	0.8751398301761711	0.9607093506183467	0.9597991261949971	0.8456258978251043	1.0393968197337762	0.9907413792010579	0.8263086027201573	0.8751506954058961	0.8989388734265894	0.9927789553666567	1.0015874936184748	1.0312964877617912	0.87147319508104	0.8857488265147673	0.8561255036138392	0.8590770092231467	0.9393696901258677	0.9212459107790908	0.9002355818720421	0.940210692647358	0.9075996905139143	1.0056833179395186	1.0588751916464747	0.8932670701500162	0.8698752926620132	0.9361491091556153	0.9148921901927882	0.9821685839219368	0.9975605263048538	0.9420973028375812	0.8783155791991965	0.9075332494046014	0.8836895331327992	0.9084927702546854	0.8884210269593562	1.0680129743463682	0.9632060699349845	0.9707882546376839	1.0216935916962782	0.8946709975159339	0.9607860470696076
BGene_0190	0.9871828170729186	1.2337739999838613	1.5442223084363564	1.0441795190820973	1.0113024437957963	0.9837165027224224	0.9415612590602865	1.0114103640615555	1.1524219340910928	0.95040323534024	0.9813735953708987	1.0548160101935764	0.9763091260322155	1.1003856542746457	1.0566457310511712	0.9845767020303362	1.015554685166714	0.963906080488737	1.0527841575700874	1.0999308516200044	1.1200386029247857	0.935371080377	0.9494115304974753	0.9375596087525624	1.0350541647186244	0.9895556065298292	0.9846684365668245	0.9811476198731777	0.9470503427484269	0.9818882260599477	1.0571527131419671	1.1274834844430537	0.9814674564460875	0.9715321922809779	1.0732647169878102	0.9427359918224147	0.9740032229073495	1.1136143390596487	0.9987522171637554	0.947188219495692	1.0362352819454699	0.9723440633701319	0.9436796639926245	0.960140357536991	1.183362217469693	1.0521886982108284	1.065044267467844	1.1079436122787445	0.9636935323028823	1.0354449837434152
BGene_0191	2.6256518022783597	2.7915643975125524	3.0016324793838844	2.7137681622955983	2.6231256342052585	2.647100820544415	2.627245345531454	2.6944395281539015	2.735797826976505	2.59604182243866	2.625595040169558	2.6856865259290843	2.6399144070409117	2.735691071152263	2.7022169022070375	2.6457222627225536	2.623072397213191	2.643052290742286	2.6850509334906505	2.6789699632276873	2.7058038400671247	2.62077135836533	2.6413982264345743	2.654033372734606	2.6246322268291697	2.6935543414066667	2.646371598410507	2.6187144199800128	2.631181997564177	2.668964152229536	2.6887813654297297	2.7534744258348165	2.6322169874364936	2.6675485877163316	2.645347549597324	2.606916140534556	2.6600370943798954	2.736319648422813	2.6994205357807872	2.5919646726410734	2.6809134146393063	2.631978581779298	2.663480429071931	2.6103701093277576	2.7134926993330426	2.6638958491088567	2.6994149945746453	2.6817738216385947	2.650991043091846	2.631471357586731
BGene_0192	1.415283697784304	1.582348559762666	1.9585228263041996	1.4702979181463613	1.3431902099953152	1.3138376737269903	1.3128943706991767	1.4227353564123124	1.555092615353428	1.3060377417237516	1.3853826211252394	1.4293789321486763	1.3004125976753835	1.5503135796984673	1.472566703920311	1.3656749432953934	1.366116375230324	1.3480946378815548	1.466432791724078	1.4435016549166204	1.5035388981099513	1.3357243596657336	1.3616741918883357	1.368982700955264	1.3366130732384647	1.346230223621825	1.2998271091379097	1.3338574663861837	1.4173010566603115	1.2899372718623063	1.5179629415702727	1.4991350884377594	1.357903635807298	1.3704925369857202	1.3735481564878689	1.3646364048450679	1.3906423938345929	1.441931217920663	1.3509390733530875	1.3293366509270053	1.3509083698830613	1.300665629164748	1.325172338004974	1.3798431818413892	1.5090792782496056	1.4302329675075671	1.4574437679543735	1.5105864141150207	1.3522743932981405	1.4385278282468212
BGene_0193	2.356016000320085	2.4833087443064383	2.6898833520271004	2.434093659679904	2.432064903496516	2.3847473959221963	2.3401872934345516	2.349779435794292	2.469397520460068	2.339348328765415	2.3432524275578066	2.401900833765989	2.377337411678092	2.4887244142015845	2.4431488359262947	2.3282290085882864	2.311396623475966	2.3895051867658146	2.441031705654692	2.425255730989724	2.404072716089359	2.369341774462697	2.3928606348936694	2.3325711550716344	2.40003722994564	2.3435135342339835	2.3540166630757744	2.3886377953573636	2.3286114381534384	2.34813742610498	2.418540678888377	2.461212150820755	2.3889641612558328	2.35362619874854	2.4079063892955723	2.3745413513533156	2.362484004608096	2.4543239139006605	2.435305292472187	2.386361890533357	2.385573154999789	2.350839508908343	2.349291003290971	2.3673443087761687	2.4480229482090197	2.4532638118551238	2.3806709510881134	2.430970293996615	2.396230514806247	2.367979954727385
BGene_0194	1.6911652997188864	1.920680429215547	2.234589985480131	1.7621683984251073	1.657115864541526	1.588129801853581	1.6329371367185141	1.7535723586378469	1.8992973863451843	1.6307460275277363	1.6620489308577895	1.7334494755903596	1.6400352846063744	1.8264780047221598	1.7313247787300463	1.641750856551357	1.6420063562155414	1.6155875141602076	1.7544160787490917	1.7154221746513385	1.7453119909687649	1.6616075096674265	1.7276668758548024	1.5960054119903662	1.6924408109645783	1.7148606269240207	1.6750617365026312	1.668949636399089	1.7082676732868	1.6963393752759295	1.7858183813137296	1.783397107952252	1.6284871958624731	1.6945938655785937	1.7098706905222483	1.658538952225035	1.6973480413618762	1.8520819016236294	1.7252461124046192	1.6651255905856335	1.7013586818532864	1.6653956656190227	1.6115957857589394	1.6445899300762299	1.8352539384383433	1.760349723391261	1.7261393458009235	1.814715676125983	1.6265455645757367	1.6479908048432097
BGene_0195	-1.6436235723571078	-0.4563433649526062	0.47765815088774344	-1.1980880143154027	-1.528804565267681	-1.7832084873825835	-1.6391891613656484	-1.34436804992361	-0.5912161352366598	-1.9898715493248933	-1.5939280538085334	-1.4311218806526602	-2.014473365819289	-0.7510868354974037	-1.0614170895380748	-1.5584521859046736	-1.8073444153116023	-1.804491583684331	-1.2037499337588906	-1.0888114944184948	-1.0017192611090835	-1.8170168029798879	-1.6674164585215392	-1.9187610296980426	-1.726786879624201	-1.4722892735324862	-1.9350537264172232	-2.0744112677962776	-1.6161382497425616	-1.578967589675809	-0.8664616498708839	-0.9090646565863121	-1.6421253460719556	-2.05129532845361	-1.2093405673422557	-1.9583250085008501	-1.4453141013151332	-1.0246124177667149	-1.0769233785055894	-1.7740081364773237	-1.409391829845989	-2.116456314688944	-1.5269312254946703	-1.7948735874029402	-0.7872369606095809	-1.2679521368401654	-1.5795501714576294	-1.0431814651523663	-1.7423084364722514	-1.335073816752093
BGene_0196	2.2272760120743818	2.3279382981898626	2.414724700871359	2.2657763053184468	2.3018178525843322	2.2834698813230037	2.2590022875345004	2.20397160767614	2.2824373892668155	2.2817860932744636	2.208388253483667	2.294090742698658	2.2976336531770385	2.2500276915794206	2.264105575640465	2.290047230875218	2.248103945730094	2.2834251914382357	2.27105040279374	2.2928372527517924	2.2432126985490446	2.2655242906726927	2.2350918490893275	2.26411533634254	2.249634412182753	2.2689120411831554	2.204700082095832	2.295981464566474	2.2492495596680264	2.291627962908889	2.2525140168614515	2.2486207995275187	2.2517660321057664	2.242858133744564	2.248234205395552	2.2629034914370307	2.2636671962944397	2.264073868469464	2.297224926819261	2.2387267434602576	2.238415850138059	2.2288896061230337	2.289357672442772	2.273652793447054	2.269995258322801	2.2560248099193285	2.312548626048489	2.2818915094377523	2.2754111304295597	2.242670839086365
BGene_0197	3.0515608730513355	3.034057613464932	3.119066063722389	3.0417119252271725	3.0346830583219404	2.9817830552033584	3.014498450758409	3.030539366520974	3.022791017250689	3.001945106580549	2.9907273080079166	3.0098208942388465	3.0269729578160005	3.063238293360693	3.0198583711439695	3.02706029459258	3.008371677425611	2.992663836681034	3.036494156170023	3.0529109429592527	3.010889296095167	2.9952113905354176	2.9964296848602996	3.0367432320790253	2.9940317424129756	3.0140276929008496	2.971710383058035	2.999551153862311	3.003491463316661	3.0015912448746094	3.0392774808975673	3.0133630798980944	2.9950767128442224	3.01323845759095	3.0100347976982063	3.0245721665101106	3.024996493105447	3.034308366085633	3.0526955716660775	2.977545522316319	2.975248492789894	2.9995303183662707	3.015231881407051	3.051204092083847	3.021381498314506	3.0538078810597473	3.0169797252148562	3.044160209592729	3.023717472249638	3.051923478792026
BGene_0198	-0.32292255786162105	0.4218188070163854	1.2369859493962805	0.012770852823388933	-0.3289809517004492	-0.39210081095112514	-0.5702462505203941	-0.17777915146013049	0.23966065854079113	-0.4473734100153493	-0.2570044181390713	-0.032327602600274154	-0.47684732112133615	0.2343039085114315	-0.03117833438784064	-0.4167849142751376	-0.4065413636745227	-0.5270326560006827	-0.021626259449759815	-0.09436674728539153	-0.04488441129666982	-0.3909760013471386	-0.34034267911108856	-0.35498134930318875	-0.23651997328043026	-0.4020312233162506	-0.3335028422727973	-0.375721025205357	-0.26467852342398696	-0.3892211027764169	0.04308876054542012	0.1759297155162562	-0.3567242673329552	-0.2310968394148418	-0.11639363453008501	-0.35495943973609684	-0.20661347993598767	0.04697793029467938	-0.21806804175818387	-0.4198256383695497	-0.2361350982171067	-0.4507393247151109	-0.47104114477820036	-0.38674917813399184	0.2956298176069322	-0.09054095229156514	-0.15198782935426702	0.13205845054169274	-0.35528174730689077	-0.07069356859573843
BGene_0199	2.326589467319658	2.3779276073154136	2.382745019279091	2.3403214141237	2.3282905560952285	2.3164482270332574	2.328269732588796	2.331496579406115	2.3559088806338786	2.2956510856547276	2.302472663979203	2.3122595257556173	2.343773740640572	2.339435480385805	2.316966676104822	2.3325743288914227	2.2871563673582105	2.315467998180229	2.366284105543847	2.294081100107961	2.313142524218068	2.266169024970256	2.344375862017152	2.2587211350053127	2.2871474020443556	2.3327395406977947	2.3063045289802955	2.317361409236999	2.278482294943542	2.336448402578661	2.34993717547694	2.3554189269152257	2.3056333271793044	2.3569124392867247	2.310893243745999	2.2961146896769464	2.3180767871775645	2.3264927927888484	2.305678666366639	2.3323334954431996	2.3212022180593257	2.3264190809513043	2.3066637932823926	2.303231460877271	2.3911318517866063	2.3606103350107746	2.332958558370621	2.37400536331579	2.298187392440297	2.334230298158962
BGene_0200	1.1537249807845085	1.2687265206053446	1.4468033482260132	1.1879710684949012	1.1081461517345055	1.1950295344642228	1.1119852411486857	1.1699538101286597	1.2261528335060303	1.160923951210396	1.078526154539797	1.1559074059108423	1.1354949452938394	1.217283980842291	1.22931292779999	1.092984648533487	1.1227958680102779	1.1507738929978624	1.1627592737657915	1.1595760397908632	1.1977202199927204	1.0852413211273266	1.1053839573855557	1.1059659787769762	1.141304300838902	1.1524279433969866	1.0863977370952982	1.1999378834423253	1.0713523813817158	1.1395306503496299	1.2109392346794057	1.2256615426164943	1.1344618456088056	1.049261797629164	1.2111993274514619	1.124115941939958	1.1810331600103172	1.224467855036503	1.1188529043748903	1.1352503490178534	1.1483635903747678	1.1613116594337352	1.1311051071865124	1.0859942739628177	1.2524198038311953	1.1730766159847184	1.1180582392776226	1.21966127649541	1.1199912214956653	1.1666197196702344
BGene_0201	1.205602509361106	1.3769372855495094	1.1872354887061556	1.284442897769066	1.2840739596068016	1.219912288673607	1.2264296426920456	1.2514366909727836	1.2903724289291794	1.2464900714413893	1.324827528922039	1.1802066449195099	1.2658808665814076	1.2430086270844736	1.247255163140062	1.2777674909837964	1.3116002148890882	1.28348511888412	1.2173894099220757	1.2645958886263151	1.316758519944198	1.3354163900061826	1.305019589454097	1.3359258243535685	1.1833644008575552	1.3049047596851213	1.2007213523244578	1.273826045037578	1.2764428303041562	1.4045299924367238	1.2251124571730145	1.2269250347221186	1.2881760930380248	1.2171596084653165	1.4257299693121708	1.2499209843964671	1.3357735588661452	1.304445195580732	1.204650658868294	1.200128508033892	1.4375356959793806	1.324223678032588	1.2160030799600527	1.2383855822761225	1.2135890887116811	1.3280687524701604	1.2112831833718154	1.2473761538918153	1.2786625656289576	1.2031242821310681
BGene_0202	0.0932996770915745	0.19373417275992622	0.07224512907648906	-0.008793093359787063	0.12955185198706554	0.03362449229247077	-0.06153443550160703	0.052765506367951055	0.057768049475636414	-0.06608292263190234	0.08356554637131659	-0.02297750208584369	0.1850976737296265	-0.026262768732700427	0.0768576688588986	0.085464507925737	0.04266118141390586	0.0021778571815533813	0.031909227896406815	0.05674692445532241	0.09488296510948803	0.12949246487994912	-0.008612996483579521	0.02101761581000116	-0.032290635909006084	0.1325088441825354	-0.09088374426000542	0.03350652821437933	0.09232939968105755	0.15302439546344532	0.04005528288332471	0.06161746284578344	0.0944580828517582	-0.05942473917969321	0.24656974883090665	-0.06822127183794076	0.05627936895298579	0.07592273957756049	0.06421308562273392	-0.03367386692181645	0.2459577913673009	0.04204092136337723	-0.008729077528930904	-0.020230431645846363	-0.004426638166767232	0.04875243949685228	0.0334054375403975	0.026455796332012557	0.15702201268744512	0.0014806393857669732
BGene_0203	0.1964815720141978	0.5224017273439625	0.015141993833741003	0.34254681046838026	0.017868008435020566	0.04794365843459294	0.1832738314382684	0.2086938489126028	0.21141224820370755	0.16734150080090907	0.3859879352375883	0.10601372508035678	0.20620860174633626	0.2505104652031168	0.2658851940423431	0.06293158226289791	0.24518612475977453	0.18582627195789198	0.10880306244140807	0.09134476381229867	0.5172304130153071	0.4607400533378646	0.3498592655578961	0.35137919980917826	0.2667499477558273	0.27677701789536835	0.1995634437205951	0.15560492729012435	0.1838329443416312	0.46633917438408035	0.23777572067118352	0.05024713971818623	0.4112870070115842	0.12295422065812714	0.609916519814676	0.12928778654615858	0.40012233712733464	0.25451535948406745	0.11764258733860397	0.1445190498828653	0.6380532946238494	0.4656919365986641	0.11818132249913224	0.19752239023507118	0.18705546873323836	0.24647982469885568	0.13761677549177168	0.1802044350751203	0.2823827422602667	0.10391919828980763
BGene_0204	2.291859382351302	2.3003641407937394	2.2932589850605183	2.309244696532937	2.301264507997131	2.2648323938187747	2.2581734715441657	2.219622121798486	2.28477486265153	2.273150358300634	2.2986826894861596	2.279313989177767	2.289158130370882	2.2568118598466187	2.307989339515203	2.274955528295687	2.3116808503063444	2.273558984291479	2.240633807181754	2.286112738402994	2.353293980189364	2.3095791340477194	2.314048872460893	2.2932397098331516	2.2590538032776735	2.259494190472932	2.2812766834027793	2.218953733159007	2.2624630034283117	2.3319831807424127	2.31423468838043	2.271561370687224	2.3091570297083557	2.2359297825398428	2.3696896688494524	2.2609448720744583	2.2705665650660394	2.2841105494074263	2.31774865059855	2.2672382821777313	2.355792100991712	2.320004477599401	2.25039329469135	2.270892032172822	2.2704516322013513	2.3193037679759416	2.2932501271491272	2.2541852695750384	2.29390564162765	2.2533816938299376
BGene_0205	1.1319703024582086	1.4024098021118092	1.170852564577901	1.2809841244328353	1.0605978299865013	1.0617686546857235	1.1603049598788466	1.2131351367525707	1.2493469848761756	1.1636378942387877	1.24870164708788	1.137789786459101	1.23470416619266	1.1770630385180503	1.2121251918700127	1.1859503667161757	1.2616646979590467	1.1584031247987996	1.1371938602912026	1.1873058237826506	1.3293819706662222	1.3492151911938182	1.1877519185076777	1.2446369846373146	1.1670874400076838	1.2633390600958845	1.1838304818310776	1.19636967239257	1.1900465254619415	1.3887846672099065	1.1992870303432712	1.1078375638193059	1.3082901951335002	1.1774857051714207	1.4223601389055633	1.1644068468656714	1.2657733853073057	1.228321955130304	1.1659433663509469	1.1238088389825085	1.470474073323586	1.3675537304111172	1.1371072205007957	1.161587756629415	1.1315358783006066	1.2032778657695797	1.1314154937948664	1.1629444177968622	1.2359829473165227	1.1112079428896533
BGene_0206	-1.903305848298697	-0.5930078723741086	-2.107333101994961	-1.209095985894736	-1.903731921783941	-1.7102275889836271	-1.8937785926438262	-1.6575951697531695	-1.478341435099009	-1.4861012917305143	-1.4417500000029841	-1.9454014669241113	-1.5151337577412498	-1.493292758500889	-1.0412419145417957	-2.0682071956521817	-1.521844565459622	-1.5938863904363492	-1.6700147692738505	-1.864415161395688	-0.8459546986479141	-0.9473934711736361	-1.0664895162192465	-1.1125846354817288	-1.5340002925683633	-1.4052111671027896	-2.031792327924575	-1.8063099834761456	-1.9676954197972156	-0.7223560247552073	-1.3809676277883536	-1.7432504407468983	-0.926942456012789	-2.078354931302591	-0.41041498942316446	-1.9579615934255163	-1.2389134983555334	-1.3227203030200738	-1.7880520894195915	-1.747414579447931	-0.31905772354942596	-0.9345920823466398	-1.851293872631758	-2.0215123428616675	-1.6278587824860231	-1.5047967793936852	-2.4054411816131673	-1.6067507641614824	-1.3286647763945967	-1.8986151657598456
BGene_0207	1.5112723190795851	1.6456196303010082	1.4641225246518477	1.6406213286228264	1.5035202032043595	1.5283990586349343	1.504697297559484	1.5613389462153628	1.5650701499385422	1.553676620539592	1.5941975420254237	1.5074074752749678	1.4854946901862534	1.5704401909936436	1.5946358056607504	1.5728057381380187	1.643183154661436	1.4972898463465787	1.4813938524832835	1.5634085841016991	1.661673612161542	1.6604993425372836	1.5715250462962649	1.634644210701982	1.5116154140128417	1.6251073055357605	1.5261792703419523	1.5442871245366652	1.5282040146963343	1.7078615936274877	1.4910635689226641	1.4966804130874536	1.6376595579055502	1.544729440361716	1.7069665971892425	1.5585965571707634	1.6084934493739649	1.6182348187528113	1.5263847206756	1.509107368222025	1.7798251623235586	1.6100398304209624	1.5295996769325644	1.4797378092274265	1.5222384956844095	1.5802222053707942	1.5127785308679687	1.5189334003895498	1.5605706188799309	1.5193410228913877
BGene_0208	1.7818314847508896	1.90330952086476	1.843034843571395	1.9659416053861163	1.7673334434715766	1.8329303407876394	1.8120815421973693	1.851305657015902	1.793141224009298	1.8454556076071922	1.8701585726789376	1.8669307827018826	1.8483003500461064	1.8388926149012523	1.8352422498874312	1.8289102875625167	1.859797955444892	1.7731127519101522	1.8485118592577525	1.8157583795109267	1.9436881269135764	1.9180945934739717	1.8835453011462069	1.8814820612281082	1.9174572922281259	1.9317835114655206	1.8752000564289524	1.8353753277368026	1.8442228245476269	1.9519249237944505	1.8326868527243103	1.831630298595823	1.9189027062698956	1.8919071240368552	2.0393510805646913	1.8397137979683262	1.8774976264760357	1.8492369973169058	1.8455676142937247	1.8661446456366304	2.0075060571341057	1.9299691455886645	1.8297972631700545	1.8548839005975601	1.8335245966382292	1.8573639775849056	1.8880369350908401	1.8475270213608999	1.8203260376964427	1.83604287526333
BGene_0209	1.5461881733524165	1.670743229403373	1.6100841039019076	1.6298048386557873	1.55984725756864	1.6165069877219989	1.5694198674383966	1.6220759057502432	1.6005886759858305	1.63254527628936	1.6410532012085388	1.6007723628815616	1.5828849973973782	1.626892313849145	1.6082506340388474	1.5922382190048527	1.6047966667695222	1.5837047221437217	1.587178325462724	1.5646436474731378	1.6846595437715217	1.6749506744606935	1.6064837141582324	1.6407242429313016	1.5922075331802406	1.590728394593312	1.5435193260137015	1.5670618068510038	1.6048608263300979	1.6718376920953313	1.6264044994468234	1.5839224560375924	1.6340826895664144	1.5868940380575423	1.6480441598195936	1.589940287806976	1.6352328136599925	1.6358936787208846	1.5939656035051146	1.5951009322977647	1.6839227764505575	1.63146958150414	1.5619966548236788	1.5954261177672797	1.551458222125223	1.5625769681338242	1.6002319886552134	1.595756897895631	1.5795989737975005	1.6277288040956814
BGene_0210	2.1464438941267567	2.267933347513185	2.170095448627341	2.2305694977207766	2.0966975632750757	2.144001322693799	2.1912505507448516	2.1579067825847753	2.184248054949598	2.1860014685535054	2.241316427201867	2.17910572838443	2.1690650585304567	2.156786450043701	2.2353979633433396	2.1690790597171663	2.188470936286447	2.1634899430078423	2.160457920603068	2.2019559079715503	2.252249617797511	2.2482040957353466	2.181545153117342	2.2087986683412866	2.169215943527954	2.2094938245612212	2.1766262666898037	2.185305283774849	2.199507740463996	2.2373023109395778	2.2025659301740674	2.173514959014972	2.2307947682421414	2.2019526599137738	2.313112659292833	2.1873376957633823	2.235015649771801	2.208535605148558	2.1715942001585495	2.150224304765518	2.2796995991734916	2.2671539762755564	2.1994382049219037	2.1392785582490363	2.165278685694927	2.1378773772494135	2.15730523368625	2.169126721432788	2.2165814113296824	2.163609442978271
BGene_0211	1.2836915867462986	1.5227231734190287	1.2667664088969457	1.4031363587513415	1.3189103764400352	1.277190370403316	1.2783584168809798	1.3304141687641662	1.3491681510141724	1.3104785577603812	1.3371871740041543	1.2664914563259373	1.339437206618896	1.3528407587724647	1.3653621701226957	1.2742793911267412	1.3417053397468577	1.291044936794266	1.3013399365014378	1.3700010775684253	1.467037478495687	1.4701766108091137	1.4096296848238505	1.4023791441545308	1.3318025212374907	1.4093806610374298	1.3335540606385476	1.2919547775412785	1.3402710426327582	1.4642760594878035	1.334949006029176	1.3421620089885011	1.3901854647246852	1.2595529716666851	1.5333309786783704	1.3026729474523575	1.3637681279589804	1.27963003398757	1.3433884066817607	1.330068376883248	1.5432771235626095	1.3976391083927087	1.3230175865832667	1.3256056875295283	1.292864828950905	1.3481483708626296	1.2648075466189594	1.2811512724513145	1.3178007274196784	1.258448452074032
BGene_0212	0.7232609208804596	1.038493230806614	0.7345542710171492	0.8714560708723293	0.6839513537204778	0.700543998072282	0.7694960404751958	0.7725415365935462	0.809196875323857	0.7228379192749963	0.8159744115038075	0.7041624148029823	0.8094592472272215	0.8204958910767978	0.8536702373021114	0.7356129317926074	0.8726249482984167	0.7761816019545307	0.7677197981364938	0.7284061265588789	1.0100222197571023	0.9656710558684123	0.848173684412592	0.8622259882674317	0.7605793109236831	0.8871462710831658	0.7340577615915707	0.7648862404912506	0.7835287043756712	0.9994813320093725	0.8107589643297775	0.7369984965623486	0.9432096569316685	0.6885413708341205	1.079625037455384	0.7396944004458673	0.8724826729318419	0.7964056151856034	0.7060344803907772	0.7623166076535076	1.104330597801058	0.9512046161174958	0.768450649268258	0.7150542162342096	0.7779232760453979	0.8069907901301147	0.8011581649226994	0.7892257957807375	0.8060590714799859	0.7225425942184238
BGene_0213	1.2517240341356606	1.353447742290696	1.2027585546044801	1.3163476519222796	1.2424941589939327	1.2298284410771463	1.2744206489502323	1.2857691498140416	1.2969099889602023	1.2934378330308023	1.275991031545605	1.2786998313994677	1.3037346853825087	1.2948301328410545	1.2683295965440398	1.2351621143766705	1.2590852280301867	1.3376119276558855	1.222692999057341	1.2048196714176178	1.331110534418379	1.3358990735366834	1.3481244361961768	1.3085699145419463	1.3011893620434374	1.2709861913360938	1.3330347021030555	1.2994933485412306	1.2600772700036371	1.3532433449593606	1.3365211434150064	1.2733251701417376	1.3365042151591464	1.2726890465359038	1.3057822607310081	1.3397557520960703	1.2977381600334008	1.2749769669199191	1.2938544577790743	1.2711181100432403	1.3067475394213057	1.331737420713925	1.3060302087363453	1.3162200941869282	1.264174183302034	1.268703600272335	1.2799215877645984	1.2738933249169384	1.2552581572243058	1.2978935915544634
BGene_0214	2.0413411498980487	2.1658054291633406	1.9962689816764736	2.0645268971468966	2.0435861552804484	2.0397217588408147	1.9886627590498558	2.036111773455681	2.0748914369468197	2.0129136613629397	2.092843646062043	2.013947042679344	2.064478844673147	2.0770884334348843	2.0476709101617216	2.0213501895362516	2.0659608784093435	2.0291537502410364	2.002560383467819	2.0654788928931387	2.098964232129515	2.1125954734891645	2.0408020226710963	2.0951615986456362	2.024581060269536	2.054595888944777	2.0215917080121106	2.0059774260269823	2.0359089421305123	2.164231598755718	2.0333379718134053	2.046892008686706	2.121315586359362	1.9722789916291004	2.204788065612822	2.0468323543749642	2.0815379438379593	2.121285729914541	2.0429798508031105	2.033949483632089	2.1920805079593566	2.129522645114578	2.003838674953555	2.0396646341542604	2.0340429193023564	2.0734200882173033	1.9992695776911826	2.0032344235389936	2.069077965892228	2.0173896510017637
BGene_0215	-0.20351086923611206	0.2865458323656723	-0.2680015930874825	0.05708699457076375	-0.2884537892975122	-0.1244623238002614	-0.10790658150407577	-0.03793790166205405	-0.11625028271656865	-0.04604541662279376	0.030846609331717973	-0.1366949339056689	-0.05958769173864009	-0.10477418886951866	0.07553236852739427	-0.20097983533679253	-0.01131980215085567	-0.05329955624517022	-0.07790794235487868	-0.28786084605418405	0.25273482126767643	0.16463915258621425	0.13421061538327178	0.169138816482499	-0.0388787340325925	0.02611739620596798	-0.16581618677493923	-0.11760127313248081	-0.08586383094523622	0.1701536257984952	0.0033352392275521996	-0.15846381010025073	0.11652028554654008	-0.14786069447870145	0.2896908668370006	-0.14148658137416853	0.08343882804602304	-0.10152660989505798	-0.2623692850125714	-0.14161135266618555	0.3856698274187571	0.15613438023620985	-0.1636309412351508	-0.1050576889069309	-0.19019477725127945	-0.09466842021798653	-0.06727916323637145	-0.055343080397647536	-0.09653026286557041	-0.16722023140823805
BGene_0216	0.9213833179586216	1.2007231138595105	0.9669638810130782	1.1143672162512641	0.9869425896967386	1.0198128889167093	0.9890258728571749	1.0406490539760411	1.0140695354329263	1.0241096145145823	1.1317856422969288	1.0636599776605766	1.007682313905217	1.0423975350825991	1.0801788321960637	1.0307246022736747	1.0951226742444888	0.9695944927590211	1.0027473049698632	1.0314970653791822	1.2005741161012164	1.1657332119602744	1.1222837782102832	1.1703525226454834	1.0340721275217128	1.0901909959053389	1.0310433938778407	0.985525254847854	1.0249514938299134	1.1976789572485167	1.056945620738229	1.0162790966680866	1.2151393402026398	0.9875147001737565	1.3380229420467407	1.0060684267103128	1.1654869561434058	1.1003232054635068	1.0041243896470937	0.9966400491562789	1.3096403705176787	1.1529529271250718	1.0072995824826243	1.0364341378494135	1.0257863720765275	1.0409721185841625	1.0024691663528718	1.0931151450660455	1.0915344900309127	0.9898635706015904
BGene_0217	2.86517588276221	2.9314905522598047	2.8106944040257242	2.875006894379215	2.816569758254839	2.7927077059215826	2.807506148405562	2.850726362869413	2.8507290347006053	2.8413919610467206	2.8687018051529383	2.860861337022959	2.846328803159182	2.8516712547407903	2.8868592546096616	2.851218122173786	2.8767411515764842	2.8382531457055293	2.8640143765177446	2.874527313397701	2.9054335348975964	2.914605028600451	2.8539906053061626	2.8810136415016174	2.8680054594029127	2.900807708032671	2.846310702895363	2.864230505094095	2.881498897858097	2.924386868975377	2.9007239141971817	2.8542747015019794	2.9049697006513715	2.845666352126314	2.956566802855874	2.8501718127291986	2.8705351180790575	2.843369828754551	2.8663737798644466	2.824275518286322	2.969578978661828	2.907671893040817	2.81496341263877	2.882742454444113	2.864835521543982	2.8788908593328526	2.8526610858619543	2.8719865425071722	2.8538366772469965	2.8445157087822754
BGene_0218	2.6787856526088705	2.778865060583798	2.648839319701025	2.6964531163785486	2.6554521593333194	2.655578416861496	2.690984316367642	2.701762344639747	2.659533404968513	2.658010488667908	2.7088491039489244	2.63935619799348	2.6873732384217024	2.720467934759448	2.750290536336597	2.6635254019905608	2.673612664156113	2.6819584951936255	2.691240532971516	2.659891645512411	2.7723047740404714	2.7750719497590324	2.7538951312342403	2.7465412303020504	2.700994199564591	2.6596264617282492	2.7377254308580206	2.6663720585567763	2.7162806998716587	2.778796669444177	2.6550015592299903	2.6760571251094114	2.759602510317865	2.6655840261041837	2.7969334393304526	2.641707224189142	2.718327589960461	2.6946144201032975	2.686633043244706	2.6950897856544374	2.803522093293958	2.728185636776246	2.6868748746108038	2.666008982892294	2.615583859142126	2.733180975487379	2.7231797303207452	2.687582297647233	2.702696814287857	2.703462959596798
BGene_0219	-0.5140079057503852	-0.43797216013330803	-0.69058639231694	-0.5618306291647901	-0.6379688327448	-0.6871243408705435	-0.7621578421664872	-0.7514169295488086	-0.6415367524465643	-0.729538181922811	-0.3955133690855601	-0.8869025994842121	-0.5445956043549611	-0.5957693993732189	-0.437946691652152	-0.8299937724652319	-0.6291757439303279	-0.6496259917805006	-0.5963103433709331	-0.6742876063767604	-0.37155690378070966	-0.5463900680344497	-0.5741899766732734	-0.523388413130537	-0.8227993126037739	-0.6826943746544081	-0.7638769832145885	-0.7020777030428575	-0.6323649705177822	-0.3706615485494647	-0.6703402145625957	-0.6319065009581984	-0.43666845118234326	-0.9641590926844006	-0.30111219723680976	-0.8242835619854804	-0.5567779246788718	-0.42900939407820626	-0.7130734416191291	-0.711555348259781	-0.29646414040472435	-0.700448879059097	-0.6696748040263512	-0.6385699461810234	-0.5502160344547683	-0.53153576900475	-0.721194265069054	-0.693875020037657	-0.48624083783355554	-0.6543759081842624
BGene_0220	0.6356246345906236	0.8705038749473825	0.5111688334710994	0.6675566438949427	0.6750652261997581	0.6614952142901095	0.695995699083576	0.6822132305312505	0.7437575720471579	0.6887817604364267	0.7002742000518963	0.5762251869537363	0.750720187017067	0.6561289658810243	0.6344481964656998	0.6464699121441257	0.7570099531412439	0.6793216084388864	0.6665905344426267	0.6594609868369897	0.859690898476175	0.8747805526323508	0.7133509371399412	0.7623494903101405	0.6751861918452481	0.7872792141423716	0.6090772038294697	0.6585998536085962	0.6005616254564594	0.8710380327086351	0.7131245900957145	0.622620974682679	0.7674221630094866	0.5309840178545472	0.9401827264674169	0.6087411398402668	0.7804719787026414	0.6690864410114737	0.6316300562974891	0.6537636109225503	0.8978557166281097	0.8308631246179033	0.7502235627926157	0.592286863860722	0.6254926266800906	0.6709649026217578	0.6243621872963231	0.673222601468462	0.7024216666622379	0.6158437858858351
BGene_0221	2.9494049979501074	3.0295044898515022	2.9935494549568187	2.9947987958556146	2.9498759767805445	3.008589102723449	2.9622468791508227	2.9589241291496453	2.991648183869525	2.9738415010854418	2.974212997696531	2.9959657085985896	2.990590509130778	2.953247755781076	2.950418625416536	2.9531121395944715	2.9718875707571675	2.9857399096982453	2.928659763059863	2.9521771078116235	2.9815743166672464	3.0232685878324683	2.9705921092941776	3.025925975164341	2.977411589257262	2.9902941914059133	2.9772376925342914	2.9421154142196864	2.962985964392042	3.054213383092228	2.9708507945417315	2.995990574993949	3.017134239235388	2.9778883802064398	3.04338499405391	2.9864952707925156	2.980307246084501	2.9807566180025007	3.013877435772256	2.9605970510305335	3.0223495014270405	2.9978707480045244	2.950553647570949	3.0049667267737954	3.011806193713392	2.9701132256116693	2.937442735000752	2.941326226044263	2.9889852803402377	2.964140566111132
BGene_0222	2.2538962306065504	2.2976239878138824	2.216341336213828	2.293567692646273	2.2478484095901146	2.2862199589186307	2.309010217593483	2.2852657837462025	2.2091443413698824	2.2765201307014697	2.2879374476145014	2.256372121007258	2.274066854676292	2.2241758526778366	2.244635084341697	2.196811822135328	2.305971830696037	2.2418028821802922	2.264160190149113	2.252655348929777	2.2704457708314583	2.298798480541341	2.270781759867063	2.2939464752270062	2.2604247416826926	2.2317239083719937	2.300348104286833	2.253163943495121	2.2421220819872163	2.2692677520308218	2.2486513477040013	2.279566214362646	2.281977718368578	2.294890108018831	2.310856211579229	2.2710373815945077	2.313632930422903	2.2446937825528286	2.248672461717159	2.2223119686574955	2.2705914747200864	2.2711411257804808	2.2677080916145598	2.257020125611873	2.244729291443216	2.2858176110415918	2.2248438186719777	2.2745927593884536	2.246677450114834	2.242362553322596
BGene_0223	1.1907384247366417	1.2190113609251092	1.1247208478368549	1.1256174136833088	1.208425034167131	1.0509000401657316	1.0876506256260048	1.1623387937015888	1.1624031929883898	1.1574132251275147	1.1552344055547705	1.1279728557177398	1.1773493641550683	1.1798418507002555	1.1002607188347027	1.1635039098390927	1.171114900294531	1.1452537437215429	1.1591218040599487	1.1958367346938032	1.1763441473273437	1.2261796552354547	1.136063350970237	1.1780509220180007	1.1238388729095596	1.1787044889562734	1.1220446549419845	1.1338145213640098	1.1564387947053654	1.1977705081993013	1.098330376126994	1.0810648921277604	1.2026685442558196	1.0887093748527155	1.206773280698291	1.1189947080638944	1.1721898260696744	1.2229716720895352	1.1455199770994409	1.099992142634657	1.1770610625005138	1.1697792832790614	1.111293380507888	1.1046833430221303	1.1736173525428417	1.211391246653172	1.1679022680135873	1.1458837784309772	1.1829674287059628	1.1604032644994924
BGene_0224	-2.349680730390422	-1.3229836774820045	-2.2777553969073456	-1.7153732347556334	-1.999929880709348	-2.0328566331740707	-1.8613256754582235	-1.8799516752439311	-2.0392759108691294	-1.9647054337996317	-1.835174609098276	-1.888447721274466	-1.7280567798563495	-2.1146415836388224	-1.733072098945543	-2.1106162450256654	-1.7909068628120042	-1.8202830741383529	-2.095064462573131	-2.044308497794786	-1.1861858994915784	-1.5631975109522924	-1.529260901463037	-1.7519482930264576	-1.6599591117788701	-1.7131421129045916	-1.7627506903272563	-1.959061887136503	-2.2243717070296616	-1.5488136638422974	-1.5261306410559712	-1.9373072459836294	-1.4205901683330036	-2.173647436835361	-1.1666665165522845	-2.044122702945843	-1.583222911500871	-2.179612406618816	-2.048757253001415	-2.037072612756612	-1.0074058819040403	-1.32838462225896	-2.052443726746654	-1.9063960852019484	-2.3057856911632766	-2.23369227035938	-2.0006014745913774	-1.8022686910299204	-1.8851336589197158	-2.180266179562722
BGene_0225	1.6928240553201301	1.855902685408298	1.7064509417392075	1.7666199126727777	1.7296939590572267	1.6751651606130815	1.6615079907472678	1.6773395910129756	1.7267316027321267	1.7262300567826772	1.7173069446051679	1.68510187146564	1.720354962865391	1.7098857085509684	1.7652802745425589	1.6517754441222263	1.778190635188621	1.6788250897452	1.7046350149456209	1.7299290674832006	1.8414646740217189	1.7793421559698055	1.7494377183328635	1.7965014272287723	1.7638641111947508	1.730488552430369	1.7132126031816912	1.6991664790495822	1.6544071272805267	1.8419896751317102	1.763182603806775	1.692219940722297	1.7527475401825807	1.7234084881410234	1.9125631951958075	1.6856482846941032	1.7519276306562834	1.724376821246666	1.6932678626498527	1.713275934723545	1.8875664233412977	1.8260338949800818	1.7164879058843978	1.7439805111559032	1.712917684902374	1.705462639113922	1.7122383325385375	1.7092758024733241	1.7114268330694924	1.7142643214469648
BGene_0226	2.976514153718516	2.9370726369081233	2.9353726915910614	2.9878651328385177	2.9563465187823907	3.0372042169578615	2.9608569629013775	2.9709290068452274	2.9728866650120733	2.989988159594809	2.961638951402147	2.9669795291039915	2.974711232418731	2.9632834467688953	2.9876970523998576	2.948232086314693	3.0446809586870516	2.9701587010037467	2.9868267782040734	2.949498025723997	2.993012337569439	2.970656712417425	2.936293881596303	2.9742557811266903	2.9347113408476035	3.0033462870920844	2.965922064687715	2.982476392019179	2.9620171512197246	2.9654664203915995	3.003323660638265	3.0072618279359955	2.962665367814978	2.954699236480361	2.936753931020133	2.9945038541541287	3.0331216424412744	2.933288652164399	2.9379228888994735	2.9815565355896747	2.9641945732205865	2.9777594162450307	2.9820206737661676	2.9536136665342125	2.979521883124032	2.9728288119402997	2.9703020212670435	2.9364755563971436	2.954361352071197	2.9536130043964612
BGene_0227	1.7087760542156714	1.6494342237390667	1.7158350939158973	1.8130502376991682	1.6982183076299253	1.9914175104022611	1.6956333238519603	1.8396813081420844	1.7159637567377837	1.8700799210036694	1.712130091254389	1.718631782970879	1.7137711722660705	1.6788927847522745	1.7146059494384023	1.697947753478974	1.8625848358571682	1.6947008495435356	1.7939051978797966	1.703832487698135	1.720759034260985	1.706432634688081	1.713846506630723	1.6754537056256538	1.7047976217886867	1.8516061303214508	1.7038667029055363	1.8232518917481066	1.7210826477145507	1.7473313794448462	1.6621729736648907	1.8541806020616793	1.7094206772576446	1.7233795269512526	1.6931097561606427	1.804688193100817	1.8491542193831978	1.8123402994048214	1.6815749504245272	1.685728685449095	1.6995047791626037	1.855671122023225	1.7835862261597837	1.68069580541565	1.7856674644553803	1.7120944268448766	1.7846404962819697	1.7963191869051667	1.6909997983247091	1.6763554975823969
BGene_0228	1.7507930043270574	1.7868350276995624	1.7984512437518645	1.830022272438856	1.8163123975854019	1.905004954833555	1.7927818715427855	1.869352290129762	1.8127252133522065	1.8448252414922377	1.7716906655896179	1.784953509348881	1.8221450609134215	1.7335774669826636	1.7751813000646708	1.8196613313935814	1.837097717082844	1.7654151215472729	1.778544489396154	1.7942691280362706	1.7997350251618889	1.8148695236560046	1.7758573521355336	1.7775866696406548	1.741237174324017	1.8469263503397524	1.754130172171979	1.8611689393771869	1.7937774302020075	1.8276938590372098	1.7423313919258812	1.8648344684016858	1.7645498291693875	1.7635382638643513	1.7738691032551306	1.782466141054158	1.7915683852437905	1.7787012163713916	1.731924130823931	1.774777417730147	1.7236208808871334	1.784613059406692	1.785414867633229	1.8113600886671686	1.8744257315440673	1.7452031651187832	1.7853155633871063	1.808489442665052	1.7647782828855807	1.791308007361112
BGene_0229	3.350889432720305	3.3241795489678263	3.3374224958551713	3.4118218572618693	3.378096680682408	3.428004338773304	3.3572736426478027	3.407694917357054	3.4019517176287266	3.4281328055847253	3.379817570130236	3.397208850972281	3.356691148139855	3.321446868061023	3.3673179337269468	3.3466293076761207	3.4390863431550076	3.3559509905677456	3.413278617499377	3.353612195245985	3.358814724609293	3.362701690757368	3.346784101092377	3.358717183204016	3.3756352455028296	3.425820977546156	3.3400350862655963	3.3962282423378767	3.3247639806763436	3.393349640255529	3.3320779816658432	3.3898928874931267	3.374559981985568	3.3387243555653776	3.342652034872613	3.3669019583465776	3.375287083983856	3.3549318559111594	3.310373632983483	3.3938989422109525	3.338458730114199	3.3815893356925955	3.3843481091304772	3.3929888874385914	3.4075983238159506	3.3418821627493034	3.374826803856454	3.3975006644711803	3.3871003592956903	3.3319194567206565
BGene_0230	0.8456081390440086	0.8496050084575152	0.7735569715840191	1.0350638721576098	0.8922220564707272	1.1497906422183097	0.8221959002283816	1.0315061697784864	0.8895202852381131	1.015301303402325	0.869281649365185	0.8475350562324278	0.9022401771589593	0.8848774712922557	0.8514532734065083	0.8898037694578435	1.0267694857288012	0.8580606841492283	0.9248134937855281	0.8441701199402114	0.83382080666174	0.8395738808836505	0.8625661638900598	0.8471316312838245	0.756739331747023	1.022118062001893	0.8168529752149395	1.081591481060281	0.9242114615416508	0.9934805025228873	0.7800393884172259	1.1198923675240595	0.9039010169987514	0.7586341358474247	0.8812445915084848	1.0102636552556157	0.9746790497317421	0.8994841095606251	0.806980134944457	0.8515363418213325	0.8882271876112471	1.017290376981127	0.8889802307769853	0.8948195395410217	0.9909477345471205	0.8190824610928968	0.9041387769613268	0.9128536765107436	0.8931857830773966	0.8306396557243049
BGene_0231	1.3593904174277929	1.3481926872563443	1.3606023395781124	1.4020406913834997	1.2848684622298037	1.506806462489474	1.334612057709895	1.4584914922729597	1.3646719737683204	1.466756815240264	1.3996445310031018	1.354400468032808	1.380825659954693	1.3568113983315466	1.3253979770100603	1.3209930649081996	1.408964965878063	1.3261959222557407	1.3587894778535814	1.320662914738111	1.3673263808233378	1.3294376048605625	1.340847030500003	1.3309934835284636	1.3875004894573213	1.470280475280989	1.3684458647153055	1.4894422178386286	1.3754423644492748	1.37018016397879	1.3407718842473562	1.4517323239813646	1.3644263180153593	1.3429301888941338	1.315055570071737	1.4168552742456875	1.5004300519602527	1.3946054248920505	1.3554898799847839	1.3682442629814784	1.3189554237236734	1.463876091461324	1.3718237180294575	1.3791965373323039	1.409260792309313	1.2962482995227755	1.4420815157775413	1.3587725389320116	1.3434013512116056	1.2844958163825984
BGene_0232	1.4753424915598041	1.4871568146707388	1.4816964583778913	1.621375607557588	1.4937245557028418	1.7665707008572176	1.5287701543016623	1.6658911634999598	1.561870620989439	1.7330027752223593	1.5279626809453155	1.5087457824072947	1.5488302718986793	1.4826012146226564	1.5018791752013079	1.5652397069384607	1.6123766336077607	1.4955133514214631	1.5978310006914873	1.4561516280925324	1.5247203767203497	1.5595586089473141	1.5600444325559804	1.49736044932553	1.552784903788965	1.709499888721385	1.5107188272792271	1.6624950986757938	1.5909204541573942	1.574082409934424	1.507668117654984	1.7328379109010417	1.5325652341004918	1.5215936139294195	1.5000354193985221	1.5781135468454413	1.6483400932998982	1.4694949599476583	1.494500824909809	1.538966961197633	1.5445443303618225	1.6640452421773155	1.5558639146252442	1.488494329961205	1.594242873937149	1.464209321308629	1.5723498239648794	1.5732877956448479	1.5103177760664006	1.5151094910876668
BGene_0233	1.0616163188272723	1.0965609230002697	1.155781145967273	1.238896972725544	1.0956083172426656	1.4491160199998336	1.1603084371898542	1.2342637131289946	1.145745235077448	1.323840676128709	1.1017723769536996	1.1210993771742015	1.1378782232698705	1.1874698907576604	1.1712834479141998	1.1448123083405004	1.2173945520921052	1.167715668755607	1.2336112654781874	1.1020797917053933	1.1378860035238096	1.0629516362572666	1.1587843320574582	1.0421540733601358	1.1356140085957094	1.2097858486128326	1.112957034100772	1.265691330099054	1.133910564774448	1.1471369886975133	1.0639713083547155	1.3031676757765498	1.1962488984135797	1.0918448141511026	1.0938085099100587	1.1766632259698577	1.2238644929049098	1.1877770809219292	1.0868254906151869	1.103402073933445	1.0888483959739925	1.204753856916469	1.1462238758592929	1.1148060695433077	1.2458707684978398	1.1100212925694801	1.1569360643354651	1.178987885168951	1.095000718947632	1.0891563585122324
BGene_0234	0.5437815870166467	0.4353059448902579	0.4145696729090455	0.6365603444653689	0.4659437945821955	0.813688512866501	0.4807296828012117	0.6650081281399784	0.5444244217090185	0.6904000770669146	0.5565555466369922	0.4996403996809931	0.5535741717446905	0.3682040433170877	0.3609454393503833	0.47632923391552173	0.6685931453085917	0.4106346836154238	0.5794829221879216	0.4039871707916713	0.4731491850931327	0.49206477016719175	0.43712665656861244	0.4531410785550576	0.4737024218173989	0.6509879346474127	0.5623333353370117	0.6988626906730592	0.4963995406364696	0.5928490578257559	0.38826851374644555	0.6882293081179732	0.4668367233205834	0.4770966392603177	0.39373771171613353	0.6461368813883962	0.7183382498388773	0.4408027493908628	0.4207292486708021	0.467610801920639	0.393773935059223	0.6943410707047282	0.4334655860952512	0.35500077249500384	0.5977496778759677	0.3825081774737478	0.44077794247840835	0.5259147473242022	0.5093137881023976	0.4524448794695013
BGene_0235	1.770929379346444	1.8090593977276408	1.7936138194948767	1.85537491487692	1.8196555631641222	1.8735380610941121	1.8216162145793138	1.837508258194666	1.8142665127450124	1.8551770460383963	1.7375136657120018	1.7845923366677696	1.8014858530462559	1.7631231507658343	1.8001979079094637	1.8378980507198805	1.8554084733788	1.8154318440201438	1.797899313447774	1.817110506672981	1.827130115218028	1.801678410536952	1.825409408919952	1.7677952226706777	1.7658003988018791	1.8457211812703054	1.8233280866401367	1.8507034794482875	1.8135131775989448	1.8189624459706308	1.7984543771271366	1.8952114614280942	1.7859694215109443	1.7653906068891858	1.8094069291033077	1.8505541219805264	1.8797713650016499	1.8330628571025092	1.7934440194579604	1.7695935707140695	1.7659503512251693	1.8154929947869975	1.7843095148144477	1.7917865761109524	1.8338660845461705	1.7744432007254618	1.7634350686700098	1.8303029554103185	1.8449802577572951	1.8022141503468103
BGene_0236	1.8299317288986707	1.7908519775447123	1.7872877187367018	1.9726575005494615	1.88398455394286	2.1044963656189375	1.8531156181609343	2.0205986743569015	1.8923179009910904	2.048437330673449	1.8503741409445666	1.8548235655321135	1.849678624990856	1.835672290384399	1.8299371027195843	1.9066718102884472	1.979282779469597	1.9137901599089882	1.9545961296474061	1.7937838223545228	1.8091531454785443	1.8502310367638344	1.8762326184598608	1.807343816303565	1.8616522489136178	2.0192934663699313	1.8801941338634305	2.0090780177346215	1.8936165125994833	1.9861671733963853	1.833656594982962	2.097691947428295	1.8674288501478682	1.8300956692638313	1.7776914567613862	2.005997066463708	1.9997896981286232	1.8703712976173337	1.8841335036585063	1.8668961632222631	1.825996690869231	2.0313797350805536	1.8591854668910812	1.8249315512667148	2.04497085431124	1.8242493901787253	1.8704159052209315	1.8983364912210265	1.8627973463646506	1.8502856062284585
BGene_0237	0.599245923315635	0.4965589670474164	0.4153893277397757	0.8243181297961998	0.5707766793617813	1.122075271223293	0.6436727156242807	0.8464477118217801	0.7111754000529654	1.0519296363939348	0.5384610970291778	0.5086688375425462	0.6337806986876369	0.5037125332942862	0.5221685384552933	0.5646119986536552	0.8014521946742831	0.650087518117995	0.7628430389598273	0.469154705302719	0.5658672566668538	0.5485807025063654	0.6227839711631945	0.47328963015286574	0.5109667046345928	0.8900543761189093	0.6615741622808795	0.9082448265275608	0.6566717766768887	0.7713747557696087	0.5822008535558737	0.9740027095574566	0.6040686931879742	0.4661340234976579	0.4386864303781275	0.8127177559207283	0.8508664019998505	0.5716579992676526	0.46580605734491654	0.5203726564925362	0.44757191752663156	0.8789827805910341	0.6316016286062668	0.48722570590414654	0.7904797782083921	0.4743283752579094	0.5684513443683242	0.666826154175879	0.5803048727162594	0.5236255937492427
BGene_0238	-0.14206652459617947	-0.2999973000370908	-0.31240546516907264	0.2806884655853258	-0.02065590422993718	0.7484547960762536	-0.009932637441132016	0.36846782225645675	0.10526358349478253	0.45490202368947735	-0.09218031977975961	-0.14697186573122545	-0.030484840821699184	-0.1792750063894175	-0.20504350764892793	-0.08784567037115674	0.3501390900457784	-0.0720480380439456	0.11279209886850672	-0.2660381753284265	-0.10684544350603875	-0.22610645958199607	-0.12483021828693255	-0.29203229523451607	-0.3247220429835354	0.4744040161997776	-0.014851213389290036	0.31183118742592775	-0.021267775510919712	0.19703089589800551	-0.2505726212867572	0.5561575786173839	-0.011998634608252666	-0.27629831735894234	-0.1955654918430222	0.2963509232661749	0.39467949153247106	-0.12002944535514674	-0.1369439096274219	-0.0730619624063518	-0.195206530539343	0.3383444462287235	-0.015426258442548992	-0.1734351081245923	0.3294068336949705	-0.3685257655307443	-0.04269601104757504	0.0038098627573814213	-0.052110816540105805	-0.1813277085214336
BGene_0239	0.24241866563087267	0.11350510409783499	0.22662041572133323	0.24241488245818607	0.2332116941219683	0.5034216542786906	0.2159445082181561	0.3274742289137145	0.22540574568740632	0.35102312348278997	0.1388466761424235	0.12013949472410802	0.12685127206083646	0.02371509859959205	0.14777948857554007	0.23409654225187218	0.35767941228567274	0.18472098443090132	0.22250056180882663	0.1639500676867382	0.18760392886054353	0.10313816430523567	0.16520349522439082	0.029960053878162314	0.019639835195597255	0.4158006274609108	0.17159807694317317	0.2919535382390744	0.19127853619728888	0.25344764092354555	0.2150259958226722	0.37812072090322046	0.11671069552953917	0.06523123929074755	0.06329234832336635	0.2636968675672168	0.24533005723749068	0.13513068799558264	0.24400436529415037	0.09047554556365843	0.1419144592128152	0.2754304659405493	0.2820069131623178	0.1557550896687107	0.2570327185547973	0.07261692194909941	0.2643184455818202	0.23489640115986565	0.176017661048099	0.10299371718294781
BGene_0240	2.94960793370843	2.9646733521845436	2.9779733778686976	3.0039692653605483	2.943767771566216	3.073160740374441	2.99015782702468	3.048711583774542	2.9802332338214423	3.035980211271546	2.935534851382647	2.982431241469302	3.0015574619134906	2.9435513928032817	2.9662361660424756	2.9975340496790315	3.0201797601375415	2.9778568630213402	2.97198772217331	2.9696528817735617	2.9753612133449012	2.9784776482921926	2.9957599321648165	2.98390696226634	2.9981586015111548	3.0328597557454127	2.965458503940615	3.0303361264798934	2.9859759247055533	2.98435621145667	2.976109021145823	3.018479449903134	2.988078574724211	3.0008296404476944	3.0008273359700883	2.979721111205105	3.0400098970439102	3.0153115320060278	2.9544129096840073	3.0011174289863303	2.9684994717253357	2.9881731363238373	3.031346668874987	2.9542755849175157	3.0278793397886896	2.9975726958840827	2.9794110722682836	3.0346219726677	2.982948428319106	2.940488517771197
BGene_0241	0.5700142505114486	0.4449313987630955	0.40261409349160954	0.6730996042461411	0.5810591405504847	0.9530067693025831	0.49232255362494254	0.6867574780537758	0.5458365469740197	0.815643805554303	0.4455568099278508	0.5410810334336671	0.5107196778540194	0.4562668717461519	0.5260168763383665	0.5587553654562945	0.6964068502628957	0.4888466673766497	0.6514103456510455	0.4639698773962057	0.5011918121167627	0.5228772774366086	0.588519399791669	0.4967064221571315	0.5091270158129292	0.6742615148369595	0.5931854435224784	0.7362987288649963	0.5054106383595957	0.6433895352529854	0.46864610426304576	0.782261629264077	0.5866387483729589	0.5084367714713356	0.4701153183653294	0.6373303566921852	0.6640397159254238	0.4891034003657003	0.43300478134157533	0.4685942767743004	0.46224184624328846	0.7130858606700674	0.46651524848268616	0.4926882893863453	0.7294140447358454	0.39284036182684906	0.44822621603966023	0.5932021583327491	0.6165164552022017	0.5087513025460655
BGene_0242	2.7065429180150695	2.7152044234212904	2.739704909073736	2.752161565402156	2.716066557861223	2.7670803617935267	2.6940052567127855	2.748811329822966	2.7184789653917587	2.749649430953895	2.6700204646896935	2.7350198046173206	2.668162161465852	2.6881924113939966	2.666578548087721	2.7352683694866706	2.784984725752711	2.6815244252193535	2.715656254971117	2.7266717985537654	2.732802335404845	2.741056201440212	2.6823052859021006	2.7130676947132897	2.7074989124623814	2.7187562854407314	2.7016732498626137	2.6966969026911514	2.708355308875957	2.7684879803791853	2.708824936220323	2.7628590675902953	2.7338919617167394	2.759245277699325	2.7163879315818233	2.740869548569242	2.7116565335346863	2.6924129837711255	2.6976354687672264	2.7345368049114107	2.6964288118802378	2.735846893467028	2.701049071776855	2.703704143785692	2.754638569166126	2.7338947072123276	2.675568820938442	2.732998213922665	2.7376586886188647	2.696503919627699
BGene_0243	1.2609752510792485	1.2155566623325154	1.1817664248034871	1.3547427254796254	1.196314021069253	1.4385928192866038	1.225982192960556	1.3263117769612591	1.2559028450729424	1.381924548397193	1.1762178515819752	1.2368572117790617	1.2277963672248118	1.183169921606251	1.193046136276373	1.209032170580442	1.3619226437996272	1.2494032915531246	1.2944676087754874	1.1956802197370409	1.158765780348997	1.2042794493374647	1.1987787424965242	1.181003106079761	1.1851430071358886	1.3797498789080338	1.2547842499571262	1.374969588529542	1.2132323881630882	1.3197215574928225	1.1814986638371996	1.348479673870271	1.2424867387539649	1.2426971069724568	1.2316178369020334	1.323313422223358	1.3245358831183183	1.3265639265489153	1.229627852861733	1.2076252699558088	1.2516035682656608	1.3382299690247754	1.2455234024139117	1.1750698176209113	1.331735296005124	1.2300347500843902	1.2507824830891097	1.2607012100056927	1.2625192678308002	1.2008637295791083
BGene_0244	1.9929185205399882	1.9964997321763833	1.9856521307839239	2.0621000429128884	1.9951728039864174	2.0989717317683265	2.0028715620662383	2.0491602002175786	2.037440551269516	2.0627621444528463	1.9731427112426887	2.018227113034459	1.9796597370390123	1.9601309855211866	2.001705699063617	1.9851210576292984	2.0170287352531497	2.021817198324504	2.007467620929319	1.9546808506841096	2.005166550699909	2.027090339985629	2.0039821396807174	1.9758955817996657	1.9766472086596214	2.036425302959007	2.009902484169914	2.0674422378454405	2.008416589429243	2.009478419117364	2.008865312797864	2.069068883161764	2.0281007334070966	1.9960779725153255	1.976401595802169	2.0335893729922256	2.0689942787525255	2.021428859579357	1.9281977145248288	1.9907245973082868	2.0105664493153923	2.0496969188984133	2.033033585493246	1.9884775918147248	2.001813423340574	1.985081105362166	1.9982565233221492	2.0564905641719253	2.007274025199618	1.9670220596125436
BGene_0245	0.41787306862586293	0.44370905984875136	0.38133450913830635	0.5687944435277967	0.4544180918412029	0.6171760186396752	0.4475386061685282	0.552308400389136	0.45615524689828185	0.6026135484968154	0.4582542014622808	0.40861786663955835	0.4771115695852821	0.44834688777856374	0.47529075750822714	0.45676494544440427	0.5797652804303731	0.5194205985317746	0.5476469969288241	0.4415704816229338	0.45302988883826045	0.4417403599877789	0.55068996430146	0.4447201628681171	0.41225608295758515	0.5923492180309159	0.42059579209037234	0.5788843978216239	0.4652907711881138	0.525708794253591	0.47118556845845677	0.6006073044926212	0.4426651744841511	0.43501843943464924	0.46685054377509355	0.5391310145193005	0.5486531153393489	0.4588334891874122	0.4311302264401866	0.3513472822928537	0.48191519993643117	0.6303760344815327	0.5042751061758595	0.4487080919157975	0.5175530991379281	0.45614035333468234	0.4293132593993089	0.5153270985669974	0.4374987995626977	0.3819534099338225
BGene_0246	2.7855595164369418	2.7848556017014245	2.7762071562917185	2.8719805865383883	2.807897386147869	2.9447677023867973	2.813450618374371	2.881825836367722	2.8466603403619026	2.950926969265929	2.875894560665411	2.8116016476692027	2.836626052518371	2.7811742507603445	2.7566835183292384	2.7968522958473625	2.8620523759925733	2.825881975139977	2.830074242923485	2.7689887780267517	2.779397268620076	2.810214616613329	2.8495666730192237	2.7643372281456293	2.8101765500378533	2.9067449399299616	2.811474113130546	2.8484203590676507	2.850295839762582	2.8187980968888255	2.7566466388217936	2.9343181661647306	2.832246817560315	2.7616418371885842	2.784356674771157	2.8201722134768152	2.9299526170732983	2.802210939631931	2.7643708960950217	2.8122749563192517	2.7778074735624605	2.871501326254561	2.7998613634540708	2.807864598328411	2.886724217675005	2.8273282623766747	2.799334500429098	2.8274727148779433	2.8205469625953197	2.783231899631734
BGene_0247	2.549813017055148	2.5573894842910265	2.5461620151660385	2.6168626042783036	2.5684016765832824	2.680682247849237	2.5984820578088472	2.6647834994467643	2.5565063798515393	2.637635396861473	2.5405918538158545	2.5735218695047384	2.515876458837701	2.553346864038358	2.547986034311325	2.5615628008677445	2.637228959793418	2.5504408996507957	2.5700450421907663	2.5469438273917318	2.581129915455185	2.559845086679474	2.5519956544186457	2.517301234133722	2.543051051758481	2.6084317279382447	2.5770145221538185	2.606402100691533	2.565112167262659	2.594105445001384	2.562803042365518	2.643736797084931	2.5363680242040796	2.5707414763088154	2.579303541499818	2.6268559282997455	2.6059648815923717	2.532682484824047	2.518723208758348	2.558184886609894	2.5490806953655514	2.6437531677121813	2.576605253873142	2.5326842877114966	2.6319398357328145	2.507294290741936	2.549168218708897	2.5941859907230036	2.553280892837212	2.5137526663152787
BGene_0248	2.722664047485118	2.6852830821473512	2.7224741276567683	2.7959652948322415	2.6652205454341207	2.8264338240424487	2.6958565863271424	2.798092665796441	2.7362739614927856	2.768616919387243	2.740408808761572	2.734157602648423	2.739724527211674	2.701377825690324	2.723643597664059	2.671351801615658	2.753927485940672	2.742014075837385	2.7418756589824267	2.6897597027570916	2.715690790363251	2.759777240802034	2.710395266871164	2.6985141116298825	2.6554516937392085	2.758425476026569	2.7274220243101914	2.7955717676153755	2.75548212544674	2.7405729454284056	2.73560846956034	2.7542492407729418	2.7282681659566412	2.7099566938172974	2.6907330540450194	2.7361538461614803	2.7775676966015794	2.6823321406561553	2.7193189258775567	2.7371364609640394	2.7207618058738747	2.7578543488549023	2.6983173690931874	2.694119335041756	2.773046836551989	2.6942104570621113	2.6954838220185415	2.7088675508433733	2.7180330650237323	2.6875655029608274
BGene_0249	1.1324845051533456	1.1325727101040537	1.1833084015365332	1.3751125703760003	1.2170506968889094	1.5871603019540834	1.1872648073443905	1.344370284300957	1.2530311918891042	1.497320507532558	1.1794964891010427	1.2148622123212864	1.1753227589212034	1.140244304693062	1.1560633737623458	1.209600550836179	1.4007580220453566	1.1484298033080897	1.2570294612166693	1.130507065269109	1.1853074238060164	1.1311570288785682	1.2161976414980982	1.122454111394397	1.1728505703976795	1.3893820297480088	1.2189385129814554	1.4000154007533148	1.1923403950036597	1.304797752871425	1.130628829250405	1.4618137534914062	1.2151808984037922	1.204714398205641	1.1112178171687743	1.3467589589989737	1.413486164106257	1.1539840436346334	1.1413217871920296	1.144932028902845	1.1482030801724743	1.348337822120108	1.1966054400010062	1.1286349695341553	1.4133724890848178	1.0574481173571044	1.1822811101408277	1.28803032735336	1.1814724212498038	1.1645788828398456
BGene_0250	1.343886832796783	1.2942565906296373	1.2449168659022816	1.5149018403714773	1.29585408278434	1.598911611363357	1.3802447738460766	1.5092835719575923	1.3852245571197355	1.5074320260044543	1.3331322877885714	1.354030575305379	1.3194449954004093	1.3187474918127098	1.3827646570925536	1.3188852004837819	1.476894954112321	1.3534666867347296	1.410348648056902	1.3191504709503505	1.339398851725463	1.349781536560808	1.3067457313536912	1.301539695342614	1.3043669784964909	1.4760252063142796	1.4077271966099303	1.4763979642721563	1.3500737736241002	1.423867010446057	1.2896359503352304	1.526060967818678	1.360932264312384	1.3509532334105936	1.3185224474364468	1.4772378702297615	1.4790351127919936	1.3536100512512408	1.295879525129371	1.3383986921585778	1.3283308525511075	1.5181667858499748	1.3429572581358082	1.3125836573564433	1.4006554957023565	1.3157808987902682	1.359277135467073	1.3884083451470208	1.348940184716387	1.3022463121847878
BGene_0251	-0.28489434334754155	-0.5149627327082349	-0.5526200245168483	-0.2817158900315873	-0.4543604726781478	-0.6274546252604952	-0.3383336061966421	-0.16671464835878957	-0.7048581854282882	-0.6943838450150364	-0.06049748266041705	-0.31307240674158066	-0.5015893476010274	-0.6230267764893239	-0.20786016672565547	-0.559075317721536	-0.8469415692360692	-0.48716713160144964	-0.5011648237428836	-0.7451498784579913	-0.46530878100995304	-0.34583546427980977	-0.34371135362478983	-0.5355488794513975	-0.4941913392727186	-0.1853695065607939	-0.24362268780687923	-0.4768200460855828	0.27430130235648353	-0.5712962103173176	-0.4033358357177621	-0.21455323349310804	-0.5658163735049504	-0.21051319588550163	-0.6027495846097194	-0.03466617734377858	-0.5815415206371698	-0.5415820402450419	-0.5784342794836602	-0.3386289830125325	-0.08156730883247813	-0.3265278462592671	-0.40733016424963325	0.041113363442603496	-0.7164588202311066	-0.6335487775757206	0.429913916702793	-0.451063267120013	-0.5394493022290516	-0.49010143463617406
BGene_0252	1.7161819844494364	1.6960798982762229	1.679180825154165	1.698865812739863	1.650623343007319	1.6570294914326953	1.7076040937511197	1.749355005337077	1.7040526318156521	1.658822098627222	1.769332157785564	1.6775180071056763	1.6867870719790232	1.6664155791462794	1.7374316764311803	1.676046852573027	1.644405735457926	1.7137872247968933	1.6728465499677319	1.6961200045179936	1.7242870056683	1.7332361793827582	1.7349830884666035	1.6576739996630072	1.6608837343621923	1.7301320964471711	1.7048534628821057	1.6441762739657078	1.818588877381037	1.7115395981014665	1.70317313770626	1.699697861766792	1.726581422040017	1.67007565171486	1.6545610846601535	1.6490660697282964	1.6564884329314715	1.7176026111581768	1.6963112128478612	1.6910182400429106	1.782624229483429	1.7056367222109794	1.7077900808631121	1.7400065325475782	1.656254258531702	1.730425688130827	1.8159874977692403	1.7004191537426772	1.6414517591861058	1.6334919576273528
BGene_0253	2.3680885296690217	2.2970837634575165	2.2873282782589355	2.3222038244234366	2.326415211562764	2.305417820976685	2.3061227006200515	2.3848505388560826	2.295541875016452	2.2881398801274315	2.3450199583023843	2.2859038210275857	2.315559802006515	2.3248981015359655	2.3828883404009056	2.304815029442489	2.281518519677682	2.272987853766548	2.262794968978867	2.2571090526324857	2.2908265144387556	2.328488729675913	2.320861958266074	2.2953822711126803	2.3147245607842177	2.3531111335441133	2.3276659425417985	2.274137641512637	2.4312894577560087	2.31044650209158	2.3116875645972588	2.315168315969519	2.2807613456223024	2.3274046840249434	2.241529451740203	2.3126771621121778	2.285897434605139	2.2911126202552072	2.3323519340620718	2.3043793964137267	2.334176703472635	2.3598165105975935	2.3411666922042045	2.3333508387895012	2.3203230922310287	2.263650950937096	2.379937256240578	2.2832702926319364	2.3242154017891563	2.2606040717486673
BGene_0254	0.9732663487831552	0.8818617337441499	0.7425725297679374	0.98200423102077	0.8878106974828283	0.8553648871870769	1.0175406860932832	1.0206643092229748	0.8109028075229088	0.7286761202740558	1.1012096115882093	0.9725356029103565	0.9184952391144877	0.8831569293359561	0.9579476757928358	0.9353054388583435	0.8456519753755787	0.897135563432345	0.8176823904086797	0.8023553504472098	0.882593840823409	0.9286165727224406	0.9189338406111174	0.8164232462501265	0.8168102092269016	1.087926856711644	0.9203628235139607	0.8883605572021497	1.282220401526851	0.835084099912041	0.8828540564760458	1.0559478644771894	0.8348521761951327	1.040154445325951	0.8912432305927023	1.05549220349828	0.9203351580972272	0.9058320843272939	0.8946159866155079	0.9745464121118877	1.112749208845084	0.9515546600432658	0.9260745309130085	1.1577967035970573	0.7780651332561808	0.8555739844263887	1.3899292425623757	0.8889403245988138	0.8544651953918675	0.8837570465589708
BGene_0255	1.072656134960445	1.1097300600355917	1.0350464476618075	1.2039534157024014	1.0351888255828665	1.130088473987691	1.2039329069148699	1.2890905218843447	1.032307830309027	1.0495088980674454	1.2133737191895149	1.149689705790205	1.143045516354893	1.0594461043583054	1.1602699392343412	1.0696588309994284	0.9696692933564862	1.0375810270315167	1.0440603331542353	0.9874351917814279	1.1155777167238679	1.182999178554045	1.1212582522802295	0.9888637773246661	1.077860123048809	1.2913903790488308	1.1546410811640373	1.092700137457016	1.4621498811069384	0.9842903666847166	1.054442478651838	1.1886554633891822	1.0401602416665903	1.1842029292144436	1.0304351983560187	1.2807637334650075	1.0354048112912861	0.9362830687074882	1.0806902593601695	1.1310786573704883	1.2116375983269696	1.1759052147858098	1.1599258000961767	1.246335956138657	0.9936170153890576	0.9785220833724687	1.516162764093882	1.1205551499024538	0.9705630662436008	1.0503666610568256
BGene_0256	2.673121426756927	2.673160447141635	2.619814905997318	2.7280389487309873	2.6777210267452185	2.7191594830748245	2.695918007087149	2.7205305479189854	2.6507893091812478	2.647643411918043	2.689937241095585	2.6643597119881313	2.672863728236079	2.6643355220605045	2.7086671454644295	2.634394356208664	2.641077476062014	2.6951860131563534	2.625064097203482	2.6673588631485927	2.6730500302273112	2.671950878948918	2.6656676175522946	2.6662334980108757	2.641335044968482	2.6945937252663725	2.672259068828284	2.6724718480399487	2.7635343134150876	2.6710098684235994	2.6365835272231064	2.697195661148762	2.6654891896418964	2.6997445914232308	2.6514385233723203	2.7005718977806668	2.650635488201149	2.639015560642749	2.651751523978284	2.6394987689945446	2.696468523448077	2.664884795588684	2.6733138770833875	2.752502399592626	2.665984425504174	2.6921405177427755	2.795424659371489	2.7025311198930675	2.6955668649300724	2.685718169240427
BGene_0257	2.3690648555539666	2.2907911801657446	2.357033603405005	2.361987857096468	2.3448563094914463	2.331915182135438	2.3411021338399878	2.3408351684681667	2.2769944866716707	2.2833564321832	2.4222806659415554	2.34035311494945	2.334053244807129	2.2886693696182907	2.390130032211336	2.3339207198184737	2.290348591916933	2.3430516770984595	2.282577341109056	2.3065574702311484	2.3008100848061095	2.337633520229144	2.3722413106733606	2.3167255180515776	2.3207530842958413	2.3883866265309566	2.325416570672301	2.257666924887733	2.477799842110738	2.3070633663060645	2.3360441384310184	2.3650274814017584	2.305356454888505	2.3459681379136335	2.2952540646960204	2.40212573247357	2.341317435349251	2.2679348748743027	2.293579523831159	2.352546938576358	2.402563923897619	2.3193472448308228	2.373521099036299	2.4234599734103734	2.3131257428014713	2.2991854836684076	2.4794329852664374	2.3103370336479876	2.3276969998367876	2.3583159644412106
BGene_0258	0.6377491639758119	0.6004699392553442	0.5785328489837708	0.6729866833048455	0.6263414120165861	0.5573193879658327	0.6730865864305705	0.7754090019515293	0.5279613920586548	0.5088507057116698	0.8017175767213446	0.7494638713070679	0.6340131671469602	0.5479191576550311	0.7145077408661662	0.6329325584738971	0.5513691505397256	0.572458916400854	0.5845093033549833	0.5379473077385762	0.5548728461070196	0.7114912485331906	0.5815746047836595	0.5562878876767914	0.5609655137543096	0.7998470490944999	0.670878676657763	0.643538631798683	1.022765060184477	0.6163436745389874	0.5764222169967699	0.7364534630774943	0.5224744321001674	0.7624516874283209	0.6042373962120614	0.8208306870112049	0.538778948014118	0.6057771361107791	0.5252870751080607	0.677586300369091	0.7936714429535987	0.6248811341229601	0.6353614629004857	0.8629909841793525	0.5237857609831966	0.5893096691778059	1.1237962072640237	0.610860393537342	0.5872169818050054	0.5892156810888151
BGene_0259	3.2179515720778	3.21697523207622	3.173249494920164	3.228133331783006	3.20816334398486	3.1889053183131115	3.1968239708268897	3.219850467204467	3.1838156845393804	3.219130337470063	3.214658690901231	3.1619920024663455	3.1728818645371684	3.2067406281699626	3.229514281023996	3.232061170755087	3.231806268487541	3.1827823768032943	3.2020703027814905	3.218455192751656	3.220675185325249	3.2195945944877513	3.104476334199468	3.16603839780663	3.185674813496122	3.2590211233095454	3.1821122562842317	3.2108504473829393	3.2500932804163694	3.209237908371528	3.2231079941464316	3.220736405696532	3.1953123796167224	3.196361351219982	3.1527425241697036	3.2075854514362905	3.1997672919563773	3.160749560091369	3.1827960948510263	3.2004592519741752	3.2551995104095717	3.1805249687215333	3.203321040195915	3.2000317308268196	3.2137210025187115	3.202379788705649	3.283228730511433	3.188631748901158	3.175140896484058	3.1914152728758793
BGene_0260	0.49275784316775084	0.40319858512533174	0.38877914345965836	0.5391516417846668	0.4551438715748265	0.31161867207319155	0.5569186629629929	0.6082281467252983	0.3313128490283346	0.2913573620408079	0.6978396237870015	0.47044003709861887	0.4454020173024204	0.3961654279032772	0.6356591254935813	0.38746030025751765	0.2521259686162761	0.5104210090511526	0.4262700747665412	0.36661428020452597	0.4727553868070205	0.5091198944210281	0.47047687389757337	0.3204034944907637	0.3467076971637799	0.6631189552711845	0.48247516091019127	0.36495320284138016	0.9788100562674666	0.4108648673219751	0.42624145267752866	0.5727758724135683	0.4298045156432638	0.3955065489829149	0.34370796551331	0.6175006243634689	0.350252083539796	0.29017637891752757	0.45381358125441684	0.4713883748088547	0.7184140642957307	0.49052460540574017	0.5285242517183917	0.7798475980530297	0.32838504714317657	0.414656501528067	1.1142933703911717	0.43357792977775444	0.33171691789621177	0.3714145286491778
BGene_0261	0.017512191352196727	0.0681713159182863	0.0684347517577897	0.21035070597807845	0.1032603356070537	0.16151140397349753	0.18649632028301752	0.33732068583433367	0.004616337813841219	-0.020665474412239107	0.2573082320071566	0.17882986745884263	0.053612101185861814	-0.023044465149918134	0.19467420657938422	0.12388148860486048	0.028450335964856785	0.03573070298427188	0.015572179976432812	-0.007952910968881823	0.07841114298285512	0.10903970255799689	0.04788585148361876	-0.10144872339923582	-0.08039514871503833	0.39829265219869514	0.08942039844451512	0.06382002921948647	0.6678631218500919	-0.04487476676930736	-0.0029797494765803167	0.3799140272014966	-0.04574232009433417	0.1626726310855377	-0.037447976982337816	0.35542209896981847	-0.0038828202261507955	-0.04815341377205453	0.023370845868524413	0.1471908287360537	0.2845685897145335	0.13837932260308577	0.18686427812891332	0.3464672653031387	0.059828077646421327	-0.06395980634031927	0.7494677746911246	0.13890700988257776	-0.07566800069876009	0.06521694031187913
BGene_0262	1.6892965446947237	1.6840959543089147	1.7115484558447984	1.687539086702698	1.7014934312481145	1.684011565652794	1.6872536653317078	1.7109487112625574	1.6714299455114467	1.6927233422196346	1.753707902753926	1.7194933012362732	1.6661147846571027	1.6720762242433767	1.7033468165517809	1.6848772483815535	1.653802037447256	1.6857155231041816	1.701961317419938	1.6876311612066441	1.7069833254491564	1.678281899824321	1.7211975095100922	1.7007983286799724	1.7004722114340418	1.7186869925587263	1.709769208200173	1.6296859817060092	1.7773525976226743	1.6890795212634522	1.6625910738284801	1.7068886769073326	1.7100396503937967	1.712186049965849	1.674099451745479	1.672643897720644	1.7025081733316327	1.6171042814180314	1.6640528235600514	1.678507877419202	1.7672282210124755	1.678678397233785	1.6894525887561176	1.6954833552047976	1.6939195120422796	1.6710362260694798	1.7745528254122298	1.7393035968673018	1.6862317597384664	1.6508914763680735
BGene_0263	1.4175260000012615	1.3962954934027298	1.3582908155235593	1.4376835010838462	1.452523094121994	1.400047476718032	1.3592798538595088	1.451680285677052	1.4023499569390383	1.411719570807299	1.5099677420831936	1.4005536106480865	1.4484866696679313	1.3606726198741987	1.3779845256229135	1.4237910609501767	1.3583733740998365	1.352931497195776	1.4110862747337993	1.3656135075905798	1.4445612035048965	1.4510970130001661	1.4108145900804137	1.4342170905455838	1.4673876122916596	1.4619252577851996	1.4705408434449017	1.4573274003904866	1.5851034943469176	1.436675897076101	1.4580039727731493	1.439684052453664	1.4202739857359994	1.4375585381185223	1.4179569857878898	1.4953382793333212	1.4247157649567301	1.37283683878632	1.3880623682808753	1.413699861059509	1.4327002526735784	1.4889685448685757	1.3980999836170882	1.5390561121923783	1.333460298750538	1.4269727035654196	1.6043115521556581	1.406794513300349	1.41645509379376	1.4082698795880635
BGene_0264	2.4917225015724593	2.4796547779178137	2.5041985254991466	2.5003240796990416	2.4621648680685646	2.4869930374813305	2.47741802281098	2.4854150659401486	2.487966362470664	2.4583755234366875	2.5062803919617953	2.4675518896034734	2.521790425898834	2.506531490043275	2.490084102173571	2.5020062009762905	2.433859448099362	2.4542088710518972	2.478544784771125	2.4778826688234563	2.490412078305947	2.5131809175147306	2.5005771901492406	2.4910496049368396	2.4991300521194564	2.501428437176964	2.528072273674255	2.47049722491913	2.5620526561111094	2.4962286720733853	2.5129731899108214	2.559851325350241	2.455057187608111	2.4823823757203023	2.4992200087480527	2.5156620087180426	2.459276461824779	2.4471476345584775	2.451870878437037	2.5136970996685526	2.51697401601563	2.4855155223312373	2.5186727640621904	2.5167430972884546	2.4599345532821575	2.472933020559346	2.5773639240034143	2.5281210748270104	2.443103283055573	2.4704484378084346
BGene_0265	0.38880303766882457	0.30009706458065505	0.2130098340474684	0.4924580325636962	0.2656657667341466	0.34792877284275586	0.35424620489168485	0.47886723539321907	0.20857803307594128	0.21647359556225787	0.506112736041642	0.3930690680562358	0.32482376405538227	0.20802002007869555	0.3948346806889048	0.3341639338394717	0.2729722849245635	0.2537397390140285	0.2912077520583628	0.3112574883076184	0.28413847803657594	0.3626581414318236	0.3474210331479692	0.22388973638057194	0.2795118194097069	0.5541611540910556	0.46865694056848467	0.334167007838282	0.7606399873030005	0.19003752269228577	0.21324599861880217	0.5545877762302299	0.2559334530738645	0.5694273597947349	0.2681880318710019	0.5757408993841113	0.29353801928490025	0.2688865330595604	0.2963552887266567	0.3620136791894319	0.4777825541400755	0.39116153233435064	0.3361368060982099	0.5509759610571683	0.30364567575431956	0.19363427838938463	0.8586203053972495	0.3147672384057423	0.2664455581122761	0.392697319020142
BGene_0266	2.0554521902893885	1.9948916399844359	2.024262620898639	2.00156116199286	2.0105709621989916	2.0353964022268016	2.047294920929144	2.0476275999786697	1.9526062457587283	1.996167442350576	2.029783913267916	2.065930787067326	2.0259211690052075	1.976494910488249	2.041886975738912	1.9914567359173343	1.9716887138578936	2.0073214621838935	2.0095053372099194	2.0335316840616318	2.020974816938117	2.04852536728435	2.0211890433607795	2.0178540903590143	2.031497818449386	2.0661360523786656	2.0159609163111787	2.0382348792570175	2.1119836869659254	1.9597347706533599	2.0083421888694275	2.0124184077086804	1.9953033213809894	2.0491677281996727	1.988695634593016	2.0488233478745808	2.006517374514979	1.9589364498000228	1.973290753829565	2.057195100289495	2.0288597858184256	2.0393814790897102	2.030142324605941	2.043981171074159	2.041298964574721	1.9615939430128158	2.1793027851848428	2.0665983826071974	1.997783875150877	2.028461717758374
BGene_0267	1.9959755867785052	1.9898778434915994	1.9744416701656085	2.044331726402426	1.9802849162068326	1.9841997513792895	2.0425041092677914	2.090296799149538	1.9600577037218923	1.9617196455049217	2.0726602021091165	2.0479742739219104	2.006334011155702	1.9843357067411436	2.0278605028355816	1.9376908032539881	1.9443771959272136	2.0001801951046	1.9984096074527649	1.970422724519018	1.9939322234387638	1.9953690480331738	2.01763021341742	1.9551294833978698	1.9869626801037084	2.1176705272777308	2.036234076388057	1.9835245926268852	2.2262772126610466	2.0220893750228135	2.0304092347641998	2.0674233668681787	1.9604685463488094	2.0642628816201483	1.9713774325729811	2.1184708145103426	1.9504971613850792	1.9803583206694748	2.0487360632505864	1.9894023361112594	2.0812246251960334	2.0574241961692903	2.0289995814145683	2.147212671776985	1.9955641387472352	2.0027695425297942	2.209572478199831	1.9947295511889558	1.9519195755545145	1.9828868781600701
BGene_0268	0.7542240863256594	0.8645755882134927	0.8157465637515418	0.899872787233332	0.6888372011008527	0.7339006372329532	0.8525756356105857	0.9711666714278734	0.7375745528683666	0.7221980866533284	0.9596959969431972	0.8715476626172638	0.7438963236359812	0.7257968492041519	0.894981782758651	0.7766590583593268	0.5740690542899783	0.6993105259633662	0.8002232245475008	0.5861592095275029	0.8487770511234711	0.8138326109788869	0.8149462012732523	0.6607204239365764	0.693193024637186	1.0041216126408596	0.794505187906787	0.7433974809977856	1.2021535297081454	0.7247601828392864	0.7496588760325236	0.9531152501708582	0.7454175940719128	0.8661664963687091	0.6788551192883026	1.0028947760122806	0.7860073960101003	0.6653750969321897	0.7016011808493875	0.8280601213973465	0.9613114418819728	0.8807971555944567	0.7904224555092052	1.0176572726185318	0.7653508000325016	0.6758944140845946	1.2781556691186806	0.83893476311288	0.6639143709720605	0.7842429009037977
BGene_0269	1.7122306858299194	1.6853738645719456	1.5916135605955657	1.6996206871447699	1.7683169689689573	1.6724190218329107	1.7266518520530294	1.7251581736132655	1.6979260213718823	1.676642142980521	1.6735259536447806	1.7003210772225896	1.6873550065521472	1.6166438784056874	1.7322409634344227	1.6741462805868819	1.703082375937153	1.711542732771378	1.6715214180684042	1.6861049591383086	1.6393068204106078	1.7144873212787324	1.6986681378347657	1.6602469141199319	1.7291335267896695	1.7166160491532334	1.744749112905802	1.6918121022873875	1.6898704093858103	1.7377712949683701	1.6841954753868074	1.6757111588444662	1.681700573964964	1.705863244522043	1.6776428297038937	1.6675573689597825	1.613217462201623	1.6494718709760698	1.6764272923699897	1.7067003077129477	1.7322842070756963	1.7210112742550179	1.7177522487008756	1.741684333707323	1.6508986801445478	1.7444115034733112	1.7241748652135453	1.6975672842310987	1.6634087648954132	1.7051210784608963
BGene_0270	1.3634038915699511	1.2896677941996366	1.2923209453775546	1.416889011079215	1.3475571078516932	1.3639676931200166	1.3536835018491107	1.4104827040157581	1.2882253877561185	1.3851758648609622	1.4090358263734872	1.3999647620323974	1.355392522964743	1.313507517774629	1.3620661136022105	1.3614190740836596	1.3769759942824418	1.3166186567905305	1.3029267184555722	1.3025503383330015	1.3246827203402873	1.3669772919726364	1.348380286493008	1.378916491755368	1.3978730660836227	1.3912399354106226	1.3970084929632347	1.3443842090676905	1.50736840259461	1.3099175832697614	1.271266061490355	1.3729923442052523	1.3045805768723207	1.42521066097783	1.2522367415993798	1.4380532512344353	1.359431795458805	1.2328914513866713	1.2955721861867895	1.3542353169149421	1.394312427533786	1.3493671398543579	1.3617887596078109	1.4036255876432784	1.31440643236523	1.3139367657079564	1.4984558358330655	1.381443465569345	1.2884897985606185	1.3650649490952116
BGene_0271	1.2845614564564496	1.3377487134967607	1.3011359762184374	1.4000102682386237	1.3272131946253443	1.359674177912988	1.4634644415125146	1.4845274089193574	1.2611116217035399	1.283557905200536	1.476664081028844	1.3659827512005975	1.3406653655711445	1.3016952413242822	1.4237849095689532	1.3980652248152685	1.2962597117910892	1.322082052978718	1.3171608620364819	1.2551764599342394	1.3493551925393008	1.3602705277428968	1.3991338537300548	1.3298337724162663	1.2982890372288136	1.4952191476043992	1.3951197621479685	1.2800066203626617	1.7115004027592529	1.2980498589900442	1.3207127914086467	1.4995814492843027	1.2768647455330204	1.3897551755543232	1.252874335669612	1.503493378090968	1.346408967283337	1.2191699937890772	1.2910321524083506	1.380000285888861	1.4320767200244726	1.3687335627209583	1.4259054064261136	1.5041416763599031	1.271911332787549	1.2355189458891227	1.7604050343368671	1.3255244492696516	1.2542888767006255	1.372906948759374
BGene_0272	-0.05038646758751394	-0.07607933082016788	0.0427887481089316	-0.021068670259183547	-0.08087672835258503	-0.14418285124562427	-0.18767988162427363	0.04273839616099963	-0.18345168239801554	-0.16575627243429014	0.03029140789814856	0.02457083308047489	-0.13362733176316358	-0.1475935733320322	-0.08660126283628712	-0.14773122402172112	-0.10186344498507102	-0.31076368243156866	-0.18695219448680797	-0.18399592999788802	-0.06306357011076938	-0.011308853913349792	-0.13267681295594064	-0.12550317950571083	-0.16803262879418418	0.013537420509680839	-0.03265896710643644	-0.1436258859588197	0.3225844153834185	-0.19270325995371776	-0.09678509468192578	0.06825586921616032	-0.14998878092219445	-0.011186679457056873	-0.03283999165927112	0.01035609993311242	-0.12649761353712083	-0.16369377041596742	-0.20430907980099655	-0.1279970200223188	0.026706352035791824	-0.08834583253164875	-0.05290300946280966	0.11013117206206476	-0.06404292750625078	-0.18949794130528533	0.3335273679103236	-0.0046462903863983525	-0.1454598427180555	-0.09772578569576026
BGene_0273	1.2729845632145853	1.2971405006261365	1.2196296847069423	1.279453097203757	1.2777162707231977	1.229208321973163	1.2998543186806508	1.386831332518689	1.2863956457144181	1.2256093324592805	1.4018909306571223	1.288713045443185	1.2504765099517317	1.256189089200917	1.3474646670288601	1.2863849828770173	1.2544452609111307	1.2671313188451998	1.2862422556732598	1.2696637358355214	1.2736489928130699	1.2936527519626624	1.2701682587311809	1.2808342689712984	1.1771207606556688	1.3842661424672382	1.2756075200550667	1.2471312396282666	1.4785629176530648	1.2299258477595862	1.2560185418959184	1.3596019154574732	1.2616730025564369	1.2733415625956692	1.202332125324094	1.3840059337293058	1.253508295387538	1.2123181090507535	1.259271154168295	1.2829725429192707	1.3650548063687822	1.2503077844975108	1.3285372372580972	1.3702175074660845	1.2337492396915157	1.2375688413778947	1.5321197402000133	1.264049592723865	1.224858273337824	1.250227317665191
BGene_0274	1.1469522840880666	1.20624380875569	1.131825337402247	1.247457108754823	1.1715121371047303	1.248293894835405	1.1816869902079616	1.3078109428625586	1.169497459365862	1.1761416057454976	1.163051753358394	1.2038179696625442	1.1677482642634223	1.153973212618991	1.2462432437131856	1.2113179397705522	1.1821769433363498	1.1774864425379854	1.2071461259967826	1.1546102490546877	1.1854884924120606	1.271071932820395	1.1889534119765386	1.1257268474480462	1.170675429602923	1.3398138927779986	1.2275271164677262	1.2156743782738197	1.4169654933592966	1.1799911714797855	1.1748834708939346	1.2974988989787146	1.1249319481249147	1.2885158024842804	1.1635581660686392	1.3393570402513708	1.1104799953058289	1.239784957877034	1.1686345597980923	1.1697898693950555	1.3008422152073944	1.2440047568009078	1.2171520933133826	1.3184508104261472	1.1927144188182972	1.2135922050688033	1.3737737696156538	1.2075079705921317	1.1501635900697897	1.1676111149261719
BGene_0275	0.013933162914535164	0.029655833196041825	-0.011973105601319539	0.22657221897671478	0.06103467817327734	0.14336991999746687	0.2013458965381593	0.2607783169975633	-0.040148123723428415	0.042681711020630134	0.2885236470085708	0.1644696050350209	0.04402735874512785	-0.026724532667975146	0.21583723610097622	0.08743043311767022	0.09017521338905019	0.12097863289507953	0.023459770828699482	0.0645437592585735	0.1591686470563182	0.13880676297948902	0.09061114267566242	0.1073101948243485	0.031493257710436824	0.27507834086018107	0.12603308260785184	0.06268198778246468	0.46107317037325296	0.09672629862165678	0.05755431555805757	0.27885050129976824	0.040254353992955544	0.12928183976828442	0.0295546296330627	0.30252560944299806	0.08677889425908236	-0.07769823495744459	0.04723006995939995	0.10155118031641748	0.29052751083479766	0.17037460853211422	0.17993405273018015	0.2898750577637559	0.03875160600474088	-0.001143209477304891	0.5665026618571495	0.12342103352522621	-0.041212087966518644	0.08740272193510368
BGene_0276	1.9799325572982602	1.8717590975609457	1.9296661100433898	1.9199782206326534	1.8443866546819188	1.867981288618662	1.8806928942745371	1.9061157357089926	1.896814908306302	1.90472851224174	1.923970335402738	1.9031484969232917	1.9089314895789835	1.8773174627266553	1.9554526491038553	1.8843393438014027	1.8851295197680502	1.8612410532636068	1.9011335697844003	1.898599031875125	1.8720519533616058	1.9094425095978576	1.9237069596925487	1.8961914632844863	1.9239602000621492	1.8811819879239997	1.899106073501548	1.893060138416486	1.9292762327222355	1.8804526781774384	1.9462280753516874	1.8624028365235001	1.9303336073681336	1.9297468635075272	1.9599735848315316	1.894738580666783	1.8663945455828892	1.8944074400114568	1.9330141297160472	1.8603456081921803	1.9245199292137665	1.9289499781900135	1.9013282341848394	1.9201605640941468	1.9198156199693106	1.9317631073333315	1.8817105680787316	1.941455156117852	1.9624110634550098	1.875543177386852
BGene_0277	0.81033049658552	-0.12738943980904033	-0.08737354323892434	0.25359825850376577	-0.11853874157897333	-0.08282269436339428	-0.2234434846013665	-0.026958647336535718	-0.08819505300427499	-0.03173305224830351	0.6434882957964834	0.014889922979386263	-0.24678910737605683	-0.004468787816968002	0.33044450541437204	-0.1589903910024048	-0.0631894792293641	-0.14709805545633564	0.013764392670738675	0.1507397563849613	-0.02098017194514873	-0.19324665322603415	0.2298244194592874	-0.08633473916375223	-0.08188148627345654	-0.09747256268433478	0.25814422156282224	-0.1594401879067971	0.04341897443226473	0.050501092903361154	-0.13826732300348574	-0.02719528011346248	0.23830591974589108	0.18962755566236206	0.3529341581246878	0.12522904944458113	0.2322257118131323	0.4313044428400214	0.22241606183136692	0.015784032390087084	0.28401957885249896	-0.11149453396628105	-0.09115698868940722	0.08076582450766102	0.14868394461710657	0.1776283162831147	-0.13498487594986966	-0.13417192505016617	0.5154021378536633	-0.006744150146882617
BGene_0278	1.1531383818769274	0.8168463592566776	0.7344988252521504	0.9487411033425315	0.742681365062051	0.8363959256831489	0.8142619412765445	0.833453943298033	0.817131213400505	0.8000990572403482	1.0210268047922502	0.8056151752117323	0.7952326547870514	0.8158037245248404	0.9501012215624598	0.7795996463760985	0.8234877861892994	0.7717157846277334	0.8512082246313273	0.8261288865810976	0.808302729002885	0.8017031088979614	0.913502029118908	0.7573191497203711	0.7235223269601644	0.8776770577471716	0.8218268869045041	0.7572465142811367	0.8596549506054936	0.8277051511708906	0.775398762258929	0.8498384910248095	0.8805283641567154	0.78139296454717	0.9591220305166708	0.8382418329919051	0.8973695790519146	0.9113855151605951	0.9273378099968552	0.8746607223703355	0.9320358363373741	0.7883589699719611	0.8524947867864547	0.7959423211628172	0.9373791814465671	0.8168257582040903	0.8593869398241778	0.840740815504718	0.9897534262267305	0.879960497719546
BGene_0279	0.5698094896450999	0.3067482826034256	0.36742991384337254	0.47609831901580363	0.19411968278415984	0.3595797618422343	0.2797223464406227	0.39995990749821064	0.2769668489672228	0.365427996906792	0.5605563824997312	0.3647298820759598	0.27124375794013167	0.30171727944337356	0.4488181422030854	0.2649590852291574	0.3961086186325021	0.3396303518587088	0.3599324253370055	0.3010677773884758	0.3303578542514047	0.30996548042997263	0.39993945068391296	0.3922343781953801	0.34088373882071077	0.2945724074735933	0.42592617174040426	0.3649877417783754	0.39206620888414856	0.33562775683482404	0.30305627574530075	0.3514972188225954	0.38482895334199185	0.4381388218412324	0.42913711838019986	0.4109891550635622	0.3826721913650803	0.4677312742356542	0.3112807981601187	0.2973873633874182	0.3844183176087999	0.3687841246553157	0.2789748824390596	0.32980900433127175	0.37725715298423196	0.40061975752947376	0.3580517433162759	0.3407487614810192	0.4474224113549706	0.31975656912061406
BGene_0280	3.122097248372727	3.0897314913023077	3.0695871488141817	3.067378135414708	3.0988247203529498	3.034455161414648	3.021372702124846	3.0720217378398087	3.065465852572561	3.069734619429497	3.0927022097814723	3.0744948971527504	3.109851589606693	3.0135177819374195	3.123735765322493	3.031573357824304	3.0547356533986063	3.0449119547660075	3.077618670541065	3.0658780677358766	3.0778603431886555	3.0581344084097957	3.0625914937686045	3.0157473667506602	3.0591917317465604	3.0701872168251425	3.1148751999161046	3.054722016988453	3.0667506215292564	3.0949864444281707	3.0856554376871905	3.0552327032439983	3.1272219673481456	3.0742574017033397	3.1041281144120743	3.046514950998774	3.115771249752515	3.123599402241849	3.0559015950742983	3.0475965256453224	3.1313988922193814	3.056297631990105	3.035927488228079	3.0490205744007635	3.07138350628267	3.0690750148319967	3.05889981959909	3.076265569382026	3.106837730821913	3.1051557446902347
BGene_0281	2.128962625329597	1.9517726349984272	1.9666528177197447	2.0111471087304613	2.0186427093192973	1.9586756273784378	1.9466852670162664	1.9586735499202124	1.9717484816445512	1.9750102867597423	2.085226356007144	2.0229034035704925	1.9671615000739167	1.917334206801659	2.02880566202101	1.9299971815477106	1.9408487640907532	1.947331103388998	2.010267740373651	1.9982591485475178	1.967820484824929	1.9474071554554588	2.06811039935254	1.9478168395084334	1.9601426916363403	1.951229690794589	1.9661421776127883	1.9520869960674903	1.9693044643119506	1.9940492224229829	1.9738836873739765	1.9499434613555655	2.0003747023857255	1.9621631394537042	2.0338313453022976	1.984441070113685	2.021895318880678	2.0759628929409737	2.054439869305537	1.9768802846999514	2.031323564252725	1.9282043967059312	1.944702667240986	1.9958918590469725	1.9944276906690332	2.029675974791605	1.998168260446394	1.9658496909962144	2.090729650133847	1.9747436346082643
BGene_0282	2.048849653761391	1.8429529292511868	1.8050334299574153	1.9021206898724188	1.7735578088646533	1.7881439805035315	1.7829414193706394	1.8406233138925625	1.8194845695159712	1.7952099019639922	2.019976395849529	1.7966308362080778	1.7077384026232405	1.8544133491252495	1.9158312124573635	1.811706135226427	1.819332077382988	1.8237726688157128	1.8100596396882376	1.8732468289315518	1.8560027376794266	1.8081045659370065	1.89832482951622	1.7962207434557758	1.8137677697305405	1.799608827304682	1.8261401742533594	1.796488047186756	1.8418839682064558	1.820271389815536	1.8133810790349196	1.7925377314264743	1.9076845477218705	1.8282066221697564	1.9344806689426948	1.8276976486216014	1.8539835360681869	1.9652532360331791	1.866675381116308	1.851917809804455	1.886808659168349	1.8334782845567323	1.8209756524663194	1.8071875038442091	1.8947243574733075	1.8558787110347033	1.7740952980086462	1.8092093819830464	1.9812800632456682	1.8069230387160762
BGene_0283	0.6506096006587092	-0.29786154305434004	-0.3659314527327165	0.0528084841413661	-0.15052182448267626	-0.05353697495091237	-0.37333038024885995	-0.1991111499674203	-0.21968279874248703	-0.2482166149129186	0.4047065606573612	-0.136163187046098	-0.22471529114775626	-0.10696534059533058	0.23108557781401867	-0.23070780236668387	-0.36136235350160906	-0.2980501915833645	-0.13828421544941494	-0.09392118015888305	-0.2258124597078145	-0.2990689038702288	0.07260277061316252	-0.33198304098828174	-0.25069925017741707	-0.2909399325387032	-0.0576723172587541	-0.28183856956389547	-0.06974938742691582	-0.12567322003262416	-0.4383121023264321	-0.12862124447582374	0.14434897111294215	-0.04454372505492402	0.21523957886134598	-0.16548365816950084	0.002902192751556558	0.3587513370123908	0.07662367550246897	-0.05862005761010596	0.13941439930550784	-0.34732128004637963	-0.2525601953821251	-0.04538386380374358	0.044875872452703205	-0.022593694765243054	-0.3063827270146171	-0.21475500707370548	0.35891669616690697	-0.06898007049470702
BGene_0284	2.278963500165974	2.0658954038643187	2.066397444715629	2.115309584757655	2.071320770276652	2.091979516990536	2.097118541807663	2.06206706660222	2.0890890043654653	2.0865892740987144	2.2441397847000077	2.1244524381532455	2.088374813706887	2.077316031571047	2.1682703490704927	2.091615298439665	2.11550578930872	2.115699883386757	2.1179646569055315	2.105795514525497	2.0960060648674808	2.0684744697086477	2.137820566503348	2.0524118004154857	2.0561094681081693	2.1090286326444385	2.1603351413060694	2.083788416316787	2.1265987601593843	2.0753439906582125	2.0546023792641046	2.0889908363575618	2.1455637682397075	2.104492812333921	2.167091886561238	2.102073756076138	2.1522645734725585	2.1905297862588204	2.166043123605349	2.107518451155594	2.228999401498584	2.1056450786388345	2.069423086288137	2.1283419208860392	2.132380518740769	2.0848177996759536	2.125186241267468	2.0764820551780856	2.1877909309579975	2.1261224620073835
BGene_0285	1.764632829937797	1.5544994249283377	1.5502757248333716	1.6375387402430908	1.490242814878967	1.562097030087998	1.5147264161620155	1.5447487359846435	1.5082549893285746	1.4625223684840154	1.7126292019242932	1.5223455937843258	1.5981029057150877	1.5742338537067182	1.620981495173511	1.5240228896666348	1.5625213434821963	1.486094689805402	1.5466273522017608	1.588436711097437	1.5278691635955468	1.4854286460860857	1.5239570134886213	1.4712950322287088	1.4997906229829672	1.5205925699624214	1.615314168537375	1.5456388631992841	1.5539260680883336	1.5198147554560515	1.4782377057756957	1.551083357373936	1.6007583109745078	1.5692680516427358	1.6907538674106388	1.5299917829891068	1.602228468820671	1.6734180539728916	1.5987704501811524	1.5878464164493566	1.6709152742219118	1.5001772960236726	1.5079788679519173	1.5709536846681509	1.616002829430791	1.5595077879496753	1.5819949551571653	1.554549498870223	1.6684461243483126	1.5744473934828185
BGene_0286	3.3711214415789867	3.3461959427782237	3.3280003413998758	3.338581941192155	3.3168674437020176	3.333924273130282	3.276783294762052	3.3180519332746576	3.3505392089544714	3.2934716780521827	3.3453235690562733	3.3095722785616855	3.2951480097150303	3.345274455257049	3.3458783790731177	3.2896623786301102	3.3250443770113267	3.3015086792868575	3.3251481635003723	3.3159268998866573	3.3152410452516534	3.3633766685828985	3.3494830348818203	3.3261162733890495	3.3457445089923232	3.3183105456276905	3.286464716020385	3.3368538531216743	3.2894519380990235	3.3245474479686954	3.332104540780958	3.352512534531162	3.303781371748583	3.326334882485927	3.3213701100642874	3.3278640643210227	3.3173571151933587	3.355014719308498	3.306517621651937	3.2890208269783585	3.344883906194984	3.314682258706312	3.3250857139946306	3.3429317065320996	3.3301987745072847	3.3839735367103185	3.29594637058032	3.2918452090226924	3.3186409209366126	3.3102848418817676
BGene_0287	2.2447625547258037	1.9269623221345205	1.940271683464123	2.0305993775414253	1.8650333022050483	1.9464419655919174	1.935573689353098	1.9795180308819655	1.9298322056375208	1.9729179385207032	2.1181235771810174	1.9837872628684114	1.9850450225907128	1.9868953884208989	2.049373596324897	1.9286330423152178	1.9677012321792793	1.9594435500596012	1.9579395827175785	1.999051582463924	1.9355433224433765	1.9360130516463205	2.012201593239094	1.9442969178494713	1.9581746702049143	1.926272752351657	1.9951620323671102	1.91664019512553	1.923708460473779	1.9226340550356547	1.9169315325274814	1.9357081468251485	2.0083394955958402	2.0254535986692113	2.1101063702027743	1.9973055727456206	2.025370583647877	2.1146617655480195	2.0807213773110904	1.999206355448488	2.045087393636563	1.920454410329503	2.0128111302550042	2.0077192291434134	1.999817917086253	2.011361466287298	1.9731837415818734	1.9629866324244771	2.125533851456415	2.0039153336569933
BGene_0288	1.8053333587173872	1.7589197020233822	1.7849960502800877	1.7589327494400457	1.6944050831379682	1.7091045227909885	1.7676481092895795	1.7542184464201007	1.760040665303649	1.7165731482315494	1.8208664000275097	1.6926503204479098	1.7060032333196722	1.74548092774372	1.7476759998360316	1.7043891848364716	1.7033167513796643	1.7048367986408561	1.7512730113837478	1.7327281741133038	1.7342259187780837	1.670890028380568	1.7442985637289778	1.7275466934589414	1.7088481580242019	1.7664660829467163	1.7481591462773591	1.742894932650552	1.749733576867924	1.7441645026183747	1.7409177586614097	1.7386004512974862	1.7536268582606223	1.7294080819734443	1.7870360656405095	1.7593871241464831	1.775493520417613	1.7991801128022977	1.7951563217037525	1.7304161216854637	1.750927337682663	1.6881145728657516	1.7409511378507747	1.671441185121137	1.8304384348376614	1.7677398016510961	1.7428253564682659	1.7137044261477505	1.7870071163705576	1.730180411732713
BGene_0289	1.98822695690044	1.914834288307534	1.9026472640671177	1.919833708895355	1.96577525128159	1.9596471061118244	1.8987746389795632	1.9337764760360234	1.9035001966891523	1.912364976377487	1.999145880139286	1.9324074905092392	1.932545644317178	1.9125285864257333	1.9770726191050463	1.900816886770263	1.9100215900619917	1.95679548528917	1.9487853368464783	1.9336279445018951	1.8922550204723207	1.9315495569079224	1.9222388336528005	1.9297806231004082	1.9448004131273016	1.8859579770711266	1.9643896396250344	1.9277599265619663	1.9385641780182388	1.9958510290148987	1.939721203905514	1.9423348897169903	1.9470858382438825	1.9402553020407869	1.9371937147891136	1.9764771545512745	1.8875870145187208	1.9689250205920765	1.9453716683122686	1.9232165659458578	1.9364934468600135	1.9533273089132144	1.8834217032336251	1.9418952096650148	1.8907063934384698	1.9398146010085193	1.9076831530038771	1.9217202840957581	1.9607586801269823	1.9426352604541843
BGene_0290	2.7947834324838894	2.62433749853801	2.654580847056575	2.6388494698960403	2.59862667853741	2.6177945400189935	2.5875609696917024	2.6472892220160444	2.638682399586988	2.6086151090759007	2.734785670236737	2.659027209546929	2.6802419804356012	2.697642462218909	2.6776824869345712	2.5914782999527888	2.610710219787536	2.619766671340568	2.6268777100142864	2.691480570540147	2.6302629821388295	2.627657647429711	2.6250865143263513	2.6308565173763214	2.613931977592767	2.571399571597529	2.607244574858587	2.587207936010223	2.638729440746967	2.6224990927691194	2.637736467751896	2.632370819509283	2.650000239709941	2.6247826779743306	2.7001124740474047	2.620857789193108	2.6829695012988504	2.7148102616871572	2.653146974447911	2.648055108044875	2.696774908101739	2.613276844121075	2.622608603199046	2.6771539180468142	2.684503246293744	2.651961806175554	2.629548754000178	2.6720783472792253	2.70540930710214	2.6471315093250083
BGene_0291	1.3773396203584505	1.1719361006316054	1.0487246157628705	1.2081645263679492	1.0970308307499161	1.0916729448785232	1.0860356368292232	1.1359179317966388	1.1220494143110928	1.0864143194056426	1.1927063473062065	1.1725978278639821	1.099624402093581	1.1465923044361184	1.2029439664698764	1.080548835988771	1.0335395542381072	1.0464495555909707	1.1538757793086827	1.1582187310060637	1.0829460814941962	1.1270752405010718	1.1598414467526095	1.0359382213777066	1.1067684557513615	1.0956912706434432	1.1886461221719873	1.0937040129357942	1.116654225362554	1.0873469611842843	1.0885486808773177	1.0970507521519894	1.153799196837848	1.1629109483296876	1.2579632013494129	1.143607496307508	1.1363790080178615	1.1819921959039035	1.1735130446516595	1.1161769199794622	1.1785751653532321	1.0878885745397324	1.0425139747155128	1.1428178829078712	1.1775458965331975	1.1065746492606434	1.1514615559502979	1.1316206374530553	1.2146891654332872	1.1252423387617925
BGene_0292	1.7442081414096287	1.2799817250156325	1.3321491609778755	1.4819952542896817	1.2598414602701906	1.2849186088102025	1.30025955075646	1.2883496631324864	1.2942124880705146	1.2882080064395929	1.572009754735363	1.374987161951742	1.2607251171773763	1.3586989477354006	1.4604833931643966	1.2759167851937359	1.2911678474464885	1.2905184075574803	1.3708553034953395	1.3553924617696698	1.2993828648059982	1.2374518262860625	1.423216333268738	1.288377919393018	1.2766988196106757	1.329083256008765	1.3751757612035667	1.2589703366757496	1.3156075800274647	1.2627823791159003	1.2876085680413807	1.3623273266522258	1.3720566367308562	1.4095173174466697	1.5032693472707612	1.354395533355345	1.3823201837291437	1.5091081713247687	1.4889943712876552	1.3664212503328794	1.4521416365054662	1.2426072485290336	1.3466578926747428	1.2704529299256424	1.4357493506036394	1.3967947772319809	1.3069050434245133	1.3328807121372857	1.4853071632363373	1.3986135017463044
BGene_0293	1.7889577564915282	1.3572084128412931	1.3422125188589387	1.4749529608706256	1.3199863512593937	1.3132947435015647	1.3679377515502549	1.4290081493885949	1.3652403687319454	1.3824606775008426	1.6125027294991725	1.4389258631250472	1.3903175755868393	1.4111744943275863	1.525927273036321	1.3382629493854097	1.2878815178816971	1.3435868199248926	1.402662848910861	1.4133113968389694	1.3538746896546288	1.3781519191635745	1.5043162742750864	1.3319134613514716	1.3818971049332092	1.417404396684077	1.469398157488183	1.3722213348341747	1.3535466805230716	1.4167441222060366	1.3656159435944368	1.3352179759363252	1.51720025946302	1.4637522889591186	1.5464968123019758	1.4261108360076133	1.4514973597513376	1.5821985505197576	1.4581674288308195	1.4068569731107057	1.5181598441126223	1.3790648581403258	1.330576932729899	1.3828444321409736	1.4509937846477543	1.4614588348738609	1.4167145622229453	1.3507867497016182	1.6278895946282093	1.3884583757301758
BGene_0294	2.1031045895798095	1.8276097393717647	1.7900457762735904	1.9683101142926205	1.8483491704788597	1.7998110760641002	1.8403294164076214	1.883349636447459	1.824595942463192	1.845344462300278	2.0475840888695513	1.8875068859425914	1.8214893974190287	1.8777708003336835	1.9221208852052003	1.803710762482596	1.7986030744623143	1.7712193260996458	1.8241180411608142	1.868713471473085	1.763281837063193	1.8196742514314166	1.8819353563050734	1.8410907173841349	1.874421270822546	1.8355157010926244	1.9142925048309753	1.850912533837657	1.857138077733571	1.8457752242561785	1.78101264517929	1.8357095828285481	1.8965534000386266	1.926112909584944	1.9702898568003993	1.9110932913084189	1.8684907064720846	2.018504349364282	1.9714529226370792	1.927901169285208	1.91339325016145	1.8268305868232468	1.8218091287039058	1.8521867642191052	1.9041576199433936	1.8960994553556694	1.8276995869795196	1.7984245162154968	2.0228349076585643	1.8527036726842003
BGene_0295	1.5635516478285372	1.1293803545760401	1.167344180340559	1.2245169292838827	1.13915569094499	1.1164615998295564	1.064037437997444	1.1628386123657217	1.1481236950667488	1.197221225751396	1.3339959088263234	1.17633530521326	1.1607626948148166	1.1933411145122166	1.2943598499566769	1.1346985792980848	1.137708296356354	1.1614950216915418	1.2190750009322033	1.2097690543371984	1.1196985451960368	1.161232479446979	1.2512119015334575	1.1726250221279053	1.1554794486874231	1.122332962221877	1.1996810283340174	1.16207797295919	1.211417457332445	1.2183426864208409	1.1467218831681596	1.1249018954635022	1.2015841694356935	1.2216461342472706	1.2906630350272077	1.176421436028673	1.2041413631926703	1.3139172626208153	1.2469576130369506	1.2182832680842748	1.2517699982891892	1.1662901756260264	1.1492587263789094	1.1648645069070536	1.238294029867815	1.2841459609023178	1.1358802426352004	1.1381967078204105	1.3282358348322498	1.1718430920809506
BGene_0296	2.0192823821281127	1.9353479474213493	1.9784353665366878	1.9686890459952255	1.9506149539711581	1.9586517949587487	1.9016563512173652	1.996668131027771	1.960721496728816	1.9817183336174589	2.030316209270574	1.9691173438178053	1.9068983468865737	1.938606024660422	2.020234747047477	1.9493570391363209	1.9415649851830175	1.899034249362784	1.93742876901545	1.9684779177087288	1.9364908519455337	1.9386401908288495	1.9573112806383208	1.9736737116094913	1.96017869354323	1.968308120582344	2.002786483565441	1.9507791211268504	1.926272838757714	1.967101635045155	1.964658146911101	1.9267818272227957	1.9532960892944125	2.0081787128301483	1.9870301271130335	1.9576127313555707	1.9398653445558023	1.9573637723454342	1.947282235001669	1.936310348732963	1.9704025520703385	1.9405210644241655	1.9413485285209804	1.9528823722878856	1.967374006520428	1.9747709700446556	1.9668930265609634	1.9831176472947496	2.0022934752008013	1.961472448988325
BGene_0297	0.10733028765583613	-0.7520217626964335	-1.0379303808802929	-0.4068028187186703	-0.8360114614139624	-0.8030875369553913	-0.88036735132136	-0.7623973200577502	-0.8102707021690112	-1.017855485513301	-0.1464085278289061	-0.7490794309324613	-0.8469267824106476	-0.7750739893596967	-0.3046122078320143	-0.9619718297013744	-1.2003414577519347	-0.9345806581951445	-0.8137161693645727	-0.6696134683500172	-0.9176244919120708	-0.9610001344702411	-0.532303509053623	-1.0419451436892444	-0.8213863694949517	-0.8385221957755242	-0.5317824739239506	-0.8668375609413428	-0.7569955294947733	-0.7515861575679531	-0.9230886162324944	-0.7638973865136218	-0.5231926286544382	-0.5673208112688418	-0.1910994266890598	-0.6874305358097451	-0.6565597420921406	-0.13723434793750067	-0.37905918924412185	-0.5612668003064745	-0.24863829865011625	-0.8201096818075867	-0.8645756058653212	-0.686154624592782	-0.6121660678932	-0.6191573130323668	-0.9759116489229358	-0.9433152621000774	-0.20204213795290543	-0.6985513027810464
BGene_0298	1.8148238154130185	1.7392620406162052	1.742866137641341	1.7865710591551345	1.7294960717549273	1.7749157729355147	1.7314781132360497	1.7804228365614183	1.7850283049253357	1.736814447593359	1.8965780989466143	1.7399187986271762	1.7495054210540721	1.7837905555953701	1.7668340621642924	1.7241880576600492	1.743304747197421	1.7705620514152887	1.7503491400425217	1.775362826949255	1.763475052007857	1.7185888683996744	1.7463481641786704	1.7436642338259876	1.7519793609784269	1.7521100754819312	1.7162090563018035	1.6911714453042415	1.7492983294516344	1.7608017005371799	1.7411235792194426	1.8073079838404102	1.7500810676896987	1.8099078086804947	1.8026350376585993	1.7423128283238014	1.7764949357987891	1.8083366346420544	1.7831716432761158	1.7753711374133787	1.7891953945184123	1.7351619281625053	1.7710154164240022	1.7395694972611078	1.746699170990735	1.7597276962916815	1.7876438481425345	1.7426517417392124	1.7528620671504704	1.7729084780172373
BGene_0299	2.436288261071652	2.2300556306667207	2.1786231953639676	2.250405087931187	2.195830336025394	2.246797417198937	2.1770272198607707	2.202207908362978	2.1591046566156016	2.1968002937217412	2.4245663306912344	2.2309350081050354	2.2531980817121187	2.227189085876595	2.2952912576757263	2.1863517011420512	2.218705366722457	2.201975013014548	2.2416823981692726	2.2863514885092258	2.2138189499244776	2.184213833954256	2.2821732730113813	2.178400661124448	2.19967475972415	2.2180760546083675	2.2432373671938244	2.2268880990756754	2.214048187213861	2.2411564541719033	2.208927380556837	2.231231392442352	2.294386510643191	2.2521614587181302	2.3058411478121847	2.2635942297584193	2.263406113409596	2.3324288931289505	2.283395029855964	2.2286705561767337	2.2679098983192545	2.229043918253237	2.2627201687972707	2.246481586776368	2.256588831180923	2.268827930881408	2.1990672936399727	2.194730244626874	2.3582117464029926	2.246769668563564
BGene_0300	-0.2987987428742599	-1.8687060432477092	-1.7449993561092012	-1.3014866344842237	-1.9537444609950545	-1.6956772247458982	-2.2376868793388662	-1.75437571781513	-1.7318042631217518	-1.6471346194604533	-0.524453949822241	-1.386521693944834	-1.8129325057437475	-1.5351542580704727	-1.0679903214856168	-1.6835987034810846	-1.6391048186317587	-2.0789221672428284	-1.6284245623403975	-1.3087747082725623	-2.016587155786693	-1.9060943183354768	-1.2743206569426178	-1.732761982812699	-1.7144844383476614	-1.81876957464225	-1.5243669021087902	-2.1012798693775627	-1.5984686412634788	-1.67765083155469	-2.0756988085941783	-1.7326959377728057	-1.3156487233186471	-1.3187849076677198	-0.8448274766435032	-1.6328018501602097	-1.3870859795045438	-0.6908450377426562	-1.0003885681816882	-1.42402041831834	-0.9588772338363338	-1.9108160445365694	-1.5889435596452874	-1.9299294944642602	-1.3321872747932333	-1.3742030315361888	-2.0249113161487013	-1.9099146399995075	-0.7109273319209904	-1.6667525847648215
BGene_0301	-0.19235041612528825	-0.26546199485892424	-0.33668210383704444	0.045899021909019684	-0.2578771586625596	-0.3633783924142193	0.623228157563958	-0.3574869896688486	-0.38995581313275407	-0.4910467859745749	-0.4226413547654871	-0.14663292170633663	-0.2833767192181105	0.43113405870648186	-0.4599459802659129	-0.31161875509330544	-0.2751058605321993	-0.22807311082616463	-0.302110152596543	-0.1982801082889052	-0.25873737180057027	-0.4006162240916112	-0.07062125126420242	-0.16011456702664859	-0.1881425200230043	-0.21681485495212666	-0.16616256338321342	-0.5494319212662843	-0.3936914259724415	-0.48257378263397754	-0.15130555036857468	-0.18239704669917522	-0.007520890577251075	-0.38415854865401255	-0.3333093388765162	-0.4551527207885351	-0.02624829493701399	-0.5711216148290092	0.19962415905749548	0.3762177328000831	-0.3889905350701752	-0.5000047498082656	0.308957033550117	-0.14813151292466487	0.44076503711046605	-0.2921230731674803	0.18145108347374128	-0.08288793263150122	-0.4327381007800488	0.29381881423143635
BGene_0302	1.875829330603809	1.8499811620859095	1.8605039235721148	1.8772149181985738	1.8912312343671005	1.9020404251756755	1.9364992477819365	1.8600556244855468	1.9182770466950976	1.826187063348709	1.8491403553548953	1.8689124584187755	1.8406353008128395	1.907536698903616	1.8508122136914982	1.8889435891298496	1.8583060372516602	1.892340962141061	1.8441980728742782	1.8679406852689135	1.8807301297441008	1.8731895017175764	1.8579550564932226	1.9218934342704108	1.8788997488254426	1.897964393353989	1.8989387865610938	1.900752535019362	1.860360610085998	1.8741782658963553	1.8648242345421382	1.8730765470071575	1.86591202647812	1.801164869562739	1.835779128537723	1.8491961112024367	1.8440334441991273	1.9112511461315096	1.9118670278567036	1.8889265213991941	1.8759960760198435	1.8460864235915602	1.869434845651462	1.9175624068308805	1.8922770632434796	1.900969638707935	1.8925647119150775	1.8949192171542333	1.8664615114838907	1.8902310613730788
BGene_0303	1.4520169477510578	1.4088244684818054	1.414234355387667	1.5084864826007158	1.407631509492813	1.4319096373095495	1.7025203781221803	1.399423846489525	1.4039117226854585	1.37916146650953	1.4258098151941625	1.4890964822408457	1.433249760425136	1.6690991266552926	1.4539874079402166	1.4396554999314433	1.454704448373173	1.4411700552226947	1.455825070538788	1.4154189000619783	1.427457061517535	1.381128352141537	1.5390488982413135	1.431104240312714	1.4870298619280966	1.419763309259222	1.446328464932499	1.355304225974586	1.4204699220093975	1.3918171079860213	1.454444225222476	1.4827619168978416	1.5328556755467848	1.3847477709374767	1.4457536209388637	1.377498466354538	1.5173360335960364	1.3981276010034838	1.604571343523953	1.6392908609308845	1.418290959557093	1.3733488395850182	1.6009426651004015	1.4507283401525461	1.667691143077297	1.4314649504527863	1.5760434365534133	1.4543905812538622	1.4297382191637409	1.5479413952545806
BGene_0304	0.5709251800541152	0.4818003601361291	0.37179441326226687	0.6846678330305467	0.3384410257182063	0.506339958603054	1.0506967110522998	0.4665179165678429	0.3727758177728858	0.4423555767105582	0.45242149319689395	0.6092606301544025	0.5353004639179101	0.9393010218366482	0.4170527297766843	0.38464539292090894	0.5308110174437084	0.573228882979584	0.4976726057253055	0.4094312575694207	0.4771804762778449	0.4773876364935471	0.6153212869894568	0.5586155861799572	0.6296936942867803	0.5097519994186585	0.5792167880243898	0.4018007244880354	0.49568027428446504	0.3539668070923693	0.5134764291725047	0.5980584258884643	0.6333935537571654	0.5565026821937832	0.4720853747057251	0.46386857594367525	0.6885407132193115	0.39691979490445345	0.7222336972213764	0.9191518724322089	0.4435144119042749	0.48593976616535667	0.8174861111734448	0.5568508575689252	0.890982930820368	0.5008349091047584	0.837329776441124	0.5857194668464244	0.4062982558363011	0.7618180986826353
BGene_0305	1.4133173435334903	1.3103707078553781	1.2835912969347434	1.416588082490264	1.2814700796559264	1.282673675739867	1.6801044831103062	1.296733661349835	1.2663764586296131	1.3006174374904218	1.3015079689842035	1.3830504540595037	1.3961069083529596	1.6325850471827594	1.2984063046953667	1.2726767363519997	1.31296124626547	1.3474906511201563	1.3717212045219644	1.3109918161919236	1.317593596762113	1.3174643237277484	1.4462336997636327	1.4312361987016917	1.3834958803706205	1.305906069762795	1.3047747639665241	1.232171218608053	1.3338100205424175	1.2822133746275821	1.3297306027478761	1.3334395036031477	1.5047308202199046	1.257374211950958	1.2707720345155151	1.2427817173648361	1.4051687905215022	1.236016871391958	1.5057065769923277	1.5635729696538594	1.2829124183224945	1.2488459195833603	1.5967136815118173	1.3432658051057262	1.6493295106772257	1.374689403958178	1.5718543687282893	1.3895001280175776	1.2984954836245015	1.5393394934703668
BGene_0306	1.2814893885169456	1.304180306106812	1.2283012408004272	1.3258172382286495	1.1848239748866818	1.2589816859304692	1.6098053320802743	1.282720177349661	1.2340426813501382	1.2737939871761093	1.2882753461701828	1.3278529556626544	1.4166652529908372	1.5403965372058221	1.1813848962253655	1.2937200031336367	1.3312260432821865	1.2903217147585484	1.2818689626543511	1.210689974319124	1.279572647720482	1.250677095006673	1.3396720916550158	1.3340489721703845	1.327471121812051	1.3463745647259036	1.2848821355586837	1.2517694723750907	1.2380121494558627	1.2215978275945452	1.3155276747279485	1.3511604096919125	1.4033325568988955	1.2823211149452	1.2868426776577806	1.2494793370229857	1.4321308469888598	1.2661166620795328	1.4344012558895887	1.5119512352484838	1.2866310605164528	1.2579286367620786	1.4935448989967897	1.2892894670963446	1.5300653499670498	1.3013982912822435	1.4790433611805662	1.3515306664107172	1.2146772032483406	1.4487793672903835
BGene_0307	2.7941092982739257	2.7868772802689152	2.774545627382777	2.813113540309158	2.806043332741671	2.777928921455665	2.908924323467442	2.7715390853210486	2.7564736810190786	2.7866783375881954	2.810464959039938	2.7964150456174917	2.78716201628832	2.9570377165065653	2.723741495076169	2.766731882876787	2.7681256351298944	2.8003270179882667	2.805917631109803	2.749482728293262	2.7935977057150145	2.7470402580937874	2.834496327484516	2.787736852393007	2.7873765694137576	2.768156626246308	2.819100227420886	2.761101314649426	2.7251178239251606	2.787231029620589	2.8086197403590023	2.803979474875405	2.8280730755568992	2.8022345318419766	2.767912767627135	2.7925162411719975	2.8134649308145314	2.7567439716096347	2.8650787635978245	2.8787649957596644	2.7655424957587402	2.747889295488265	2.883962647784381	2.818572276064548	2.8864695670339926	2.8054678173198835	2.8377769697750117	2.791912727004327	2.7962825379881675	2.9061889888283705
BGene_0308	1.301086327956593	1.2228661062362	1.224513410979379	1.2671201089140074	1.22911959986028	1.2348137949741391	1.4640817376677377	1.2734740493997543	1.2513276424951447	1.233905975317216	1.232732441019021	1.3045758538127867	1.2328070928013344	1.4374013018939849	1.2037593951116061	1.2651825231938272	1.3084235535304727	1.3320159935773805	1.2409091783755402	1.3203944107628547	1.247413410443433	1.2677771583077928	1.3212861567934167	1.2343393443286117	1.283582382091033	1.2603613984469344	1.2124699633841294	1.1870905991319107	1.1891168025594445	1.225513996540414	1.309446870161087	1.1903960208491553	1.3228623179015226	1.2051147185496707	1.303946189128233	1.1576535350095898	1.3091952543336758	1.2382853163312044	1.3509889617341098	1.3872845458512435	1.2777565456440094	1.2268514118121194	1.3806479756837469	1.2419314495506915	1.3676128189756793	1.2571349572074177	1.3705879361174682	1.2960768416022121	1.2399651932902696	1.3468833172647656
BGene_0309	2.111481349812699	2.0749628237242757	2.008305706029826	2.060359824438177	2.10448320873585	2.0130624785806415	2.1450032130694487	2.028578449980926	1.9831749091379174	1.995988061264828	2.0348858733827333	2.029616713168453	2.0627606556200706	2.140765018920908	1.987925808513793	2.013904509875212	2.064044553813644	2.0571777315291544	2.0565583513856147	2.0400117152758366	2.0284764341772297	2.082128128253769	2.046079231516079	2.0952417926629945	2.035813700612736	2.0345443378792076	2.0693605439015443	2.0170063475179965	2.030888710025897	2.083450656585067	2.0599317621906255	2.03329875719409	2.11385676858577	1.975731221008126	2.051453254601268	2.0358703919460868	2.0700066862618116	2.0248825552293	2.099050513136367	2.076838322302382	2.0744240329570585	2.0563814144093424	2.0518846479101813	2.0575718892744237	2.119013264659502	2.092402086578301	2.1207635899974195	2.0958077146669734	2.0522240601146335	2.0767399165881875
BGene_0310	0.5545476610576928	0.4405724157304442	0.3676425712417259	0.5142831765809462	0.3309111057845726	0.4188870230536174	0.6371233608012442	0.44253003151278647	0.4186696622658203	0.4425263406780117	0.5437213914488663	0.4292169687402499	0.46813380148085254	0.5520642810504168	0.48533544985062627	0.39588736032626853	0.4047213815997565	0.4353962094672309	0.47487127047849675	0.38585945540524563	0.45579480846283904	0.38755907749886814	0.6143806411999209	0.521251396860678	0.4232449081535364	0.49714138752390735	0.4829312965435362	0.33217634465211643	0.5051796543706352	0.37890577644094553	0.45741415456078804	0.4103042353121677	0.4250558830712228	0.4330153513917169	0.4190841370845614	0.4462879335718213	0.5536239173919216	0.3234450245513794	0.47558226214208776	0.5434969470764827	0.5025743136529051	0.38770580194810716	0.5262599405334205	0.36890627739255394	0.5046216278724842	0.3654086419552839	0.5137337413567666	0.44286877262393104	0.40250419880277827	0.5264917575271437
BGene_0311	0.6375010305673376	0.6039508131979812	0.6688911854570149	0.7094563750861744	0.6493618456194681	0.6541003001780095	1.0063091046374044	0.5937753962281671	0.6040271791619028	0.581816650122838	0.5999975883339967	0.72963257196646	0.615585799460887	1.0062793120795603	0.512264451743556	0.5963502054004994	0.6649803622738292	0.5336553221911996	0.6015114682641196	0.6189135285212801	0.5954996922609735	0.593211837181087	0.7237794846369059	0.6670398106522109	0.6956013648620313	0.5724125415124401	0.6255065142421591	0.5117202571070384	0.5940497144288501	0.5387529239255007	0.6837623304527448	0.6551445640266154	0.700957041514237	0.6409060149933791	0.5895829255119512	0.5648164875422694	0.7711750157180004	0.48271497544051833	0.8421490201576789	0.9435139874456034	0.5600751768765189	0.5566233119847281	0.885044273791555	0.648017424190706	0.931807787234163	0.5780554917828263	0.7857394682822337	0.756151132673905	0.5487318513110016	0.8920876861773656
BGene_0312	1.613592269927878	1.5512514950709524	1.5168222990956772	1.5528376272223698	1.485497541522493	1.497455768113611	1.73588752916435	1.5047964685372874	1.4485677994868909	1.5272049468348574	1.5205049179419239	1.5576153961384012	1.6001471579924849	1.759622111435581	1.5000605608547415	1.4405226014276138	1.5136117128199722	1.5378460144181147	1.541492304240944	1.4646205341065721	1.4943581152726833	1.5141090705894837	1.635095080304994	1.5750879768311168	1.5653137464786853	1.4956483002014904	1.5452909178798169	1.4544311692470206	1.4884344919679118	1.4752196542339198	1.5336003301332963	1.523124732996294	1.6031367190870276	1.4734183986792895	1.5277315042089952	1.4209006406343696	1.5876299149704776	1.5210639359295182	1.582639180291672	1.7100346224368725	1.505367430998007	1.4732254409933516	1.6051231305712295	1.4653711330715478	1.7075357318989637	1.5118128688508197	1.6742104976190553	1.5910849564139997	1.4852869825929302	1.6383206875677867
BGene_0313	3.2099266201942385	3.2121830757395644	3.196896261810888	3.2201928965542477	3.176104490695194	3.172399401146	3.31419636075791	3.208752055186804	3.1323961256143646	3.2080141803010083	3.197171690027331	3.2265888598349717	3.240798804787758	3.2783557817287328	3.1875148928602	3.2110609128872416	3.2071324886701733	3.1806201349476364	3.1966735459214997	3.198289620213869	3.1968844753181354	3.260165667103247	3.2558152245439516	3.188466537765392	3.215680401063407	3.207516302376231	3.214883803209607	3.2102947002445967	3.159423956018084	3.1565224309528754	3.202895296148089	3.2141323260492385	3.2081147538701154	3.1866548640270733	3.196502894580916	3.180484365406015	3.241437152638194	3.1868850787131113	3.225216586109559	3.2956311248938017	3.1904332804101383	3.19281560670815	3.2601972401322925	3.2539142866455686	3.2489615190178687	3.231162639996291	3.262912861536844	3.2414269869371326	3.202026666724324	3.24921465231036
BGene_0314	1.7948239195510438	1.7336233485428565	1.6768990990563952	1.820142526803757	1.691612226050751	1.6936963433432153	1.9356678519277402	1.7672474003179053	1.6900774626938821	1.6982014106573537	1.746177106539043	1.7583299102172927	1.811007833890162	1.9445065668792085	1.7088526650479756	1.7043380572454856	1.6774627555886217	1.7708817142785944	1.765204404985765	1.710637193338313	1.7243484929734396	1.6836129340452037	1.7788892361645134	1.792321418783431	1.751028182166434	1.6705371597748515	1.733200640278091	1.7551457333212677	1.7207939673243675	1.7019483725422426	1.728157929948455	1.7029965022772986	1.8088048969911275	1.697316800414615	1.7065573342825497	1.6771780797086915	1.8161252510087693	1.6935680317036392	1.825060687475523	1.9069543667259659	1.7578429471076455	1.7664033038953435	1.8839040464165473	1.7714630534959903	1.882721163559631	1.7406488084331941	1.905906609604837	1.77578483599771	1.7198265016477083	1.8554856996900682
BGene_0315	0.3562064621892533	0.26712604899453274	0.0890491520726666	0.350549437277112	0.22813766642773697	0.27184596701188635	0.5537504975397859	0.2691663380742888	0.21903909539911195	0.23546896623353109	0.2266629893718275	0.41319182520584635	0.335920089176958	0.5555227790354395	0.185931576722677	0.2799880338728256	0.37247045104282367	0.2887419836174151	0.30145570625523666	0.3153804313148401	0.2680896664881062	0.3175784900322103	0.36608494865511687	0.18888272724122088	0.35206322433779513	0.27036413291452926	0.32553887892454375	0.24460463720727615	0.24884360008412904	0.2022057293968656	0.2674318105638867	0.3175718955328486	0.4178045943635403	0.2611025456265399	0.2900580516291237	0.199900948990365	0.49115938131782366	0.2897566313686279	0.43929070587946384	0.5542979235425766	0.2177051550994849	0.20380644747573506	0.46481775932135055	0.35740708260281984	0.596523060205306	0.33053430614745305	0.5448118417838723	0.3417707410071177	0.25550546690677034	0.4341476249307881
BGene_0316	2.3337619090328747	2.3337722550026396	2.316331833021319	2.3500707396257723	2.344226782614996	2.299242880760242	2.3982435370026027	2.361960108205834	2.346497988558774	2.361429142867948	2.347860020747633	2.3352900234805087	2.3277581916054877	2.4614133055938083	2.315281646112287	2.308228201848878	2.3626388113737566	2.3349760876618615	2.363964741140566	2.3159252512012998	2.3139793813483656	2.3496472677826508	2.298285439539445	2.374736655461264	2.3727620372869085	2.304841181824299	2.331056239703532	2.351474952091533	2.3561978188719457	2.359501238951758	2.346121449713179	2.3124695396268837	2.344304341728369	2.294146740351942	2.320515351173663	2.30132590513472	2.35377384449726	2.3130176739153043	2.3888581099104558	2.3874893021329715	2.3350096041551724	2.3081356852942143	2.3494316991234867	2.3360371786698537	2.3800688009875652	2.362040939910484	2.379703992355963	2.2872323211437733	2.3424428715293795	2.413381183828818
BGene_0317	-1.1295948618012444	-1.2349768583749137	-1.2044468661769416	-1.1580214486737563	-1.4421001912160665	-1.2264511494906247	-0.5940255468754726	-1.185696232886722	-1.2885925706960373	-1.2652941248554845	-1.1590911386563707	-1.0573195953060528	-1.1967243015528037	-0.7282510170286501	-1.5739396834016284	-1.243444272472004	-1.213671586123108	-1.382899314593003	-1.2105996750956307	-1.4045233010172211	-1.1570045388567864	-1.3472208011456372	-0.9145523080416856	-1.14705768509859	-1.1098021969089191	-1.1859630383921056	-1.2806083862910649	-1.5632013847892954	-1.3093937461352056	-1.3776616701475226	-1.1809840745408584	-1.2375255487063705	-0.9855484608631371	-1.5172368053647494	-1.4020681130287092	-1.4832437947495491	-0.8841824757560174	-1.7835625138604474	-0.9601439144275689	-0.741606022812704	-1.3111996578220237	-1.40970029479408	-0.8540117509237991	-1.2913009113735228	-0.7254889087069267	-1.5591676400150378	-0.8315718821147793	-1.0051682586858057	-1.4286603677579282	-0.8722982167058613
BGene_0318	2.485867156299253	2.4680322909969856	2.450523947613794	2.513603646245762	2.4572535337027492	2.4710689400061856	2.6600356018562605	2.4539627743022945	2.454558251479512	2.455271418691279	2.4687856247370785	2.4796794604409778	2.513223524983347	2.6499896406878753	2.4372562067538484	2.4087130413001776	2.479022907978359	2.4688329211916344	2.4767998890094316	2.4612555300662255	2.488259558814124	2.4615658811940455	2.5099904471422576	2.5003337481149615	2.509722688085624	2.489439955230465	2.4594022497185724	2.433788889197721	2.4496504055896944	2.4599550796132577	2.4688089141193745	2.494995076850047	2.5190728590681895	2.4178835214943497	2.4482455222216166	2.432005395978621	2.537821529354621	2.4596238579971423	2.585524232042524	2.6114390643222163	2.4867592485775596	2.467071730031176	2.5342903824594614	2.425189420646956	2.586005013822236	2.493504116557467	2.5561104163572135	2.5236497866698726	2.5069992372219825	2.569084024700601
BGene_0319	0.7763020639228342	0.753311674624293	0.6684150236831407	0.9045435603694651	0.6439054183333244	0.780772490711672	1.2452123454619435	0.686444759452182	0.6973335126922646	0.6888706313084273	0.7165366300373834	0.8826602341796536	0.7948494214428307	1.212371493733123	0.6465343610726264	0.7411817799008252	0.8254551463185728	0.8047200001889169	0.750256200019723	0.7855699770961935	0.6517368551185214	0.705815055484221	0.8288347167132841	0.8522539488394214	0.8243022964343352	0.7875046974311346	0.7521254469405766	0.6480326020691236	0.6660067838436261	0.667693280498577	0.7510288947585945	0.7978088780052183	0.9062770902405817	0.7321788978240128	0.7206080355374691	0.6576845710875712	0.8929352325140651	0.7438769929698056	1.0228229027053393	1.146925580700116	0.7008101302097799	0.6002362625115689	1.1007401438557454	0.7529761511206514	1.1792732171712692	0.8076625346623226	1.028931083604211	0.8590183758653178	0.6953641816057278	1.0567040042599585
BGene_0320	0.6639952564527836	0.5668173362343797	0.5732718410535916	0.7346925617173873	0.5778499379667018	0.6163012463071855	1.1648433556228306	0.4862088885622962	0.44955107207186795	0.5356015392988479	0.6386620455452301	0.7462485457716288	0.7977549385172626	1.1060021665844773	0.5623708881736592	0.5536148089840233	0.7103909822567913	0.6647678795896161	0.6242112942755916	0.5665561816253685	0.5773263101861209	0.5214495150544166	0.7287480389782437	0.7627276326019558	0.774255286595926	0.5355774995980721	0.6730963973348628	0.5451921446189449	0.5140424739054693	0.4547321234606954	0.6762582476586508	0.6871371713118926	0.7674893687710121	0.603199072698064	0.5973905477454962	0.5097413314574265	0.7800473915399515	0.5117022365128958	0.8222434166649848	1.024139716706987	0.5786975236645988	0.5535817303828466	0.9484117528133723	0.6354756247193217	1.0277427164369917	0.628937594063451	0.9016470390900938	0.7532928500381116	0.5341173637042157	0.9297262181429272
BGene_0321	0.8370789555800867	0.9487834667820084	0.9867719861384641	0.9061747684367432	0.813589935538961	0.8520093343776041	0.9282776155321893	0.8849531395515301	0.8913250072958747	0.8487465052257263	0.9153332816862351	0.8546821983143829	0.8174218072717958	0.9987023991584992	0.8381496677514125	0.8608534311778093	0.8258624285372501	0.844189597026672	0.8772584782506264	0.8608742100433886	0.8450982632267858	0.8365040857746752	0.8294014911636198	0.8401575905365428	0.8399132548067011	0.8461251151158222	0.8430611478041845	0.8230141047421787	0.8315434606056515	0.8733983917508511	0.838626683062624	0.8598798575859842	0.872685318360454	0.8431156769019135	0.8305880067505685	0.8331543140874117	0.9152529522822517	0.8918309197084352	0.8855261639090591	0.9605061585007123	0.8597786113670811	0.839223457307003	0.8802138975774827	0.8118018677253908	0.947761334264427	0.8422215632192382	0.8740944909222212	0.831029637803388	0.8043612240391657	0.8689333041231242
BGene_0322	1.2707448099626344	1.318023456091227	1.3142907673686575	1.326642182266521	1.2558966253734631	1.2987401354053498	1.4299598921083876	1.2776751593395956	1.2770857319903628	1.2699773385238198	1.3572764515164235	1.3086493445927672	1.3189669083435531	1.4310270149253939	1.2926726616932946	1.2180333451736751	1.276010357226393	1.3245691418171022	1.3830123343745047	1.23905631462246	1.2736665393883597	1.2750611492861688	1.4288060469726342	1.3019697652008748	1.3276834735004694	1.259437992096687	1.2861817224472953	1.24996738483219	1.277350613856176	1.2395863240011833	1.2782740331529283	1.300616701018831	1.3242642689819428	1.2668669291400085	1.2918467970824716	1.2388314413594015	1.3572748226239721	1.239342185446965	1.3144511144105102	1.4221090619878851	1.2949437212145094	1.3010560602792858	1.3457341663175988	1.2611977037547089	1.4416839429472779	1.2863545234048412	1.3773387535386525	1.3615298371309932	1.2428163881000573	1.3824029858532427
BGene_0323	1.3328405627779174	1.323340759537961	1.329110232372122	1.3919447282161996	1.3829435098257794	1.347622269075409	1.4589950027876506	1.329302132354529	1.2897162370728048	1.4241678576895909	1.3213496253706998	1.4197716340403421	1.341278653934297	1.4744921219062217	1.3361173189204256	1.383393732809226	1.3952454640640566	1.3712571173879473	1.4209188477841737	1.3811137895790577	1.336713796365617	1.3183197813243135	1.4254162479330923	1.4335644262845668	1.4259011942033963	1.342924934133521	1.3699960966233355	1.3720738613382235	1.3295134988933737	1.3405049412897134	1.369858046436616	1.3587982806627328	1.3665580511105249	1.4021292752556938	1.3748970353400327	1.3393107176063404	1.3806128788262044	1.3270287947669066	1.4230976745876542	1.4544598294120958	1.3592114004491749	1.3031628669461695	1.4569132008307955	1.317694089843505	1.4405361191244563	1.385799007597901	1.393607069260445	1.3842435349148934	1.3793907295831633	1.420951773337217
BGene_0324	1.461534200477244	1.404726247015919	1.3764387998813719	1.4094085572748742	1.3687918188051749	1.3510849733566948	1.4482079249752957	1.3993274274667695	1.3548862850781525	1.388264169143924	1.397348101345568	1.4210326987383708	1.4020867539923787	1.4520492650621009	1.381822695265076	1.3744273311657602	1.32078352957569	1.3519402985937234	1.3809607125196368	1.3659331216547281	1.4324562528914397	1.387061150707592	1.4648928559359866	1.4026634185381774	1.4620656342258314	1.4181405378321363	1.413230264580748	1.3661158108211398	1.4267762292811408	1.3225939100011366	1.4002628567576758	1.3923385860798696	1.3964235078595606	1.3603344840362863	1.4149558422840527	1.3430188540884547	1.4000153465220893	1.3553467624624647	1.4548791592212669	1.4837866994174376	1.4130366213818981	1.3494824282742883	1.4679614931734635	1.4256649278138507	1.5256933230671341	1.401659679671994	1.4530177441412757	1.4181715497592429	1.3988482665461894	1.467207341870925
BGene_0325	3.1165011156148714	3.191223285714347	3.1466857256910687	3.157046472188145	3.139774321597211	3.1332611524270173	3.2014707696917655	3.2055104982871434	3.1654333997438946	3.161397850787653	3.1413803358988006	3.1564920432631345	3.177983610532424	3.2044913140034184	3.167066399306559	3.149198713484882	3.1454413033532447	3.1432729361681573	3.131414520423804	3.16440806754224	3.159640839268266	3.1714941186538548	3.1837961675446205	3.1636474685726648	3.1076496691323396	3.177796103119444	3.18045531260522	3.1545729142048704	3.1265965306403722	3.137467423369801	3.1583254330981028	3.1799186594319924	3.168054944852084	3.1593921710685233	3.1704228364439953	3.1608864712146745	3.133919556915117	3.1985031723150774	3.154334127881987	3.194565047928541	3.1281462685293118	3.163897970104374	3.167992817766949	3.167612198421204	3.2362326703558444	3.1802357612678906	3.2200999043410583	3.165966119290157	3.143972515977154	3.170870054093375
BGene_0326	1.6841031965550215	1.7477545415390894	1.755586323201125	1.6872737860888933	1.7293896916671738	1.7079640800392004	1.6921284107893044	1.7138014833688915	1.7080294157706577	1.644012315545357	1.7575431717278733	1.708638156615471	1.8416486198077089	1.7043420156921902	1.7515447560100472	1.7319950561761375	1.7094574430566538	1.725130795161171	1.7361370903331093	1.7013969895792587	1.714111723915581	1.71508590897838	1.706237058421334	1.7321764463312312	1.7348591949247418	1.718029465322033	1.6765583010777554	1.709873903273091	1.7532210213740027	1.6724926267080193	1.7294859200551365	1.7566542390789979	1.698051761274761	1.6898372711484324	1.728890379352355	1.6903335247866744	1.7582098229990863	1.6855020975936583	1.7352040614548618	1.8137208708538561	1.672567851499407	1.6552111327577785	1.732612899260171	1.7133138150753708	1.707470150726354	1.6616778158620706	1.67988170189603	1.7168777283187775	1.677739195366296	1.8195061043935514
BGene_0327	1.3809355004267243	1.4888533870353509	1.5042393180364344	1.4546425907959675	1.466910805702449	1.3961742769242675	1.3654864209280655	1.4047833211611456	1.5218697746401593	1.4144688118117907	1.4788980161710776	1.4072655340860096	1.5808844795052706	1.4611781869121665	1.43409631765999	1.4129782983168713	1.3912243493154783	1.36771009680595	1.4741997239047813	1.4649931995814196	1.4864199701979015	1.4503970145756706	1.3294864903666128	1.4679877320281398	1.392804198394872	1.3888215993035005	1.4400760574105682	1.438855928113476	1.4735345443832781	1.4607671651063128	1.4266152580836313	1.5133721022681608	1.4008410501724153	1.3489274561684237	1.4084504843259666	1.4270165638914496	1.5025784967547056	1.4465906576900152	1.3814338832830002	1.5101256407105152	1.4082716778496691	1.4164988683780455	1.4110143622429385	1.4363541026485607	1.4635452536361389	1.4185126862336315	1.3992113132746573	1.3956170792202554	1.4070435936241474	1.5115699480020812
BGene_0328	1.0871952246099645	1.2542932627742365	1.0488983567788692	1.1485533009578892	1.140701361980813	1.1144136438535743	1.1140032403741247	1.1527752710317405	1.2441004118081342	1.080650967039057	1.2136845046585987	1.099462616556232	1.4115326932194532	1.1786413527893234	1.0812658186448425	1.1392895990711944	0.9682617136460459	1.183514914764075	1.1894123303544375	1.1137057476341696	1.150367538840437	1.0976117214969867	1.1241639287782215	1.1519942791314197	1.1361148912489454	1.154616218900482	1.1343845035981264	1.1354646267498638	1.1858364731526225	1.122172506280535	1.1166955794080986	1.2163196938362595	1.1248383411921405	1.0985070523294247	1.052537824279643	1.098900883872961	1.2893448831675305	1.044898619954137	1.143936180194603	1.279217121847328	1.1456714553906509	1.142668559749235	1.1154122477378676	1.0788221010508479	1.0942533353745625	1.0886592022237649	1.1079650837334865	1.1053137526276033	1.0520496805945179	1.257381383135397
BGene_0329	1.0369793326943222	1.2462881392396856	1.010596404058543	1.0574853286035204	1.128700481509956	1.0575762357285874	1.1216629847927362	1.104647910052654	1.17629562779072	1.0389831550333481	1.1642822811310805	1.0474211264121982	1.444880407523514	1.1159010813283838	1.0478182292846525	1.1258041465212767	1.0616916014146	1.0607849072820503	1.158786367502644	1.1509401892546294	1.1229454168863686	1.0710879395006252	1.0324259942618776	1.0977128144200834	1.0755730638980894	1.0570121152303558	1.0438426862662415	1.1247177962210282	1.1297202387035978	1.0428832111628572	1.153326150389582	1.2094515879368946	1.0720573291533328	1.063229153976624	1.1261279444709962	1.034813698505152	1.2395288180229342	1.0623498477552262	1.0746279349893255	1.2905037573795988	1.0856895396819402	1.1082017215710822	1.0487304382932994	1.0816273194735329	1.1020039399343315	1.039648634293001	1.0713804914625924	1.0538140555941602	1.0555510238520296	1.237945318023405
BGene_0330	1.5389238407279062	1.806754274333937	1.63773849398658	1.6649005342822476	1.666606923505199	1.6411624140306331	1.57782376856496	1.6367564865606632	1.7501896482462704	1.606148819386975	1.6640781372730074	1.598433435406891	1.9463391134609094	1.7190398107706324	1.6793908837075775	1.6190185976548905	1.6060022498738638	1.5597351065165563	1.750635277278195	1.7069523993188713	1.6967001772192525	1.5842965833746072	1.6466877843101149	1.6443183831087946	1.6190946404606146	1.6405060022938374	1.5979230370397897	1.6584606169679514	1.6565681868753723	1.6692447111844613	1.6887440984121196	1.7799779465751264	1.6202724150589545	1.6343182699887955	1.659303001871717	1.609178957770973	1.8469099880514979	1.6700912149527838	1.6354006192807482	1.8169544728787903	1.6278461688720463	1.6056626661560176	1.6535682068284903	1.6690832045347606	1.6788238008285683	1.6681913515171418	1.5674846655174828	1.6167293408016645	1.63216225820004	1.8377660269816656
BGene_0331	1.664312801440754	1.6462961015578048	1.6541867739067404	1.6541905040622427	1.62247253744711	1.592745670705034	1.6794537732512833	1.6379309328696892	1.6602582415246692	1.642657730091572	1.6680895074230688	1.6402047065722178	1.6548462954091772	1.6531104046073841	1.632947609388807	1.6162374054147777	1.6416723836201248	1.6081403425806713	1.6501456326939257	1.6317366263884052	1.6366588619907798	1.5986950875975878	1.6542568476248622	1.653982995411536	1.6404076678806911	1.6616019306923466	1.623840777421942	1.627267556130719	1.643379934468775	1.6577981758837528	1.6963692919422522	1.7180329043380935	1.6355476321597597	1.6309460284854023	1.645578977507679	1.5858293371855707	1.704359243962848	1.5872341326105563	1.6539444484932833	1.648848403347363	1.664669747105721	1.606201923630239	1.6441522058450988	1.6350458838611293	1.7004365256346636	1.6627449244092443	1.632913043960598	1.6241838813963974	1.6233013409202612	1.6682279324825244
BGene_0332	1.0304258628545246	1.1923660928103135	0.9744687794414558	1.0492358174007201	1.0662086296949091	1.0368183293406912	1.0396304151683	1.034107867473103	1.089419073832146	0.9780536862662956	1.0928460246815188	0.9634832251176714	1.2933586175058729	1.1444756719669444	1.000170186967259	1.0004859110436684	0.987309069940279	0.9955448054802426	1.112813928084933	1.0649730944891076	1.0575843451819802	0.9588714896073842	1.0377868600137476	1.0923908470490629	1.006330314449586	1.0215283995650084	1.0284305640650488	1.0044046867937897	1.081165769193738	0.9732615538423416	1.0471279186300764	1.148306634709407	1.0087813308949867	1.0766664154471826	1.061247837272127	0.9951878816643147	1.2328339571671099	1.0267262593242472	1.1085892776391317	1.2195460217880438	1.0474980070565503	0.9489577585332989	1.1010993713363253	0.9929805348553177	1.099543326849029	1.0015900817741468	1.030835477286006	1.0327033435856685	1.0090519625866614	1.1812335908741414
BGene_0333	-0.19679559130764582	0.15602660414316882	-0.11651261486084574	-0.09104955482015463	-0.013106657621959016	-0.02873492709046787	-0.16067603069482267	-0.13799981444475343	0.036807702509479734	-0.11116457042953214	-0.07078003279961177	-0.13810396013061266	0.45524781772181244	0.04669749891471137	-0.07578347891536386	-0.08091152019801963	-0.2080818597781859	-0.13719028342801273	0.09484459112327892	-0.033907663834997694	-0.05630778381833417	-0.14151243160486596	-0.1831545816993402	0.04535966964667592	-0.08493799754105098	-0.07245058070515244	-0.13970486117237285	0.020477824850698663	-0.11701625179064874	-0.1235576627158793	-0.040694736141310486	0.15392975541469694	-0.10705819761046725	-0.02430862895332218	-0.046084373216086785	-0.12904266517039317	0.1565820136434155	-0.08145217045873065	-0.019709029578777543	0.28507562503378414	-0.01408655881324764	-0.09242458167213538	-0.08683898570405524	-0.15224240871774816	-0.029511468437532048	-0.1625705764802614	-0.22068319765793715	-0.08813274057939724	-0.10114127727080807	0.22601515363618813
BGene_0334	1.6446134373883885	1.8178562572388255	1.663915251668793	1.673629646492377	1.7316885411218048	1.7316332039468965	1.625860642740639	1.7234094899863877	1.7146221221920266	1.6217722261921126	1.815849102707789	1.697093778984142	1.9349950905164799	1.716432462227667	1.6044207823273742	1.6460463187592063	1.7087367798662612	1.7064938508855578	1.7320205608945738	1.7283293864532216	1.7500318734048625	1.6703858558718616	1.632229595350467	1.6789214017362037	1.719277778273056	1.707090624256627	1.7356346400942329	1.6975208224268061	1.7115012509296774	1.690275100602244	1.6977095395476156	1.797070699483717	1.649888316124809	1.6647606845566487	1.715500383558812	1.659619785858935	1.8213031696806632	1.6934556173760766	1.6676688228052108	1.8163314873914744	1.7028261400223845	1.7215806036020258	1.661828019679743	1.6752818646842875	1.6967231960274567	1.7064707516556485	1.6456350865540346	1.684612490477539	1.6886714984110496	1.8050810492909615
BGene_0335	0.5274412032441504	0.8459348822904771	0.5925644665492537	0.6397453478294693	0.7173285863929971	0.6450244993851071	0.5511184129968671	0.6536123321964341	0.7098567322603365	0.5653623034355221	0.7849121786459277	0.5664272035550854	1.0995573606166544	0.7110074441228293	0.6042831613185657	0.5435304689372181	0.5795054554741468	0.6141785714742856	0.8246328411376429	0.6132327225422658	0.6733133181641758	0.5604194386188359	0.5191510478975978	0.6767638805619066	0.6324603041954836	0.589796294588526	0.6010868563177767	0.688231249656007	0.6890692481737928	0.6084696834470201	0.6991006717971177	0.8557402081175789	0.6008065726210049	0.5804858731169356	0.5698235292200202	0.5779384847896604	0.8741917815043089	0.5631211261886577	0.6009204371339356	0.8756976200871804	0.6014426664334402	0.6409075838652096	0.666867063627756	0.5620515020393192	0.7175677516723267	0.5644164119744209	0.6505276932326081	0.577592739774284	0.5629015354867493	0.8590561754664797
BGene_0336	1.4860701084905465	1.5044664373140642	1.4840851302064204	1.472175569530734	1.5299254839556737	1.4941537877738995	1.4488593166669934	1.4527754802368806	1.4488931773649025	1.463465678533716	1.525668616191575	1.4690224122009157	1.5050421799520712	1.496951269333392	1.4667187559290706	1.479700654139045	1.4953435749156332	1.4661526553247117	1.4615288819316323	1.4639150962820073	1.478994601738361	1.398777831015672	1.467050484126544	1.5046181510302878	1.4915788220262876	1.4147538275609974	1.4451524977210222	1.4493276945055853	1.4893913360192228	1.4604178657759874	1.5410811776142734	1.526583003924322	1.437470800227055	1.4515100876756688	1.4498133996388114	1.47343497442811	1.4917883632763322	1.4343444837020185	1.4917066376226191	1.5687310252409477	1.4574966901612705	1.419341531707752	1.5179216002082314	1.4709497584757625	1.5191803464285132	1.4042378088243879	1.4315861352912744	1.4656515770778282	1.422705694774797	1.5360173461203825
BGene_0337	1.8197901973910444	1.9440449524395251	1.798170923714312	1.812906073440808	1.8279828802803362	1.825694853472554	1.8215412248699117	1.8474450602643522	1.8672802578247718	1.793837484136869	1.8486595599823594	1.7768058524582835	1.9709521648934938	1.8583879491946391	1.84052482861008	1.8085255382828271	1.7764215564850192	1.7862198386863959	1.892038925633356	1.7961275360316025	1.7962489356267244	1.79425200240787	1.800151541669314	1.823357410073228	1.809716265557956	1.841444063385212	1.841851208552722	1.826417488398284	1.8812660770097924	1.8256903371125477	1.8465879050593805	1.8967811882793788	1.8040869351473765	1.8367796936941736	1.7841183336126183	1.772286907074849	1.9036931946753242	1.7899574708481725	1.8013293541466555	1.899761029763491	1.849452884024296	1.8334552685783678	1.8392978219971312	1.8599914906323192	1.8341182131877174	1.8179328514379907	1.8086064338329133	1.8350790668556316	1.7797968068493413	1.8994601875402535
BGene_0338	1.3491522875730217	1.5860042194497024	1.37294173325312	1.3611003631537206	1.4023198906727712	1.3278744648729064	1.3148518798088702	1.3762336845579475	1.4552202627019477	1.3067699102674168	1.4992775594813137	1.3141691918018097	1.749202635318395	1.4558518007737842	1.3652276695737158	1.305044219333444	1.310218054487625	1.283145341659193	1.4642218189251757	1.387707447194462	1.4467549847367296	1.2970697440337822	1.352255633260822	1.3860772618579584	1.313146675066443	1.3704228210523437	1.3429660544058108	1.3694562865798965	1.4275017518930762	1.3195474964195417	1.4513167363244168	1.5458859507846032	1.353714718055387	1.3405099374304028	1.4254057270185398	1.3038506339904585	1.6117739544976857	1.3895614702343526	1.3884988802655642	1.6242244710980618	1.388216256664061	1.3315483733989602	1.358580250268043	1.3584278922451325	1.4338447144540913	1.3244752609974522	1.3445278055517649	1.313453487953275	1.3554960285640476	1.569726042526592
BGene_0339	1.8105192130170522	2.0185843843684035	1.8746267635907121	1.8339890784682606	1.8557939837432562	1.8300412488992353	1.809513684310087	1.8424219336220782	1.9352784045397113	1.8345381640801017	1.9143153913625295	1.7984623461724472	2.126329574188663	1.9256656687555747	1.8201037010126033	1.8394147990800231	1.8070139009464725	1.8141860019301452	1.9170388691966345	1.8429109879842858	1.910013079389167	1.81342598381348	1.7787079488336157	1.9001690022043034	1.8056241970838858	1.8503080072976537	1.77337163096085	1.8276707409741428	1.8731937854441212	1.8559416278412795	1.885707332252213	1.963997502363138	1.7863612256198358	1.798510651222814	1.8932850513426405	1.8012689901964112	1.9814723268325944	1.7997715904541558	1.8270498998470606	1.9799933328924413	1.8255526802834614	1.8217119167349902	1.8495647172888956	1.8559812132679854	1.832082928409994	1.7983373712009774	1.8314925094225958	1.8290176840528853	1.8382456322504792	1.9881458826320106
BGene_0340	0.972253447418587	1.2104844341844734	1.0044092300560865	1.0233301003200954	1.0440576337160186	1.023351787207868	1.0245203619725718	1.0001571902032587	1.1497554768727352	0.9847728370592559	1.0842994879901262	0.9903742488392211	1.328463462637045	1.1287786932396717	1.0301223419896814	0.9517472581375044	0.9515806317151235	0.9937891453165753	1.1530865014932892	1.0491619064696935	1.1233710221609714	0.9655888451621661	0.9959571825006829	1.1086017448299348	0.9982340884040697	0.9712614209432553	1.0183014849923202	1.0300296129825122	1.0991372497848246	0.9764253566873767	1.091054880292734	1.180054841209303	0.9633764420589551	1.0441043274538082	1.0412701416833678	1.008130348438377	1.1928224014914486	1.0195927067034174	1.0441629016188974	1.267085318795769	1.019858477910073	0.9369465464037487	1.0265810876517765	1.005917213914451	1.0928009574589654	0.9832021788205147	0.9504297595361256	1.0077587814125701	0.9399319967347132	1.2407507321316265
BGene_0341	0.18517374642472426	0.47265751438378845	0.14086384890460676	0.2097319025595178	0.30787855107329853	0.2918560599189808	0.11543243769319599	0.20788805422514325	0.3261223314015096	0.21404532725732273	0.3579712621916031	0.11911283771557742	0.6921857805131988	0.37568215381680303	0.18831360124455984	0.20857112186028753	0.18331207412781042	0.04599123353637685	0.3656104308580659	0.21759904950084413	0.294283370665635	0.1499386628538782	0.13982876235697783	0.24863039005025758	0.0944354568373895	0.18694040246251864	0.11781869224134692	0.24206973455264771	0.24861354078851766	0.21367229459375842	0.25652431312338825	0.45526276352128625	0.1456675350130815	0.26252555765691554	0.27812674405142607	0.18836052682159704	0.5094060992055908	0.25060484805314615	0.12714159323556198	0.49606285848292203	0.21834154464202604	0.13241544117759985	0.2187893818655827	0.08922731199189808	0.28400140819820374	0.10885954611896664	0.08610566955495315	0.18573043348156285	0.1811389972377749	0.45804980633358056
BGene_0342	1.1556777914050869	1.2559603879385588	1.231281297694617	1.2188441994995534	1.2217352361593818	1.2496965481285536	1.2681743434255268	1.21567026681583	1.226177330193812	1.208157091026678	1.256032617763907	1.243227826978415	1.364144419335657	1.2634215256859684	1.2121831764813567	1.2454504134657665	1.213468604840485	1.2533438407054347	1.2400348156132421	1.2495491904559148	1.214705620101236	1.176487558904671	1.2160872813450607	1.264976308991566	1.2056972945243265	1.262222812723966	1.157699409601026	1.257817553405952	1.2622944430501668	1.2808046677415024	1.2590506530342378	1.329262898865304	1.2176489804643038	1.1508091569637273	1.1868783358707153	1.2217210604195397	1.2700637623758098	1.1794356753565691	1.2393556030775847	1.2539467635309731	1.2323183346497235	1.233768718756645	1.2809222640192452	1.165074558187107	1.2398630775410207	1.2070981228046955	1.2507090277284583	1.2193074567360727	1.146670370536137	1.241399491668891
BGene_0343	0.8822850275072008	1.0512805913825118	0.9157511402318353	0.9160531082570489	0.9844133927541637	0.9428282218370025	0.827860831670684	0.9359785823008895	0.9538969385135628	0.9039369335000164	0.9613573408321168	0.8378310850968035	1.2585163358291578	0.9630250647370319	0.8984105119192368	0.8362323800728236	0.8550914371880957	0.8876758348691122	1.0596074690914183	0.9081563539183224	0.9367488874514928	0.9154970258525335	0.8786162574790843	0.9230715734192538	0.9048433893619986	0.8680794415218045	0.8975352372737484	0.9762354145153413	0.9912340276210754	0.8809890242457783	0.9651082448199769	1.0228895372644067	0.8732245887485286	0.8557718382808506	0.9791876726361698	0.8076260083488737	1.0764113679660514	0.897867686356502	0.889400880477679	1.1084534451286907	0.8747868081893765	0.8890755102778223	0.9619429597407096	0.8540126567022622	0.9671853996009236	0.8780095995720556	0.855399308333228	0.9077695176439975	0.8635796537632329	1.0707048250570776
BGene_0344	0.3205406802058562	0.6314109660008795	0.264366396355505	0.3954850420950618	0.48148608060279796	0.4799604803753411	0.27355210358560844	0.4321651822000914	0.522617414948004	0.3884680178024865	0.5275884320699656	0.3045665605407089	0.9142067699228098	0.5309391321919396	0.3685163383241407	0.3292699011401637	0.3555918833469688	0.35676514484945754	0.56562775553756	0.42368062940257456	0.4673968767699021	0.3358363844382983	0.3286343798989117	0.40118137577854696	0.33674335855778903	0.3857098148632129	0.35008150806875943	0.48704392000220514	0.4569838884091351	0.3291260168237766	0.47924166458925677	0.656010045235381	0.31010015255633866	0.36229611186343746	0.3301716192978307	0.3286511143819755	0.760697645648691	0.4084952343303711	0.3014376308872388	0.7230238321438616	0.3220965380165328	0.4070744089586116	0.37900716119581807	0.30958684583839596	0.4529509948095925	0.3641011009074033	0.30346686502317816	0.40097282460807343	0.27478574276381446	0.6269814127555133
BGene_0345	-0.08275062802946988	0.4668026930782301	0.04283498913694813	0.1501818031184711	0.16351984055880808	0.18284940028304728	0.001791796991466415	0.07532405926062512	0.26601447214548835	0.0329701832478432	0.32930815505995614	0.059197403361052926	0.764007884794266	0.3411630022328528	0.11040217485571475	0.07005581199176593	0.1073243114292158	0.013668112890922058	0.3237827147540612	0.19330726703455434	0.21166503857355073	0.09979066636737796	-0.0720013703199637	0.26239044418995017	0.04305876080232663	0.023995089747803858	0.0556081118858107	0.20987017241495456	0.26015075646746116	0.14322993344031193	0.18527522320850823	0.5029972607462002	0.09562083547226792	0.17854647787542255	0.17216396662590885	0.05499097802147361	0.49867273635542986	0.17800339510438698	0.017421489885910378	0.5237654280576086	0.1274436412092886	0.09510561198717095	0.09133327728456624	0.004088093901453425	0.21623104092897227	0.06401096202737645	-0.03132260079969338	0.08052116509094258	0.07867515443729087	0.5225112534469268
BGene_0346	-0.008513219564192435	-0.00010132790572793251	-0.06051365583646331	-0.011605022036678158	-0.022403569230986492	-0.05789693843273881	-0.020628942082147095	0.023853874123938235	0.023253607402863873	-0.03986541965701176	-0.030175584601100525	-0.1717133514575868	0.008228658990578315	0.015200556343038464	0.013506117498717345	-0.2220336628749121	-0.11494336644214612	-0.11372909493620649	0.023269111117552435	-0.15973938024422354	-0.017535433594082182	-0.12636739612697695	-0.013503923956399067	-0.13063374936096175	-0.18491544573671131	-0.0008618203456669672	-0.01497202385406014	-0.09101721264942896	0.038952452492737856	-0.044730492770856695	0.0735048933533987	0.056929190173864865	-0.11460570335368535	-0.12891382026521164	-0.09437309038762909	-0.02221957396974128	0.08137664404534607	-0.1269953390706343	-0.09058393761706532	0.029397988294974628	0.032771644814803505	-0.08900511280388149	-0.051349822986202574	-0.07578304926578854	-0.0036248070733525626	-0.1538282083134548	0.0062157257286918535	-0.11185704112173955	-0.08568292393468788	0.002414799539843248
BGene_0347	0.7533209284202671	0.9323251159578106	0.7076588880926529	0.757180457894941	0.7742392366769776	0.7987439497705525	0.7411247980302591	0.780022497679438	0.8545920704084788	0.7382245513351641	0.8701504958325927	0.7675218734417173	1.0436395759435122	0.861703883486536	0.6769489429022092	0.7352504717197655	0.7567172957415246	0.7316559647050999	0.8239624245828918	0.798254765995837	0.8151576201985348	0.7608906734454106	0.677241666297216	0.7912771910561419	0.7409082905153309	0.747462674771501	0.8238708384467525	0.8379022440800646	0.8102245777616506	0.8132799371996893	0.8005844468245061	0.8618664043468441	0.7726977944284703	0.7747113504239659	0.8173616359838363	0.7772467169673387	0.9221359224322854	0.7497184209220576	0.7216402221742225	0.9550306216298481	0.7773140649645252	0.7998357844730466	0.7723136128897917	0.7699914653135974	0.7882427304790212	0.6953077826080303	0.7422164412022618	0.7222334356660981	0.7955641717913898	0.9519355596131497
BGene_0348	2.466415403181998	2.4762276186974934	2.442657306114002	2.4396289596368534	2.4852678839072064	2.451438806700252	2.4196033662078706	2.4727298214861553	2.508220297931095	2.470012880273705	2.4846578410653586	2.4506240197153946	2.535140013403578	2.5159374251897044	2.4763504246132086	2.4527505129967704	2.4441721130189906	2.4687579668631123	2.4745169654373895	2.458691226383164	2.507250291035446	2.4443910411117757	2.42631294854781	2.4382107898660084	2.4530253717349413	2.455761906690932	2.457379654131534	2.4969719621467634	2.471535359058592	2.481454414537835	2.4799007673266527	2.5262996829482853	2.4448338735045145	2.4380623345551156	2.4909336055021747	2.4272027243637937	2.5072136493421837	2.4823865741183737	2.4373986473826483	2.5048145223914697	2.4744884691402858	2.4164262292715457	2.4505431003642175	2.451929846413947	2.4529692094889843	2.4333412474214295	2.4652452075660625	2.4708396787284026	2.4373593729009357	2.5089271169083514
BGene_0349	1.1330200802700467	1.3885078236068216	1.1504293043912643	1.217770231118785	1.2275701388584062	1.2009922678798644	1.121251228599533	1.2033448962789113	1.3224560747606462	1.1651741186228148	1.2820933624540405	1.1500019095769054	1.6103246531890172	1.3385793361689817	1.2486442535123987	1.1907552340820142	1.1736448431048032	1.1212844827170985	1.3336210167349334	1.216463320077032	1.2579918746204555	1.1502691608804598	1.1329052766844456	1.2154631107880263	1.1112955737015364	1.1727037510856686	1.2086561269662295	1.2544421310216043	1.2647466651569108	1.2144529467803264	1.2829147204095441	1.3559532908275258	1.1267762114242363	1.2054103118016495	1.2190398267288969	1.1527515300564288	1.380499206049013	1.1949942992910043	1.1457249687470126	1.4489879602599471	1.1680428362171285	1.1674974713763984	1.1673050867760155	1.1754989748253086	1.2802156554986002	1.2039133308450787	1.1234572758514225	1.2411547191017054	1.138282591064858	1.4042100149630539
BGene_0350	-1.4015212466876052	-1.0723960501410865	-1.699227007802075	-1.3968252924538274	-1.2202840343967187	-1.134804158066586	-1.4197620174027505	-1.286892566039266	-1.1399912295226262	-1.2009131929276762	-1.317938435466334	-1.4271156925241588	-0.7797528469153825	-1.2886902297796354	-1.3422078585693662	-1.2530793247986753	-1.4318705589369185	-1.3472826571786767	-1.1337079671056327	-1.3180796218459772	-1.3063461321638616	-1.3758476854950086	-1.333069524410934	-1.3535204524885478	-1.3835673780529836	-1.2583118596522034	-1.4040672927873947	-1.2263681316641881	-1.4456895341618357	-1.2309186932002083	-1.2134416718631071	-1.073320471805846	-1.4115751404833068	-1.3604996050104887	-1.2890971850199355	-1.3593935908022956	-0.9792630059579028	-1.3374255061540057	-1.2990302975378805	-1.0246565046535565	-1.3526014955528454	-1.2467669324607036	-1.357533581939915	-1.5569906972397982	-1.370630069052261	-1.4731945313288137	-1.7807754168533008	-1.4425207307897974	-1.320159188525782	-1.0458761293962517
BGene_0351	1.6665693789353042	1.639993578748279	1.6364044018196544	1.7612246681172972	1.6030269126536023	1.7027916182476104	1.756515935777031	1.5953925173270802	1.6381548041977758	1.6712497466906087	1.6631380748548414	1.64779301925536	1.6644032437053673	1.6406193560204225	1.829451636449425	1.6503729450454199	1.6012086814064457	1.7710357581486738	1.7315579222917963	1.610151058960851	1.708949948523422	1.6132505630530753	1.7102467333791114	1.6387257317456303	1.6322220440091038	1.599317522673375	1.6238708047123616	1.658314942765695	1.6529785386553273	1.599120035574811	1.7484675530529035	1.7381195037152846	1.621087266141718	1.5697555666473209	1.6162290625118534	1.6985658501798355	1.645123688671187	1.6127531877141748	1.6808807308387301	1.645430593129045	1.7234791901252633	1.6600411139158533	1.6973635134120055	1.629219479271854	1.6576792713927553	1.6204395727647682	1.5883230695486459	1.652200308740156	1.5976285307935394	1.677809559009263
BGene_0352	1.3470674556139706	1.3408123935048715	1.3360516925418402	1.388085592057361	1.3560945824768924	1.3659300604240066	1.4104723030583979	1.3518302590196267	1.3320879379395087	1.2624613693200688	1.3758048189019805	1.345031644935797	1.3611820955767584	1.3792614008808834	1.4384232792331877	1.329541967040132	1.31629524952067	1.3698751509235734	1.3314076918117903	1.3381164066133953	1.3594085042123607	1.321433223474304	1.303156868949475	1.3416684901525697	1.3049071390009008	1.3538397971679934	1.3144978109895282	1.326602071977212	1.2792670938834698	1.337375562174033	1.3754243039083835	1.3966084926939204	1.377277847262451	1.2481962317073048	1.3311553169771169	1.3218125963624168	1.3157334435436498	1.3660335379201562	1.3693140829863073	1.3806615238599171	1.3662183955253464	1.30573392419866	1.3501647778088774	1.328982668631526	1.3628831130812087	1.3153456219286834	1.324175241008217	1.3731590189495766	1.2990429166696549	1.3670034320489393
BGene_0353	0.024161763770346553	0.0483585283996217	0.1696779917944135	0.07523885260474503	0.04296225771823485	0.14247487613036852	0.162517818634245	0.022051764830293155	0.016123526698665666	0.0594650990197629	0.035036270447120654	0.046693756988296614	0.00800439172560002	0.07541084270325342	0.22095242906562249	0.10781399614532994	0.08353935647968681	0.07394497153650488	0.08147895158776051	-0.005336843193382275	0.061010606160865795	-0.04691005412510938	0.11828883088527938	0.1429280426578445	-0.0767912013040502	0.058641563060355666	0.0020920446638693787	-0.043587859993060696	-0.045283559972384285	0.08725025635700258	0.07857942818599828	0.12740877792029756	0.030649910786363824	0.057603650809332316	0.04849731693872403	0.14567779430397276	0.10950036591484878	-0.04737932804962664	0.04266454224906126	0.0578192815742329	0.11041716273530647	0.014277054485777353	0.02283736538026587	-0.02966762201286608	0.09555886328544885	-0.021694209633837305	-0.05727610589787529	0.12244000004201608	0.029733316910244122	0.1326458672320693
BGene_0354	1.925932252527888	1.9735945708151992	1.9322718657564848	2.0584711519304095	1.9246311503951785	2.0440007892938223	2.0702898129042913	1.9167279894044627	1.9481341018240341	1.9683321393773665	1.8556999061809383	1.9219954394090315	1.8936571307315921	1.8938879860714	2.1163731418218217	1.9180916916770523	1.9371219378087263	1.971986390985537	1.9893497304417849	1.9575048348229573	2.0186798013095992	1.9220266978927167	2.0103190828884414	1.9337581387200362	1.8498163471518985	1.9606329562702045	1.920534241030103	1.9021160106105262	1.9032658662108535	1.8970088080331242	2.001440354857696	2.0862393295055273	1.8772955702276062	1.8970355817939188	1.9254766791185767	2.006433410044193	1.925787671168968	1.9387780584002843	1.9550298689978074	1.9938180063088475	2.014356602025246	1.9201455854436889	1.971909954162452	1.9209755908543895	1.9079397260054527	1.8789800197709772	1.9043593450628282	2.009255991052427	1.8905456414583515	2.0034098463133856
BGene_0355	1.4156585716690266	1.4104255912209893	1.4115795252986414	1.4800048817967681	1.3877209770116432	1.461326540245734	1.528482511198833	1.4061294128162969	1.403493035309128	1.4408599621414158	1.389955487795974	1.3736458107705651	1.3782472517581639	1.397252454188219	1.5190635557556231	1.3853955811185923	1.4513781308850708	1.433494273855436	1.4201007134945725	1.3973300218614306	1.4455278524901007	1.3586774836796582	1.455280523790967	1.4139508544137553	1.3451236158735342	1.4327465942518696	1.4157646675668503	1.4121735649805933	1.414846218971593	1.402068405441529	1.4496977582149448	1.478778910559268	1.3931441372655187	1.4229707243087695	1.3978409768848683	1.4760818546275618	1.376062618343349	1.3808904022037694	1.4312345221429654	1.4486203497036247	1.4244807296030229	1.4135712480547817	1.4431324042447353	1.4525430030616586	1.4316384128401376	1.4142962208853203	1.34047784090329	1.4093390051123507	1.4048247488454984	1.4163774739473063
BGene_0356	-0.3004533343420364	-0.4370656015539849	-0.3348314141375921	0.14869910722647292	-0.5861393259245198	0.03220996918405658	0.15111698300970505	-0.46625591710936126	-0.53058982194913	-0.16018190841927044	-0.5415481064707209	-0.46737364806994935	-0.5102211591317771	-0.46053115969891456	0.42055746052110776	-0.517793646546609	-0.3749068740074165	0.14657157376631463	-0.09045013921500372	-0.4143002731352369	-0.030857839160538608	-0.5466348612032353	-0.06986118010426154	-0.35717215552047266	-0.5451858629366132	-0.3969496236043066	-0.40117180100920485	-0.43458248257971543	-0.4549056390275718	-0.5793505502334567	0.11015792448922963	0.13973106341807026	-0.418299815233621	-0.5589357302886507	-0.4030632239869297	-0.18518355777378187	-0.4254244357059982	-0.3340474178227516	-0.3470338830686662	-0.24041111022495296	-0.011763760991333071	-0.2671388594611659	-0.10869788151115467	-0.4198336373335536	-0.3416753226623558	-0.4521561743028032	-0.512566202377985	-0.20743556677830868	-0.5717742596781156	-0.24989414929557605
BGene_0357	-1.648114440495126	-1.2662825096053987	-1.5262735558221732	-0.949700312048662	-1.3614229418207897	-0.94148276399972	-1.0186780081261935	-1.5249775213352328	-1.5818693324960917	-1.3562022116286347	-2.3752136158295145	-1.571471418022297	-1.4610950147388202	-1.6486345898119337	-0.6823867747423981	-1.6099246775197122	-1.682889608336629	-1.1121123681512637	-1.1837757833834983	-1.608928644406672	-1.0743878585724238	-1.6417643306303247	-1.271604407457595	-1.580489221462401	-1.7201666101785513	-1.4691637021655624	-1.5911065327913196	-1.4681701842404473	-1.7653725056812146	-1.7872966779100956	-0.955481493024842	-0.9077635335246004	-1.7359516807083504	-1.6700783119765306	-1.4860832805930562	-1.3785585467254486	-1.6957515689166929	-1.6634473536983492	-1.507478244886766	-1.2480871859333542	-1.0982299473798816	-1.4875720942884385	-1.3373846439773227	-1.5934431611222797	-1.4040605854548223	-1.8972701394240417	-1.86853422753488	-1.2496702728457212	-1.6997006457416517	-1.1663752937839584
BGene_0358	1.386117874922397	1.4731783196013515	1.4827684712538893	1.5293845089431937	1.3524828210418447	1.5238726642762699	1.5386923837807278	1.4186687098581205	1.398065863508388	1.4194663386705404	1.3516830476489827	1.451262579200028	1.374606725767606	1.421484837200591	1.6252986805462741	1.442242858172448	1.4613329055014717	1.5507856423932151	1.4621975336207214	1.471473268693515	1.4824281627894813	1.411797159153345	1.4500485736609234	1.4809937130340776	1.419835300363019	1.4613715225659016	1.3787615703682	1.4098288633282692	1.3907023653378614	1.4013906332075843	1.511065357333613	1.555953594870952	1.3977460527368046	1.4385367631427408	1.4659778269938148	1.4577959366700128	1.3648664717427628	1.4777376843989372	1.4382536541821194	1.4411403179234081	1.5584370600372826	1.4078235719800247	1.5085724937860507	1.358817451705875	1.4351512746310293	1.408145648031047	1.3856313350715663	1.4719154018438658	1.3884067366353607	1.5034353469938602
BGene_0359	0.5871977311818084	0.634533905948161	0.5413361316000909	0.6677593594925036	0.57959613916666	0.6454039776636329	0.6612317649058098	0.5772783634759994	0.5487306006413566	0.5932559666199928	0.5555845384040566	0.6311996922155175	0.6441837234219003	0.6217176104521375	0.7082250850156991	0.5118504198531837	0.5563398258771677	0.667203017333827	0.6258502789859945	0.5730427910010394	0.6415376446426178	0.609459691726549	0.6410571818795539	0.5708578590343241	0.6279536763519391	0.527661919483418	0.6389642827943203	0.6251384439553901	0.5444037320506132	0.5768360949223714	0.715419058287797	0.6813389423365817	0.6182493763419762	0.6161334029516884	0.681372350478015	0.6092221439574367	0.618541609986117	0.5789055113016204	0.564861060267389	0.6448634795884689	0.7279108820262076	0.6542018001777541	0.5983692176098625	0.5835878764739107	0.5884680991038176	0.5999015752699118	0.6146481010864678	0.6163666099539393	0.6262147643059303	0.5951054187357724
BGene_0360	0.8927946573228662	0.9585657617156996	0.8400505852149097	1.1854431326148078	0.8812522059435113	1.241252494723336	1.2537611942413698	0.9905610980062942	0.8216667740254955	0.9750367788888826	0.8771758751699763	0.9698579178283387	0.9024554638390065	0.8976895755483508	1.3682888363966677	0.9210917546058094	0.9191249230233992	1.2194907288008066	1.0355727991096095	0.8996208036076032	1.1177649527437987	0.8804006121822674	1.071961701501963	0.94741848809576	0.8659167772041559	0.9526310376565809	0.9197521218838531	0.9661644663488156	0.9095290854035707	0.8242603720054938	1.1718467008969935	1.2460728541019155	0.8827429759630545	0.8567655663795852	0.9459395280994283	1.0284400229995334	0.9097177049860136	0.901205669454677	0.9167757712346782	1.0621722074749798	1.1915741371422592	1.0020972800238106	1.0321698695161363	0.9530821003116474	0.9054233084228094	0.7765427207382947	0.9266363137050126	1.0303535631636256	0.8376210407754368	1.08091023261676
BGene_0361	1.2069500394054875	1.25086109566367	1.274039883718455	1.4799519867582078	1.1864163411231803	1.422345868624799	1.469990247298981	1.1937593193278895	1.2503929775377554	1.2651944485864721	1.2570539705660868	1.2392320218262587	1.1933885054797684	1.2182640335416994	1.6121006768822836	1.1837600027689055	1.2880596374156394	1.4167268645730802	1.3147863386011116	1.2120709151054125	1.4015073275157859	1.1878852933602873	1.3384707339504525	1.315926616688209	1.1922080681528755	1.21483919273052	1.2467474837156782	1.224841446992269	1.226294818401968	1.1688808149277063	1.508623618783853	1.4582336144490577	1.2629581514502473	1.217265877700078	1.2941641962885977	1.3884744770015107	1.2178088727951506	1.1589615232022477	1.256358068920158	1.3437819424675974	1.4536048937641814	1.3399110458105707	1.362881757873944	1.2441274892306913	1.2124391402635797	1.1671171342832964	1.190395189104452	1.3015679852096889	1.1737869701653936	1.356555862316987
BGene_0362	0.7021238459631648	0.7305785430223845	0.7490481110735705	0.9409832544094839	0.7422879177175443	0.9274082358640328	1.0508978931367365	0.6777284602398242	0.6961838850141443	0.747527996555525	0.6653692189897747	0.7963553812723538	0.6757142858395501	0.7399386511049636	1.1010353507565906	0.7837647159815949	0.7310225602492235	0.9518936833695588	0.8220067347114206	0.7594226673874849	0.8196679715374955	0.7669265983633182	0.8393768625045622	0.7998182806143445	0.656563651978607	0.7786145694868202	0.7370795119676448	0.6772601188789104	0.7336070862054023	0.7427310976354596	0.9276760702038833	0.9331383570401979	0.7432232632979754	0.6951745498246775	0.7600918884067159	0.8372513484193491	0.6560266167710713	0.7102134574573052	0.7914065249201154	0.8884566036242595	0.9304383589520727	0.7178281897551395	0.8317408315708767	0.7436983941425895	0.7530292175608544	0.7109100033564411	0.7690341717138104	0.8299536667522982	0.6913932674404056	0.9071243022963392
BGene_0363	1.3133779021601337	1.3520991655882333	1.333538139665195	1.3870609079207534	1.378686876288617	1.3954699643459108	1.3916871873183116	1.2894191105121373	1.3383919146970027	1.3076023832548402	1.252702857537112	1.3375793608301287	1.3089340012463264	1.2836662306123898	1.4437413056835686	1.3541413770738904	1.3782856795393423	1.4042197537907204	1.336940550599613	1.366564808515673	1.4170081512373216	1.292371341497143	1.3435338064349578	1.3337411672669297	1.2661508695767008	1.3504913786062673	1.3147615611102617	1.2826916164387254	1.286437124332724	1.3156139877458468	1.3921248544128944	1.4235103851664137	1.302625808810593	1.2636821047451343	1.3748855329687508	1.3273641036912873	1.2855457816001903	1.3326137114977739	1.378582858540662	1.3133474476414917	1.4554629403251123	1.3246291685373115	1.3458653300723669	1.2894939856956749	1.3042911993641855	1.2637439000958928	1.3036793432694005	1.3462707047428797	1.3283212881009678	1.2923680076388515
BGene_0364	1.9616369025232478	1.8883218284588497	1.918266658171834	1.926719399103025	1.9242539476097353	1.9644759757410442	1.9524526289405775	1.9505718294571508	1.8939822544906877	1.9586839454142067	1.9058512686173177	1.8963343814069211	1.966390281008133	1.9053068897187346	1.9697772309624582	1.9408198993408896	1.9445846245302472	1.9279000782402123	1.9336787598206362	1.882722276263906	1.88688200891227	1.9256838909783864	1.9368922832971476	1.965335695592594	1.8827905968622998	1.9155572867373007	1.8913295413637339	1.9359465630722459	1.9112619371037558	1.89809047389499	1.9162092244865279	1.991464807260733	1.8756811457845983	1.9608133581676954	1.9369346746528229	1.930703203918656	1.9460395055730222	1.8814354289972408	1.9120965881765122	1.9246866839946495	1.8831669174091357	1.8905446417048635	1.9898047144962319	1.9465691471768567	1.9542771170150743	1.8824742056639978	1.9970856647010422	1.946926098811525	1.9790723648184825	1.935151264438348
BGene_0365	-0.7612916562737805	-0.5637593014824455	-0.6308664102347988	-0.26913773962034665	-0.437774961126538	-0.19512742892838159	-0.16697399276996436	-0.6459544029997132	-0.6985121599000483	-0.5922973581593941	-0.6163833540098198	-0.6573203896255918	-0.5580962480916217	-0.8765683543384932	-0.06287377064897845	-0.5362222425444502	-0.5726514456074743	-0.34319167973047227	-0.4871781326026163	-0.5483938868461382	-0.42848742810798407	-0.7747124867441066	-0.5097110793287056	-0.4416330184848494	-0.6969696163123665	-0.5410391320725162	-0.644914691391097	-0.6252763484216063	-0.620045926037259	-0.7249309608164156	-0.3600432506264227	-0.18966749424087032	-0.594594909161659	-0.7428082914103997	-0.6850921295046601	-0.43617840119867335	-0.687523891443179	-0.9258584902106575	-0.47889499747835684	-0.4122371905057081	-0.32333974142778177	-0.5429797036099738	-0.3480000084259334	-0.5782109912305636	-0.6705546080412118	-0.8319800537742775	-0.5745398921878172	-0.5145938460592593	-0.7041377245876996	-0.41934291976206983
BGene_0366	1.891001014897223	1.8583322613579332	1.8874943108255162	1.9144446837373292	1.8883488864744813	1.9402260225784114	1.9505634114872037	1.8474036134121672	1.8601317029154159	1.860444430528448	1.865853696223688	1.8703541424397596	1.8322587797362755	1.8387909921743146	1.9714091113132968	1.8598947434683635	1.8336419066918273	1.9014950018441479	1.87227562658104	1.8610298462964936	1.8999219702414145	1.808212993143325	1.8550990248836434	1.8516685166425237	1.8250471382732703	1.8525444264787503	1.865141528837583	1.8493985314133545	1.8835288172468048	1.8570512302560447	1.9319240661697261	1.9443278788142826	1.8703413162091493	1.8465772677087937	1.8734855730386895	1.8430616312647925	1.8861175636804957	1.8849767313354806	1.8999866355654322	1.9168197929474133	1.9219881242115182	1.8956000142940987	1.926131777159339	1.8590624363340755	1.8767879470316977	1.8464442213251335	1.8681698716913715	1.9156545391506394	1.8798303227631106	1.8787114697939638
BGene_0367	1.3701572813314205	1.460846335113709	1.4460645827714336	1.6055758561944062	1.430322772067088	1.4871200558260091	1.643376306217209	1.3843512206530015	1.4195971556727351	1.4222909942417292	1.383243762492375	1.4295105702779383	1.4372749818070072	1.4281321701963923	1.6553150529630638	1.4100522827243334	1.4200091829381807	1.5500090156043769	1.4631788203906917	1.4367783849789475	1.4806740665883824	1.4368594365914689	1.483377825958266	1.4603667488704917	1.413024388072709	1.4807274910864383	1.3966742411362432	1.4508478522524013	1.3962733326737256	1.3961627800305279	1.5011010601309767	1.5540458054051112	1.42865213319564	1.3987456757360137	1.4192965154079589	1.4612724984473404	1.4059051293245333	1.4780906419297173	1.5025947311630667	1.4716791363657724	1.5517916347182388	1.438801826519416	1.5011084194804096	1.4421243793309166	1.4482273223762225	1.454054048713851	1.4337375382391784	1.4794047897182259	1.4211002154311794	1.466307315821057
BGene_0368	1.48982478866027	1.5561542385932619	1.5388327381313873	1.579788457369355	1.5431806492726223	1.5866375187775525	1.6010607571298123	1.5549377180222577	1.5779505268734912	1.5211249548635966	1.573453431589356	1.5171202484933437	1.5522288465162069	1.5259414086047376	1.578590955497037	1.5799372640911915	1.5567072930324177	1.6102100616715536	1.5435021402671416	1.5518742680561217	1.569829187935809	1.5234071108055323	1.525090163433588	1.5562311190504612	1.5433498295359127	1.56613710530502	1.553483727729764	1.5613319460211346	1.553902993220866	1.531606921760677	1.5685974832356508	1.5754011643689283	1.5348739991369513	1.5304115223576613	1.5091042248540438	1.562908268211489	1.5767708011798505	1.4879803479192928	1.5529013627564785	1.525585896925246	1.5226297424908788	1.5446795658597692	1.5824509476046211	1.5130712586658588	1.5872300529823746	1.5224130543542984	1.5680728954138228	1.5647487188824578	1.5636583565373219	1.5298386973835878
BGene_0369	1.53441994157058	1.5462561581406074	1.4491319180928575	1.6398533811527385	1.5036060882088658	1.6218687602079755	1.7385702406565462	1.5070779714401492	1.5373752962440426	1.529110487227528	1.4800573028302815	1.5131055159458333	1.5225872618764587	1.4997566624768703	1.7035153162813939	1.5163419803909157	1.5057765758500203	1.6446869963168582	1.5289304180268133	1.4996570235983313	1.593865267871623	1.4734793971779296	1.6100936432859336	1.4823614874007143	1.4468291458283693	1.5309144506277454	1.5019180148249247	1.505435448001534	1.4954158324633942	1.4719604241456383	1.6800693319701994	1.6384162568783862	1.4621480049514957	1.4525734728948683	1.5353554157121625	1.4930848820264437	1.5124618478850622	1.5085122837723917	1.5466292648989866	1.5871963271049128	1.5981062042542267	1.4684945096477064	1.6122090793092785	1.5452096020843993	1.4537630556601104	1.4986780384468337	1.469882639750209	1.5395949149512713	1.5065716974161718	1.6034323647423818
BGene_0370	0.8592269519478031	0.7886334520389808	0.714507309137029	0.9648426681785245	0.8260066467509104	0.9505474106663168	0.9591288460396283	0.8195052832194676	0.7956012773297292	0.8786663664827649	0.785253590090789	0.7885612578784781	0.8485190667588912	0.7832327161318686	1.0148960377628453	0.7631309899290801	0.7668412670868042	0.9195570296069167	0.8905325609423668	0.773417965852521	0.8634749871100642	0.7615487668304749	0.8763130085150888	0.8537824836609097	0.7930642107173247	0.7617148954654908	0.8139848770870651	0.8237041619734076	0.8117833901520906	0.8737421099276864	0.945643032050626	0.9674181876921861	0.8683736974144405	0.783161639835923	0.8275526854292156	0.8838398791879274	0.833286558059713	0.802805897016258	0.8408911292726924	0.8837942135565365	0.9022535771440452	0.8440286001148892	0.8842931158691429	0.8273556269847906	0.836783984495994	0.7343662579311445	0.7853468077718331	0.8026961509992411	0.82927013318191	0.873693979577939
BGene_0371	0.6074519398561524	0.6929174061935769	0.7490775553391339	0.84885822257044	0.6668134803521721	0.7581321047853549	0.8814804500541551	0.6925961882642127	0.729744489429155	0.6682712322566408	0.6449257460284745	0.7100495683169523	0.7187892952071058	0.7402922111869177	0.8077481707491042	0.768066766262991	0.6511062041913388	0.8240754973134554	0.6853502580938846	0.7375476285786827	0.7270410460646536	0.6918145144260848	0.6511147164546468	0.6772992166790789	0.701459490111738	0.7631057922713776	0.653756056919536	0.7001219350680289	0.6891693016545645	0.6353026914712349	0.7521967683441981	0.8057333905212029	0.7032050282958832	0.6888144597500329	0.6741374675687167	0.7640938894310352	0.7045878078257388	0.723972548535211	0.7906587532392878	0.7833559802876706	0.7517712861438162	0.7167558704663229	0.778706156560177	0.7238738605699383	0.716510085093763	0.731042397704864	0.7520844577903932	0.7213431465325187	0.631824478672756	0.7476862547774599
BGene_0372	1.8179397973219396	1.8545393825208847	1.8201128818128223	1.9541241492119117	1.831851550812249	1.9437337923170397	1.9750159223834876	1.802288049509343	1.848074954248511	1.8686458487406044	1.8683891702124564	1.8201086615642914	1.7538252855597807	1.7478140403742548	2.055206758169543	1.7899203179221506	1.8158507214293673	1.960202121831429	1.868435700030134	1.8120910104462222	1.9139770257127275	1.8086863637379376	1.9112909302028	1.8650720768478801	1.806599815969619	1.8365897917578	1.8008917071703567	1.8192022867856428	1.8398723796434326	1.8180572106619253	1.9492022690027	1.9426041483700154	1.8150627703758244	1.8352911001046406	1.8466958279978545	1.8693944654774086	1.8314929843604224	1.8149077896650263	1.8841877289101303	1.8843121563986323	1.963894395233754	1.8827436933766148	1.8890528632335613	1.8205986745453968	1.8285758634521283	1.7878808532221266	1.7796050303236848	1.868940936769172	1.764106510488401	1.90963229418987
BGene_0373	0.3290211469049112	0.3546511086353198	0.24237456030208776	0.5952467075208353	0.15974681193609316	0.5060590611614647	0.5481977849805255	0.287982633179595	0.2304079882069196	0.43202975397208726	0.30259465925313184	0.3013193098379603	0.22931540447702856	0.28662502933227485	0.7528102263717417	0.2895988171356906	0.257400654233041	0.4860475222610659	0.4401044762774937	0.16355013201649224	0.43503485826320587	0.28962736525509397	0.4573587427704922	0.43241166090973954	0.24331210356759794	0.26979026420342683	0.2658936047779216	0.2946093415182583	0.349280341591534	0.16927279674090878	0.4612558190856428	0.568375715233598	0.19778795082221773	0.4046412958147885	0.36204967409622424	0.4139997948568904	0.27671715725030144	0.26340069594876786	0.22597586272381803	0.4317370477956001	0.5369093489820977	0.3011705628960765	0.40215386566948313	0.2219626457983331	0.26515825512522573	0.20751181404314317	0.24919477253564865	0.45728492741619126	0.2679854428842717	0.434150723799651
BGene_0374	0.23903195676707076	0.3236044378812759	0.254641607318608	0.5471303661241289	0.2947787120932846	0.5465055656171244	0.616691706895246	0.3076764847695149	0.20575636949819567	0.3772648087885244	0.1888026328224476	0.33743086934190347	0.2640189873395259	0.2636621979562389	0.774020359120653	0.27365467185451375	0.29460293634170104	0.5574983135589044	0.3778963124782199	0.29625094793698475	0.5191741925088244	0.20033849281351576	0.447913010769806	0.3012641761629016	0.18303726286010052	0.3280224865678619	0.31226222060021713	0.32768871376411896	0.2633550183145248	0.2414122617297941	0.6228911071429221	0.6501759819683712	0.22391897593341903	0.2579216103275738	0.30394603193000264	0.4388791095719633	0.31066861709858945	0.23483238356016614	0.29088096365701455	0.4247280000787432	0.566717712911868	0.3418128622787729	0.4031322142492973	0.29302654436998204	0.29208247938152243	0.17545542236488287	0.3129518195738844	0.4362946349378245	0.2038578767017803	0.4299229469192832
BGene_0375	1.1597487316078061	1.280852807598438	1.2635585966750003	1.4062281376298107	1.1573684544107485	1.3733307602084295	1.4059175488727416	1.1785249526631143	1.1783653305330486	1.2600571579346889	1.222030491676762	1.2655571567465935	1.144009897960018	1.1892393357994044	1.5306352448890508	1.2328344831414138	1.2106211090698504	1.3480852277850697	1.2702154260259098	1.1875101292289851	1.3952581031454607	1.194021733283376	1.2793432415965398	1.3179571182249945	1.1802543965596475	1.1939027401728053	1.2476759527212107	1.163315381375302	1.2273195737515459	1.1407107877550813	1.3538219657956094	1.4169912951094537	1.161724461517976	1.2804471394966461	1.263978761675933	1.2996702742278115	1.2348556143910039	1.21374606837995	1.1998166755102322	1.3061907720862174	1.4114536525895467	1.2809818261597223	1.2372559760894917	1.1877512947603104	1.2196368553483872	1.11560976637716	1.156947166725453	1.3245355163499284	1.170598110862144	1.3275986807695528
BGene_0376	1.8318907227955548	1.8158410199064245	1.8071928845028782	1.7714142979011587	1.74694269287361	1.7840135648197402	1.7502681097908181	1.8403779734152825	1.7745632806587759	1.8025550457039536	1.7367026313038707	1.8429025458239958	1.8522873449519641	1.7989604422244836	1.770240109320468	1.7295070892546198	1.7110560739945833	1.8022421218233788	1.8168265478987016	1.7695576073208343	1.786537305058731	1.8718677098296843	1.76183888625631	1.7432350809682615	1.8421504848611296	1.7809021808484993	1.814875474823972	1.8001446861588484	1.7813720017114871	1.8058504217714215	1.7998912835341385	1.803650758302107	1.7489262456272707	1.8028481262986331	1.75714589648165	1.795437551441876	1.7433723400969046	1.76152033945583	1.7835364742521131	1.7789747731713357	1.7789422908734616	1.8750027160356626	1.7257826247047088	1.753490189408793	1.7783787964080584	1.806293958306691	1.7788472963681985	1.7774389016901704	1.787837577515621	1.7970156715867251
BGene_0377	2.775834670168481	2.788149252277455	2.7480666138971337	2.803568912373791	2.7627626726924865	2.757131157005088	2.837073834675003	2.8141009512315986	2.785064178992171	2.797531687714472	2.7583200852420795	2.8671987609781446	2.810083620966375	2.7623250250653903	2.734334955089172	2.747203420677295	2.8021657338392707	2.833454243346161	2.7845531944936424	2.7699722713059773	2.8074476536307578	2.850629788579258	2.7457735028944144	2.7955834854319797	2.861388802012985	2.7613217982395915	2.839751632139431	2.8124568219882504	2.78705109298183	2.7846161124719204	2.8232390936228784	2.7862016667756535	2.8077848931019225	2.7705342655870044	2.7874772031072608	2.7571979276479492	2.7855241488442157	2.8032754252815413	2.779122570277854	2.845986685688946	2.8218750450574572	2.8564616733045654	2.7837684065573183	2.803402580857404	2.7584093109928443	2.8048584293695957	2.7747902918259766	2.7425393529822375	2.773733286008157	2.76006805531533
BGene_0378	0.7162852971835124	0.703444367545609	0.6269657538143826	0.5260516931301538	0.5753530730269714	0.6424429350811938	0.6026305079498218	0.7476358648122232	0.6251142344517854	0.673945506317458	0.5576394313816025	0.9338952561376574	0.9208678530642467	0.551167472301391	0.5159725101243579	0.4524758614688337	0.601280750212806	0.6601862419018331	0.7679514987125727	0.5165044612213504	0.6536179101895062	0.8863270441462742	0.5282229203214196	0.5347531103096411	0.9645736610755784	0.502971078713964	0.7135890740516295	0.8204625505283845	0.5908260861687896	0.5253810235768146	0.8758890033996555	0.5869629588131418	0.6971459934665449	0.5753163588594996	0.6297969937947941	0.5615524207107468	0.5825084088614462	0.5741807921019262	0.5582855383898115	0.7170341727610351	0.6619826622462581	0.9917054564426027	0.486463047719462	0.5147173977214183	0.4980762697818925	0.6370428809465436	0.6830622796285977	0.6839325734986212	0.5308616530319716	0.5068169900595768
BGene_0379	-1.6907763205680455	-1.609962818948013	-2.1332220540826454	-1.6661973691343153	-1.7921244232889104	-1.5235686651275233	-1.4845750609323118	-1.6311831223446667	-2.1053693227255454	-1.6262770473154513	-1.9429076657636248	-1.1713091488070546	-1.0207765159911533	-1.775039272728249	-1.6123580027997135	-2.1663893213858545	-1.8237530042568608	-1.428855610786291	-1.4870532366089255	-2.179537410649234	-1.845666708683251	-1.259603326731092	-1.9377450327254706	-1.484767082307255	-0.8878795930502186	-2.04952316850433	-1.6439792388848542	-1.1691669669151301	-2.0444353997958165	-1.8003460466496437	-1.351379646654374	-1.7321248947097614	-1.3371963391092656	-1.6654118731477718	-1.601936853141766	-1.7373512373290376	-1.8607841732693724	-1.591163408828263	-1.741708194202004	-1.3438046510679618	-1.333544923381671	-0.9933214620305282	-1.7270482146351378	-1.9411288951702335	-1.799548862159591	-1.5168745579873573	-1.6289697598778143	-1.6737057793946222	-1.834500582014766	-1.78437273279511
BGene_0380	1.6345861150455125	1.6509290472633174	1.6535251626722343	1.6371901232493082	1.6123627839688854	1.6802375270546477	1.646271737963083	1.6688066015212364	1.6243937661366934	1.6463489163570177	1.5779258011183612	1.744435924624979	1.7689873995629968	1.6052899996154795	1.5848420496799154	1.6193145832924825	1.6018282846331429	1.6899732558904128	1.686172357101677	1.5920893812025374	1.6103192215090334	1.6945805125466435	1.5619014927210848	1.5734619017224032	1.7363152270291533	1.627422668427259	1.6803380264956869	1.7077589702718403	1.6209030627330787	1.6113505987130101	1.7336080749107072	1.6448916719197386	1.6352107741061723	1.6800767473875402	1.6436628230820525	1.6377510170911243	1.6340706357266837	1.6983745073610272	1.6137504197343044	1.6681641509851486	1.6534621553764883	1.734852857626104	1.6237398802347596	1.625647253490739	1.564356550672511	1.6622205251245668	1.6687834612937076	1.6397279775203215	1.608370767309463	1.5986301252837902
BGene_0381	1.3614319560003385	1.3156042552736593	1.2566239326692912	1.2948647496097003	1.3274930796106523	1.2721203849769467	1.3059478509980984	1.3423986692905003	1.2844711120036052	1.2766484090633976	1.3079375535739395	1.3809943090876462	1.3651732510082193	1.2693430040311353	1.3069408397029165	1.2872092289246333	1.2969353506305934	1.2816616559330734	1.3428104057734769	1.2686571147686057	1.323108429420415	1.414559501730272	1.2774565112685812	1.3085096070876256	1.4369408512722082	1.269556551455736	1.3350810234418953	1.395837474912533	1.2881300849129005	1.2752205465183943	1.3861897796940952	1.3110558894776816	1.3299390575748766	1.3076210694240211	1.3359296420094526	1.3070773625901986	1.3285770059198905	1.318701292653529	1.3195153071342847	1.3264931440711016	1.37488690773704	1.436920848715169	1.3066367883864327	1.2876672535862994	1.2504133660251329	1.279904116169973	1.3086714100691423	1.2726836746030334	1.2578998943405255	1.249476825273067
BGene_0382	-0.18793174694487683	-0.2455078490485778	-0.34729469932540696	-0.36408670417567174	-0.4290152870454474	-0.3936870104810383	-0.40554467882093864	-0.28844632086795985	-0.33076403328226406	-0.3130809677099398	-0.4196511746574028	-0.1483234595212073	-0.1646611238515184	-0.34465123328534564	-0.3962817940044409	-0.35800517028839546	-0.3483363522372512	-0.36034885053494464	-0.23522381203719434	-0.34636689176705143	-0.3543230764084597	-0.1389148014480323	-0.4337752560146717	-0.4361090529677452	-0.19118623201117876	-0.3581641375673768	-0.2654381918290708	-0.24097186623310213	-0.3075612575059276	-0.3829485457270182	-0.2615364943260259	-0.38301395572824454	-0.3475602672353968	-0.30710538998262105	-0.30623409274878893	-0.41378950362632705	-0.40607604797449687	-0.27817416663712985	-0.3747211315359192	-0.29675431878482045	-0.33141608433340725	-0.21885308062674466	-0.44107757091312044	-0.44497177788347364	-0.33578215680886186	-0.2474991137025105	-0.26342874676545797	-0.2808943271469264	-0.34633758014886273	-0.3876206730675571
BGene_0383	-0.11466765838899745	-0.011276098023250783	-0.15696530855927823	-0.356655565299283	-0.10306655689024981	-0.2530442965177813	-0.04830804331648673	-0.023451834244712713	-0.20933398811688636	-0.14426091888491388	-0.23734586607712163	0.39516963524958393	0.3957415117567489	-0.23459156347728857	-0.2519263258099605	-0.23414139583398982	-0.15327138216859137	0.059436211278237845	-0.02224149227973943	-0.22539786048069924	-0.09059206238007345	0.27358117061845005	-0.2682162647184179	-0.1365901046634091	0.4786709067035532	-0.2620978975749848	0.021636035970395904	0.2117222410753914	-0.17219832281917052	-0.18861274532924677	0.2174030401174846	-0.20227979754635497	0.04219218704582851	-0.11107961214847686	-0.13565395389698492	-0.14545443679443987	-0.23592029931090083	-0.1365319097682763	-0.19028067270210045	0.08834289255014331	0.10827239121959736	0.39530025768853316	-0.26554818869606994	-0.2389622916481743	-0.3644768686991931	-0.06016105953404413	-0.027897598991293425	-0.0987632255027227	-0.2811183673727613	-0.21725876530464297
BGene_0384	1.3001643206036972	1.3232420139922645	1.3076420564749147	1.266088504630813	1.2943645009983258	1.2922109196176617	1.4064387684135924	1.3752430655794752	1.3441309322602122	1.3738421197856097	1.331742003392582	1.4115816783733997	1.3794457519552503	1.3637619664585507	1.2819490004537228	1.2708636199359826	1.2934417221583834	1.3652459086333015	1.3044684988943938	1.340366351826548	1.3686250887066242	1.3968606696692547	1.2931399355978066	1.2580547831568438	1.4228654202000781	1.306082044746271	1.3770619766471053	1.4072144554401365	1.3101785331355735	1.3323177601363565	1.436870639749424	1.3005379583946768	1.3554641706348378	1.3028146881993532	1.3675569462708093	1.332217583192454	1.3235793181172353	1.315284446488104	1.3687517442231953	1.382337808883886	1.3211265094748676	1.4507265940307184	1.3053861259334625	1.2650820236169704	1.3326971528913578	1.3364306361777394	1.3014781669756166	1.3152965377115262	1.2908806023844066	1.3082006395065227
BGene_0385	1.9945504840522998	1.9511870387202488	1.9468345994431362	1.9560872048741726	1.9429743040505747	1.9503272153727267	1.9846482798146856	1.979636799966358	1.9533542876775156	1.9863218202048225	1.9720582679215641	2.070046674358142	2.054051944497384	1.9757924732829464	1.9465138881138184	1.8945102235728635	1.8791342349114328	1.9989071120783664	2.007284551203465	1.9057667046020188	1.9804938162172037	2.021404629696348	2.002419091499834	1.95495837624475	2.0650278613052646	1.9132229290803198	1.996636269927815	1.985238712593883	1.944821914192021	1.9705082117730621	2.0250114977279314	1.9603614728741872	1.988282333538263	1.9204844173427167	1.973686093061259	1.9600531184673935	1.9409926043650778	1.9679531984242187	1.940873393097158	1.989463234399762	1.9963623808997428	2.076790859170267	1.9090657309048942	1.9516540662407866	1.958842717456994	1.9740337046531298	1.9870595038721814	1.9769326345281106	1.9344588435510648	1.933989907684928
BGene_0386	2.3044751668327894	2.3524671381420816	2.312277289753235	2.319790335656217	2.2903071464730855	2.2916525929544944	2.352475896161269	2.371074919724719	2.272326806917814	2.334883506617419	2.281708340747266	2.452950582715615	2.455753230089637	2.3221394168508422	2.2545183467659893	2.2810377523088903	2.311580358839714	2.3415620234123895	2.3426724196307545	2.307415536721796	2.3145879186213945	2.4229435743593895	2.292850282788441	2.2878824223591856	2.472716625735202	2.303771149677554	2.3721276341509414	2.400838189039432	2.2753920596155086	2.300825002473482	2.3962369213049777	2.2970917182359987	2.319644453369337	2.289672136012915	2.3426526551954328	2.347928370578069	2.358752205757832	2.3473574635882586	2.2951779124949336	2.394982501219688	2.3585981426930704	2.448174557831453	2.290894246660078	2.2801070044318745	2.3188180865957433	2.3159090306981924	2.343498350256931	2.3303686096321155	2.2560937435516175	2.276405697821422
BGene_0387	0.24139502293565465	0.33002106256578273	0.31582437665700847	0.256001788183598	0.26903275006855865	0.2686727390560984	0.2850089088660169	0.2805766360540775	0.27341605974659433	0.3144651559292534	0.21006081359654352	0.4091034459924251	0.5112632437209762	0.31976650445671745	0.2740425899309816	0.2236208149776001	0.1403897713361386	0.30756718177682085	0.3310121973872506	0.2135022886902832	0.2818797368003456	0.3373853765710549	0.2888897127287652	0.32691368967453394	0.4590644498491641	0.1811329455134586	0.2602749952867795	0.33563263891920636	0.25639158230184494	0.25944826792238684	0.3482941466554381	0.30531071660091635	0.3532182504856311	0.25012447029300167	0.2590657363458487	0.19956849957792244	0.29359318155399516	0.19764981387081312	0.2772014271800235	0.396165375497122	0.3715299775830873	0.38647830540033923	0.25977596999727093	0.27639636307171983	0.25231408639709507	0.24564189988508628	0.2652135567705506	0.288670676304066	0.19133575638944578	0.26422682442144474
BGene_0388	2.3489841856745657	2.3678140863048616	2.290069870843941	2.361726747699889	2.301934408203867	2.3727448034761984	2.3800726656370763	2.3746982718287195	2.366426382156557	2.3260844554707627	2.3260907368006816	2.4141175051838424	2.4454490490131744	2.344179797620537	2.3116991388963366	2.3557539427079486	2.359936304156408	2.4224596276894506	2.3571054595200223	2.336998704363181	2.363383137115414	2.425043327360168	2.333182314384356	2.3260563453336642	2.4383549270136977	2.4034845454768368	2.3502328716570338	2.3967481407218947	2.3429029071278737	2.3148182925736607	2.346692803735502	2.36607858345872	2.420535782508229	2.3288632775266307	2.3077667220330604	2.315169184672765	2.350081148011836	2.36562521341484	2.355386989600471	2.3521097094472423	2.338160428376277	2.4246142555751398	2.353012545485506	2.3413937433844665	2.3607761736596333	2.3912877279729763	2.40831446420432	2.3431763420880127	2.3135027840327744	2.339354936277947
BGene_0389	1.3706613222331254	1.4121172587452457	1.4778452707123322	1.3574538882680924	1.3801840390553826	1.4612080194619104	1.445608573873205	1.5016160641058136	1.3850386288364673	1.4397384271329445	1.348253646614607	1.5762368306623087	1.5639774980130852	1.3734563758527807	1.3611397014746682	1.42857321605801	1.3598583260293773	1.4122359682978216	1.4192234504135974	1.3440929348012076	1.4390720726811703	1.5174636691663275	1.4065902726928494	1.3482535099960005	1.6002292313374789	1.398169937739694	1.456968108550156	1.5266167878982615	1.3740701229683185	1.344040215634731	1.517818820653075	1.4189183353840833	1.5001646627383585	1.3996585023514048	1.3576811840063767	1.413205190375666	1.419584588075403	1.4096966022942097	1.4257355035244033	1.4974375424018131	1.449322508378294	1.5872873814019248	1.3600822338507779	1.44256324107744	1.4201446916732714	1.379338574663851	1.4826517940016686	1.4880074242193815	1.3808318750782287	1.3855751769444857
BGene_0390	0.3571076486215659	0.44225778131094307	0.4477186439026702	0.3711651529506952	0.4235902788776589	0.3933753814367256	0.4068659728961358	0.4516282860270594	0.4186187454429512	0.43038275260545733	0.3873894235749481	0.6022836441417145	0.6151187948230281	0.3478186692602045	0.3567615131712574	0.3846082038553689	0.29393907236103345	0.4001934967175712	0.4739128380331061	0.33854722280907995	0.3974010227169758	0.5819086037740048	0.4158996396277371	0.418738494064198	0.6261209076981756	0.3338371914803578	0.4611569685485693	0.5174137403835822	0.42725396249920866	0.38911048545808463	0.5030611275344326	0.384411555473286	0.45237839711555455	0.42161678172327893	0.3180827470393459	0.4141769106894679	0.4174011391142096	0.3085422298222893	0.3697511051678056	0.48713455704765957	0.4019886949537912	0.6136403378892509	0.3458460630912053	0.3869726139753008	0.3463677022517867	0.39710044004995604	0.439399743815971	0.3917815633790799	0.33003765392589096	0.3885732424043187
BGene_0391	-0.9983828595587674	-1.1615856327957454	-1.3317696425842067	-1.4877314530892591	-1.3143814799425853	-1.4943103854813227	-1.247528861381726	-1.15809188269731	-1.4060347621994802	-1.233962861028386	-1.357177439241027	-0.5868075327227552	-0.7318003766093572	-1.3549291179339749	-1.3575009964476543	-1.4367776091706066	-1.2857858060578695	-1.0851144722821044	-1.1042626454962454	-1.3379814525418254	-1.2232863523648358	-0.7660192405148478	-1.276968436815268	-1.372030704799598	-0.5618295120970056	-1.4069831236491088	-1.0479420043629617	-0.9139364798066781	-1.4164400208703791	-1.4117730318400157	-0.8272615257647777	-1.4437127256956068	-1.0740837646254995	-1.181225450850298	-1.0917806111157111	-1.2173056443386372	-1.2951171309117862	-1.1740838656948795	-1.2496899104760897	-1.1138386369408855	-0.8706893321012771	-0.5796089994959369	-1.549767501875226	-1.4788380018379876	-1.544000664048278	-1.1263184648814368	-1.0207821415140381	-1.1249249634952883	-1.2482864600404706	-1.502404078200854
BGene_0392	1.1346892108340967	1.1676730148111518	1.1758200366491338	1.0817260601025058	1.0215542084811917	1.172347148605636	1.157461414202912	1.1458260755187548	1.1026422785928165	1.1329819275970707	1.0851606361120356	1.2798047127867485	1.255108904288467	1.0911131184113112	1.103283063923434	1.1194794341434378	1.0638067356074719	1.15922248708027	1.1430939296380667	1.0921236080714467	1.1133896604230797	1.2284493310324038	1.0752810244712199	1.1019107607257752	1.290376945720045	1.1166427616657866	1.183984028378797	1.237004655695391	1.0812808360594508	1.0282781301160826	1.1708628815031148	1.1172744783666244	1.124856348101075	1.1183680795386828	1.0693840810094837	1.0528014459150723	1.127661760445305	1.0418546362164012	1.104689984648206	1.170703248447336	1.1612836737405379	1.2449414757525064	1.0437113982884676	1.0369893779291142	1.0741578645521994	1.1070142636400877	1.1212713284890292	1.1616978591884877	1.0274275280390803	1.1104828193483092
BGene_0393	1.2249222815449807	1.2597458760136213	1.2948003447155818	1.240233114557551	1.2696146293038602	1.2830671934434001	1.2711553443153585	1.327425803084861	1.215512467860404	1.209453821397015	1.1711562029766172	1.4155569261247394	1.402556301641126	1.2041643969931604	1.2224650981810437	1.1747529742893998	1.2878754008871898	1.227702912421693	1.2741210331438184	1.2125321148266885	1.2559806803952367	1.3590248988954923	1.144253551875516	1.1733870094988703	1.4351017031461843	1.206831391165391	1.2884820704185087	1.4026090225340186	1.2034771264440642	1.1723289560752155	1.3202313600427178	1.2784910389700508	1.2645699934111878	1.2556929181547802	1.252441132298664	1.2604187427022888	1.2166326479079985	1.2551200249218784	1.1764195065961471	1.3265364653090408	1.278666188943913	1.4395622239355244	1.1877901143435936	1.1471744615638229	1.1944987224415713	1.2863163979042773	1.273095647103476	1.2496219413011334	1.2206080540125066	1.2143608127697851
BGene_0394	1.1214755644112058	1.0760884409375966	0.9849510596312612	1.067395103792697	1.09534010312996	1.0765599808553121	1.1498408708166958	1.1699588496566111	1.0561792630139892	1.1158661561799372	1.0033633218463072	1.2447264643054283	1.255701580296845	1.0688803739549084	1.0532821389434808	1.0968435448915188	1.1254155518777662	1.1781945139543855	1.1104793764785952	1.07839155498819	1.0829262813581708	1.234130105280025	1.0093864315280288	1.0733889249005597	1.2915486462518395	1.0953005384038674	1.1850214073172596	1.2458675611800076	1.081989706365983	1.0922888508562987	1.2282888820155244	1.052870421392254	1.1121459062865764	1.1317626077340655	1.0942475076227323	1.1561600168712745	1.0578821597987622	1.1387963599501938	1.0646590605952415	1.1344451744643007	1.163836978484934	1.3454957797178086	1.039402902989656	1.0482977812373053	1.0269294043948458	1.1711315273112513	1.0798963220863116	1.1104348774599857	1.0858422097179663	1.0562769707026922
BGene_0395	0.38685768630977757	0.4313511078892453	0.4668868164250021	0.33319444301406803	0.37326345459255034	0.4544281638996763	0.5406823195143562	0.5040436466656166	0.3685316049226268	0.43603305633217904	0.442632557931759	0.5923155993277047	0.5954664931847041	0.4204644985084714	0.3511977664001149	0.5338328478432177	0.377709015320781	0.5273251357644104	0.44230515703679674	0.33926421189357936	0.40797166823031616	0.4889155640565149	0.4751446890054736	0.43495919378673054	0.678734668011276	0.48518534156912885	0.4449726222717428	0.5328710376812621	0.3434289651660521	0.3471157390032592	0.5202397270515721	0.3913426996440493	0.53974535351501	0.4834688650639974	0.4315589461218283	0.44014902133953115	0.47000170955210246	0.4289711072773377	0.4839797851873202	0.45666151370491953	0.4595003553581759	0.5818345872037382	0.4386390828810853	0.3658843612089769	0.35925371760706093	0.4417417236527824	0.4824919955426054	0.4518048792742848	0.40064496899723856	0.4240579693989474
BGene_0396	1.2671690169685945	1.2815562318628002	1.1794668004451183	1.2938154258037067	1.1912258308078134	1.2566818053893503	1.2751081364150108	1.24805564298605	1.215720094938719	1.229318867285868	1.1907334372995102	1.3857584441476587	1.3880000265112693	1.2491186890108417	1.2177073167987214	1.211363807281109	1.198390651898957	1.258190230654286	1.2961020111660602	1.2006384714835479	1.225316845049798	1.3616536812229447	1.2080821261214658	1.2216349702346558	1.4046096752658843	1.2058036479985845	1.2515465640662928	1.3190897950164298	1.2262756601929916	1.2435355147280265	1.3413102942229276	1.2406467388082865	1.2955711070049234	1.2476331996525825	1.1942499403495868	1.2163062284534272	1.217713894425887	1.2155516824358406	1.2461630873468201	1.304392740441414	1.2884308939077436	1.3967723540925194	1.2106864010922427	1.1948169757823734	1.2407670292106596	1.268221987113013	1.2825592001495456	1.284109908329338	1.2010038310580455	1.2455978562093812
BGene_0397	1.7116713927660792	1.7839977397363165	1.7137963792900537	1.7028044225501067	1.740477140657775	1.741420971953194	1.7702050177051554	1.7917894209449519	1.7506967927696626	1.7871450384028558	1.7684288449254633	1.9125378631101477	1.832436307482808	1.7191359273283013	1.6984978728985256	1.7130407343667422	1.8029026091995886	1.7842017273249866	1.7710962653810571	1.7206863928003497	1.7020329429033467	1.9102181106760179	1.6776348744783192	1.7354732740882928	1.9270458905991392	1.7166802247057575	1.8030993867138438	1.8234600086636232	1.713642728386725	1.7250416854623505	1.8361802005561736	1.7326213568387412	1.7381699174916898	1.7936425798614017	1.759615321290614	1.7835875008864106	1.7389898619354345	1.7191215277595657	1.6887866854910918	1.7652928107934454	1.7971888097274855	1.9403359163415068	1.704533377062584	1.6839460487476725	1.6918195502167002	1.766904865807286	1.7734941981717265	1.7792256574581138	1.717771272178604	1.6731847087320029
BGene_0398	2.7220362479903764	2.6861100371511584	2.7119046612392252	2.6700973586872543	2.7030590496123152	2.7228793960012254	2.7399134637440943	2.743361733467302	2.693503901270622	2.7154245360167235	2.7156551289626054	2.762258980416578	2.7667487280695453	2.7322492031828665	2.669782934327213	2.689439871061535	2.6867562143402375	2.6948986224088403	2.7206785830322673	2.6955662725410496	2.7193378578523015	2.716679731880716	2.6999584183536536	2.6806823607657555	2.7558504277642886	2.670752147359023	2.695111101860672	2.7452781360475558	2.6477787871134315	2.673245246525567	2.78103313105491	2.665166930104814	2.7475649321136846	2.686293320361444	2.694128751731837	2.6690333729078506	2.6989964225893135	2.692262702528784	2.7283123723041864	2.7132635418674296	2.731802073953019	2.738669792711002	2.6933532594856624	2.7007704586122103	2.6855582268957727	2.730378571565505	2.658481275116009	2.705456887626397	2.6432761321507363	2.673035983654479
BGene_0399	2.3970729979056498	2.3890791666631492	2.349417018738258	2.3007283769883498	2.3463683495106347	2.380717862141108	2.379811980737421	2.4377112093140054	2.3409632908522937	2.3810949372411323	2.380760396530368	2.5239918156805072	2.4686295053346967	2.3272309614877833	2.3665713532826618	2.3402650595932966	2.3917520926716165	2.398408989333047	2.4193480211699168	2.3574742289537065	2.3801110599025685	2.490446882278803	2.3400617936271684	2.3377451061573127	2.5337092372315713	2.36033237144479	2.403475033484857	2.4345920181297083	2.358448173968339	2.3656699266069183	2.4654370008734356	2.3309852193174896	2.4279944620827365	2.4359184224585313	2.360890405562977	2.3707192457917063	2.3697128468421966	2.3782575976734486	2.355787338687695	2.4057544086468137	2.3920833840834685	2.4888806907227	2.3487875957088415	2.3285430535011633	2.3110437826005272	2.36370180336647	2.3847106743929607	2.3820132359355966	2.352010674017055	2.3240562556560707
BGene_0400	2.014369627634688	2.0179587429654418	1.9837575148237538	1.9904718501662195	2.0523069690428737	1.993588757721958	2.0168407324158655	2.0158764143426935	2.02063657780999	1.9958911194550863	2.012121004302675	2.0436264135735587	2.0547507170419976	1.9413182832552727	1.987798424014098	2.0277757391605316	2.0320808228754834	2.0350952745538065	1.9925257632480902	2.033152076988504	2.03366155349185	2.0542363314909555	1.9938904614233268	2.048185192493186	2.0298783118362795	1.999134079793289	2.021409721938218	2.038635634379478	1.9886574043610303	2.0284411001782368	2.035613151561323	1.9868910924602063	2.059654614041456	1.9539555034398572	2.006495666935456	2.0153953840920145	1.9807555925142424	1.9928726866051405	2.0073400885246167	2.010506616692684	2.0263779291848727	2.047716871244025	2.019291349003411	2.015428832121063	1.9906130083889206	2.0123382329715915	2.0142544948857872	2.001196592847748	2.040161399760819	1.9984611028757806
BGene_0401	2.734167881357813	2.6776152653213163	2.7117351394655795	2.7225247017382777	2.7113778766428362	2.730816894395593	2.755578776065123	2.7019390576276217	2.748978907833874	2.6944993561795685	2.7030424002129445	2.760712432810871	2.705338473152709	2.7045009068095127	2.719846229214306	2.710143055892752	2.713040742241641	2.731993502788204	2.7362276671894272	2.7136776337052955	2.7106050631280696	2.696844388455839	2.7211388092866398	2.70453438457835	2.7399811161361995	2.6861313770609643	2.7177232168017373	2.751653837867696	2.7141451483924612	2.7419156782438936	2.707504392368875	2.6748787110534367	2.742843026347804	2.718243649367923	2.7172954146201627	2.724079134219733	2.718168266226729	2.769976130061719	2.684741459406982	2.7379832647721827	2.6952497277671372	2.728705217663885	2.7171646833272107	2.71267906448365	2.7199719091124037	2.701772459510198	2.708980699125875	2.7246474265211087	2.709381591737766	2.7679069921776795
BGene_0402	2.6732760055144156	2.6969967752026887	2.7279431292657472	2.706400530614527	2.6644145073099748	2.7000661780884814	2.692519720766884	2.7374328050480052	2.7127223428991036	2.672998776326757	2.7179354136879135	2.7325174842427202	2.7095029686275076	2.73423990169869	2.672960404227472	2.7154365716865936	2.686227663185359	2.7034585866323946	2.6743544955404257	2.730225361287228	2.7408318143546593	2.6809984547776953	2.6535129538951034	2.68587339202058	2.726133662223054	2.7290765503979286	2.702227770671071	2.7181740593677204	2.741413008459629	2.702742788550404	2.685647854730659	2.694139462267319	2.6936690541270707	2.723474205622486	2.7318108975773066	2.713299834939259	2.6953439316576113	2.7712516628727095	2.7010392998376083	2.731247808157332	2.7060762143177937	2.684985655224863	2.715055040209474	2.70969488395031	2.692162409948772	2.7342064865654265	2.6995091000222455	2.6529981952880983	2.7297154320412274	2.7216966195456913
BGene_0403	1.734812695774878	1.787905375988038	1.769333959460779	1.7850471818299498	1.7539559279294978	1.7667612635429608	1.7399784190807406	1.76269794555527	1.805727162379832	1.7954912278666944	1.7830342107054553	1.7815722537784595	1.7917723335471591	1.8295967479508037	1.769566191354334	1.809519058805365	1.7738172830823737	1.7785143714171465	1.7466838699108425	1.8028545880078384	1.782803320748563	1.8310260781091725	1.748422373956847	1.7614323260760916	1.8308020490631365	1.7883091974987317	1.7893899553487729	1.814076978986622	1.7767967259973447	1.7883259369502453	1.7511379417267556	1.80798786240111	1.7604114269502409	1.8109869420890443	1.7824433622136666	1.7955079209846714	1.800156507508942	1.9027069261174387	1.8001991644111335	1.7579130393468776	1.7682833209601019	1.7764132447629812	1.7814136939245964	1.7850248384012208	1.7761530697940935	1.815902213310962	1.7822121182081776	1.806244418221114	1.7617090281178998	1.7542540025090556
BGene_0404	1.5386395349932966	1.6191181687357215	1.603630365312043	1.4992237724469277	1.5295408268991593	1.673186111235829	1.5442243511644997	1.662573652755443	1.6023518395753127	1.5753930620083596	1.5010031071393872	1.6162790831441998	1.5634276642846725	1.6650233360511322	1.5245394806506622	1.693396939988332	1.5240161944605592	1.5684928921461787	1.5616216047794143	1.517091629275293	1.4650864479373698	1.6252032960141432	1.52941220097724	1.5215011850523996	1.6695115261405005	1.562055793579794	1.4737915056428748	1.723497390890623	1.51505172892186	1.5293119562322754	1.479665270064029	1.5451278523398944	1.5817192160165963	1.7112495533945766	1.6419819132921054	1.489229511421153	1.5241992721766433	1.9526926052581393	1.6003372595044698	1.6606096592837958	1.5339044710251355	1.5304821358270064	1.6027651099695959	1.6186318828460609	1.5778185755822947	1.7062309699839118	1.5395392183823007	1.568886991115956	1.6018578896870708	1.5588717260029903
BGene_0405	-0.4929058339094909	-0.3229705183878818	-0.4663518626613698	-0.5010286658576661	-0.6421173569114436	-0.26879608261420007	-0.6597967693910108	-0.32899835734354116	-0.4973081837004791	-0.40536965011118614	-0.445730135459311	-0.22701374410217723	-0.32883693147016796	-0.3088975321060574	-0.38858904158092455	-0.3058224287461912	-0.40239512688997836	-0.5173999365019948	-0.41616589211520205	-0.5840831431333228	-0.44067393798358806	-0.30744966091148584	-0.46760608612247817	-0.3156295752856397	-0.1258789223603507	-0.6302745415828621	-0.5290382932627693	-0.2436609277315038	-0.4455949873643813	-0.576115462933509	-0.5005946088169386	-0.4972700089501384	-0.4881154645837556	-0.09066795834263136	-0.25817551958839113	-0.6058092075898167	-0.42903962744328	0.08706639000269986	-0.6000008342847771	-0.2709098164972596	-0.4015035121809318	-0.4872065785951989	-0.4308739937302679	-0.439423770824067	-0.5671658896226526	-0.35147154161155064	-0.5340217545517039	-0.32442709548454746	-0.4504004994358393	-0.3516230309528185
BGene_0406	-1.5774754372856195	-1.3299672353923457	-1.975144119245181	-2.117842022453135	-1.7211157201352436	-1.0916041565110588	-1.8606939724050446	-0.9876559212252705	-1.4708642500498559	-1.7411291219465257	-2.3651664883417576	-1.0085487775063466	-1.2619650395502364	-0.9038029955089624	-1.893468189298692	-1.107522797215325	-1.7384523200814739	-1.362812755481648	-1.9440247716783154	-1.8455158425136986	-2.051231037802097	-1.0775757211306243	-2.1965540183840826	-2.183331441943876	-0.7480916778791045	-1.8494867142718905	-2.007360956195055	-0.7019199825994447	-2.0055195404344333	-1.65314603577302	-1.8504963685327716	-2.17869439378702	-1.5527647654138605	-0.6392920118531532	-1.0319695671848836	-2.129564904928573	-1.8742080895609292	0.11985524439237813	-1.498780084065784	-0.9501470235942348	-1.7157720567648926	-1.6642792888099145	-1.4278371390892204	-1.1384180741306664	-1.6133272172373834	-0.6784036156677244	-1.728093890726629	-1.5530911715216953	-1.2931667512741154	-1.455198704909541
BGene_0407	1.6355433341893861	1.6469473825732819	1.5862033911690152	1.6146856404031715	1.6057348143941919	1.740187868414228	1.6237749156957513	1.7512764632588536	1.6507801594855098	1.6610129385944827	1.678194700371286	1.7529116277806522	1.6706410732706727	1.730357569740985	1.6320644794761192	1.7378437721273658	1.634257829745483	1.6963497855108325	1.6219418626093118	1.593574754245859	1.6006068507557745	1.690939175862134	1.6179698178197002	1.6082413982373303	1.805953191018728	1.633743004604859	1.6178562272807588	1.7842454443970879	1.6238381396234043	1.6309570486137055	1.585988291268344	1.6108937830574845	1.6347535176864896	1.8413265219150587	1.7082492728103116	1.5937612367262173	1.709139974706864	2.014353427660538	1.6514654860003053	1.7126685862889355	1.6202138726443283	1.6381720388186845	1.697613872215751	1.7252662010632802	1.6328841257679358	1.7788822961754986	1.6796778353034743	1.6665410300297439	1.6795448469034189	1.704642994487853
BGene_0408	0.48462809209589214	0.5166578116272585	0.4625823334342861	0.433760272242452	0.5120987384052116	0.6128102616951573	0.5746816433300207	0.5884454917942789	0.539256910878576	0.5024970370267279	0.4217976669522836	0.5223395427181504	0.5738450475255293	0.5441354627756634	0.4593655981698082	0.598323527738468	0.5140171011204897	0.6291024348729678	0.446512530770852	0.5127735964858863	0.5226032731890337	0.5263419645127602	0.43924093594715813	0.45356625642241655	0.5957462898255009	0.5379531316721973	0.4989822417110639	0.6213882579413897	0.5093105427413769	0.5260689162670824	0.4970499497495481	0.475049734377543	0.5148825931519195	0.5915473265977547	0.5163217562947967	0.49873504756524945	0.5354838133227354	0.7203060005450548	0.5483629993865845	0.5388721080983264	0.5114048247600508	0.5088427791604606	0.5510950503683704	0.5956994887738015	0.48075001516503035	0.6440613560415333	0.5596256622901788	0.4830770701647252	0.5377056450728186	0.5171775584727534
BGene_0409	2.267391381390387	2.3185280719443946	2.326190476975448	2.309840472710906	2.3169897206574595	2.312332419963538	2.3220596731405885	2.3418401019437427	2.289978201448525	2.3055185517273507	2.272578895215392	2.32710078931126	2.343423586509588	2.3208039353784096	2.3010892988175846	2.356752344020531	2.345826579223307	2.3488559038099472	2.317759835949784	2.2903143936127415	2.276737138292545	2.3576923584178306	2.2935152568934725	2.3388407782470444	2.380487459030775	2.286655011368924	2.277383658893287	2.32713989831656	2.269800228630918	2.299647305160601	2.289567669451724	2.337054908740535	2.297252185032226	2.3149880384248904	2.302427174994022	2.2785086668266867	2.3135059877208914	2.4197406491114304	2.324590909149652	2.319490058212761	2.3131295315810156	2.3093368181176284	2.3409829504749116	2.3082931004658374	2.3348488313025495	2.312466039358599	2.322095944375688	2.350441858639555	2.293517730965905	2.331089820833386
BGene_0410	2.2196740236798136	2.2855420111049627	2.3090865013267696	2.2375934029491718	2.2388318228066497	2.2362214495375006	2.2158094030556277	2.252403262942682	2.2570604545859965	2.209828748735587	2.2189039969713935	2.310032949922613	2.2798431569712565	2.2877377128388807	2.226643145051711	2.281100078755552	2.2171520556838873	2.2623442431168765	2.2263362914423643	2.2340624899717194	2.2428683484229595	2.262309685650792	2.196246573137489	2.239114289234045	2.309480992553287	2.1837904009836557	2.2175147538507693	2.305840360079826	2.256704560993533	2.188915717562498	2.2659429568204335	2.2265171244547504	2.212048025979808	2.327747746684134	2.2644271176752073	2.2524139643553656	2.243873433558198	2.35480960763536	2.2479014757834017	2.3200274284179754	2.2461554806506348	2.2494093834252245	2.261539681246869	2.2796486792414457	2.2865473209849965	2.229612792411699	2.270382011440145	2.251993842368844	2.201730403065094	2.239647801649316
BGene_0411	0.40367520665928275	0.5071678826422865	0.3448222512940068	0.5031210125018377	0.3646233500014165	0.6045308486748106	0.49110683508822955	0.5758588928795676	0.48250281797221883	0.5103758584118068	0.398837890385068	0.5718101052559214	0.5076853825438704	0.5755323745012196	0.48085928880358153	0.5724838031508511	0.47985646127258996	0.4820898940222432	0.45645864875694125	0.380471379388536	0.43418499015476997	0.49013195634365814	0.5150089793503476	0.43400724006182567	0.500594947857153	0.512302248968194	0.41853359991673084	0.5640038948937593	0.4895958377053419	0.38812265587726164	0.4403146101072301	0.5385692361715756	0.3747591721747119	0.596408277439836	0.4533452038910558	0.40702074274226174	0.5165693989701943	0.645531965029081	0.42114509006232403	0.5969773514734201	0.4566477106199236	0.4531045317348866	0.49939670342654735	0.4674382747734028	0.46962188936480714	0.46476881689270844	0.4936115494497402	0.5828566872936292	0.4077425408847394	0.5438370632973943
BGene_0412	2.6779185169661255	2.6493129668331923	2.69684456863401	2.6028753989040063	2.5778536185336507	2.666394614254439	2.6372185953248173	2.627120582854435	2.6705393438386884	2.6584191473498544	2.6314551454102197	2.649056371573266	2.6461977515816004	2.684141801576358	2.6199755975100705	2.72407332646561	2.647977657820435	2.6719663050257236	2.6422711376216093	2.5866076582808804	2.655794658051564	2.63882406650496	2.650500810027594	2.627497106445936	2.66557578153828	2.6481955049167953	2.676105208805578	2.6703680488863752	2.651208517223672	2.655869908229984	2.6529682872708023	2.620489132223936	2.653975629108669	2.6780302240467178	2.6597837652671807	2.6245042315946465	2.6490093288387366	2.685286275870201	2.650433872333999	2.635380192308329	2.6479417600240396	2.6032813569001325	2.6834633398798164	2.6366556397870444	2.6310781884763896	2.6200377352069903	2.623525744218307	2.6465205693060017	2.6188875263969607	2.6406573504757898
BGene_0413	0.019286865229311927	0.12922116932644942	0.1150473165408592	0.11329879314498352	0.005443396026115721	0.25561582178930714	0.13601052490582932	0.2914286036870327	0.10584739866667187	0.025112248485003763	0.0045057307073055235	0.2243640388148966	0.15871716331764768	0.21577489426559598	0.07903752022971404	0.18064168029113625	0.09898295572569613	0.23039924360831987	0.09345184341324653	0.058337577347004385	0.09022138255898862	0.2478778070801329	-0.013422755029828284	-0.0010342736474494836	0.29559152808725525	0.09813289181238738	0.04855345313630022	0.28583780828809896	0.06092172764309489	0.06985372779858233	0.14173296241364364	0.04345124317285933	0.18028196269654412	0.2732284817784676	0.14885189116908792	0.04120794975971235	0.031370454069107906	0.5054764930419925	0.07247800116177373	0.2057919206788777	0.01989998604474109	0.15938919208191976	0.17001435300937137	0.1734075219699903	0.09599189453551507	0.31638788636334425	0.11705252251540683	0.15504172268292024	0.0492054782395621	0.03811802021764503
BGene_0414	-0.523318556454665	-0.4896163883570006	-0.480753826711143	-0.5458093151740102	-0.6712003200687039	-0.3646587256442274	-0.5410370211479082	-0.34396333272752055	-0.46785432052432674	-0.552078043830576	-0.3540089201096519	-0.32120440306005815	-0.31021969088979345	-0.2288380578408431	-0.534208595192667	-0.33100220236965316	-0.41102072548699436	-0.33368494090164724	-0.534091710033483	-0.4487804603030298	-0.5727697623634014	-0.48401647395082525	-0.538269923608387	-0.459776411629564	-0.22456226666804918	-0.5280063638484589	-0.6188311772184435	-0.25359246215425263	-0.5233327663674658	-0.452826932580998	-0.7086704119979733	-0.4857633961755289	-0.3413783491762706	-0.34532975895834134	-0.357577500840421	-0.6019192227991794	-0.36045266503883505	0.019263096539527957	-0.3884990694773225	-0.36297643082712605	-0.502268503231804	-0.4907119359127005	-0.31581544771006115	-0.3375935020849639	-0.44544511624520156	-0.19580398873661395	-0.47152541006681814	-0.4745055580323896	-0.4237055012211779	-0.475904867454146
BGene_0415	1.2134105767108458	1.2683119271949166	1.2432278358162403	1.2352711382978172	1.2301137712389112	1.2809887861643678	1.234861373312435	1.283790793482021	1.2742103973337602	1.2149543133606155	1.2446500465979407	1.2910615873988236	1.2497394894959986	1.2991873461626124	1.185566127638611	1.2757414030753707	1.1947801353423144	1.2456755775894635	1.233779234575662	1.2299219914307697	1.2310682494470773	1.288988374983875	1.2289054230343637	1.2480537017888462	1.3349848657788776	1.2625718669892039	1.2173696637297395	1.2737319793508795	1.2258866029999724	1.2407305449792898	1.263010566978519	1.1800139328146426	1.2698882308107822	1.3480683954802226	1.321861092073448	1.255830273756531	1.2544742656958725	1.3709185984217591	1.275719311457723	1.3574619427072556	1.2267111414575391	1.2659784155663987	1.2511724315847597	1.2911794822541807	1.2466497686919884	1.3051382531492828	1.247041847502249	1.2368587609626958	1.2621890044310127	1.2775466018993793
BGene_0416	1.5661074923827902	1.656508197930339	1.594062512291141	1.5370101290047395	1.5440841655876372	1.6817235074856376	1.5756366857993336	1.678621743946089	1.620253272284337	1.598704286651858	1.5699800064876497	1.6920690954936608	1.6344485010537741	1.7071021866545528	1.6121968836409668	1.6699739333898262	1.6156073878940875	1.6764372957783482	1.5572751866257328	1.56215999773761	1.5964074434206001	1.700140496699391	1.58385023111978	1.5593716232995156	1.7609270159504005	1.543711271347125	1.5771999657934221	1.739964088251721	1.573367011648578	1.5786295555179228	1.5622942186454447	1.5622555980384198	1.6511814160927802	1.7391451732184078	1.7516225488431825	1.5190662153455896	1.5896575433066773	1.9768397161735956	1.5714120806136003	1.6797290851686633	1.6437392923021237	1.6151692511569593	1.6445989163482484	1.6644365703129242	1.558640130858359	1.7099039083047487	1.5782276780304545	1.6640130883942073	1.597332638261293	1.662849907974988
BGene_0417	1.5787469947963115	1.6509646067960129	1.6093705821462088	1.6493697254461979	1.5444832583885735	1.668167205546865	1.6371236409336376	1.643698104071203	1.5694697790815029	1.6496583448096858	1.6037504223366923	1.6199478150916313	1.6145688684006587	1.6427360807093987	1.5798407523545417	1.5815459711174267	1.6678114836685578	1.615614135049111	1.5711042731715816	1.5888281667922348	1.6232435473668614	1.6068876826921683	1.6292586504284174	1.6382839938391918	1.6136239977400002	1.5845187393761615	1.6041163353421939	1.634740895881779	1.5748573303773177	1.5986102930823598	1.6223099906460876	1.6328157841831414	1.596886464985071	1.6760208006664294	1.6224841565413233	1.6630565748277024	1.6196093671094585	1.6509206142574566	1.5944942504290154	1.6334785056750376	1.5877323941435408	1.655935321431324	1.6337334358057594	1.5935182370651826	1.629819798515056	1.5987774948548554	1.5946736896823193	1.6318222498965316	1.5637624977911275	1.632085879876858
BGene_0418	0.5903706215800427	0.6628974039605389	0.6107782524148755	0.5866133471434418	0.6279526406266068	0.7382678978542394	0.7260872694171144	0.6852448690627762	0.6264233440983845	0.5951635459724613	0.5103734968013919	0.7056050651769579	0.6306774090432926	0.8167458911706977	0.6320051094859904	0.700389807603746	0.6498151494046588	0.6933994021004503	0.5673363251972805	0.623183603232219	0.5505706142645007	0.689277671687587	0.534530533435534	0.5702913808160565	0.7907560758369274	0.5987604983742775	0.536151991013602	0.7764656879360755	0.4603669874839191	0.652474853509085	0.6200770562992259	0.5786528074363118	0.6863830151464265	0.7501887907592543	0.749113734819137	0.5475960990301625	0.5775080219207052	1.0216047266957837	0.6865049074099979	0.7434132966282824	0.6676874291019398	0.5472344049646944	0.6932620159961981	0.6666800101993408	0.6076431567937429	0.7735737294730417	0.6171079266429338	0.6470202257336564	0.7014891385379645	0.6333256842730192
BGene_0419	-1.25404732897541	-1.133002166860808	-1.0991875835485208	-1.0910859469752867	-1.0633230857941227	-0.8268399093247142	-1.1243105447453057	-1.0063363046513583	-1.1241534450421578	-1.040597242774002	-1.1959560591324074	-0.9576107817785249	-1.0417417880932738	-0.910085610119705	-1.2036483347707387	-0.9495693704114067	-1.1256849476817419	-1.2145895776917148	-1.2062385369289663	-1.1801904080529566	-1.4295959847038877	-1.2121717958831921	-1.2052571548808209	-0.9877107830221926	-0.8306423677137629	-1.1442490303662327	-1.101606631258119	-0.8835095795419275	-1.1691087488569247	-1.221304853463647	-1.3150535491077993	-1.1468116406074036	-1.1121703722498664	-0.6900124865826504	-1.0776825027805454	-1.055425185546739	-1.1643211329799688	-0.7156068246757374	-1.04132762483801	-0.8411977184560612	-1.2162152056622404	-1.12667390086549	-0.9797107461616689	-1.0383465109770351	-1.0366548341788857	-1.0146077851278332	-1.1983821885663433	-1.1389563410907835	-1.0613767749003236	-0.9846090026438217
BGene_0420	2.4584254993902768	2.4970726441648874	2.437588958260595	2.457076909868416	2.4650215907968405	2.492659204735639	2.449644806254061	2.506636501769473	2.5073162608794295	2.463455505166555	2.4299572922134876	2.518819077903949	2.4758022213931006	2.50463912242987	2.4360597411458955	2.5181057992334517	2.44382489750723	2.4590138336706038	2.4709788231292453	2.483590253362495	2.4269307739916997	2.540821626056323	2.453511263279554	2.461326111326089	2.480119687912779	2.455660593702665	2.4343005939708595	2.5160250183660597	2.4253926714745937	2.4781153321606135	2.4163345149976863	2.4468627044719824	2.477179519772216	2.4999153671243253	2.4631919117527556	2.4371606209043275	2.478588191075596	2.580985312901536	2.4585639324278876	2.481290838149139	2.451127275200921	2.4682612971467908	2.4907283026003486	2.472128000638386	2.4669542871882024	2.4831325350235254	2.452212110065665	2.4444139891808243	2.4712048227262517	2.4919708245758243
BGene_0421	-0.17222829785714527	-0.07678666252072106	-0.31981992672139237	-0.2264151176231129	-0.1644555023249022	-0.01011672029089726	-0.19559577322978747	-0.013993553304813661	-0.10672686039071745	-0.16177289902855516	-0.28128074171260004	-0.07513792625645722	-0.035170242838808215	0.02631267991420418	-0.2429865194311391	-0.02591351295851769	-0.2378792600192038	-0.12347676546589988	-0.17943308116226517	-0.26238640198550023	-0.28337066418017764	-0.10435950780482259	-0.21559094760610992	-0.26201546654399555	0.005392875887573446	-0.16818271708928278	-0.1911551704096381	0.07009082992963928	-0.18469092091843436	-0.15436792216915837	-0.246667693515428	-0.1765565133485264	-0.16766086270536742	0.10746761625406635	-0.02252581621038663	-0.23680163563558962	-0.09511890250470734	0.30575693539008675	-0.1536517810362364	0.008839008893714756	-0.23498113733608122	-0.16762483713295917	-0.08545505806322888	-0.0019135756612472317	-0.14444666813275642	0.09241770541142144	-0.09914877809166767	-0.0994941245882251	-0.08821953680400199	-0.11836148135386437
BGene_0422	2.041338160400933	2.038638168957819	1.960074967330224	1.9539664391161038	1.992215079271168	2.0511691036926836	2.0363009327274217	2.0637760221129677	2.0026440149359646	2.0152130833942117	1.9827720780151292	2.083766252437885	2.028866841234104	2.0793337913187613	2.0153257333522845	2.081031973787052	1.9976979871117404	2.1056994352556773	1.9713237427704038	1.972802551871638	1.9861172214793126	2.0528192737561763	2.0421858838767397	1.9686725618238683	2.1206701869780527	1.9977824140450697	1.9897498885639866	2.08285695681682	1.9768451425507616	2.0029764038025055	2.017369272454231	1.9989940766142578	2.038453578371229	2.116432060591697	2.053821133276313	1.9931209048163159	1.9940419787719492	2.2920616254747714	2.0815393969614413	2.069890756828438	2.0186494522972938	2.007270960389024	2.1055702901746725	2.07615080291452	1.9539282255192436	2.1241551911945464	1.983162118894209	2.0360186016901474	2.0469578289838952	2.0248030147357374
BGene_0423	1.1808333012801524	1.206957297381398	1.1307109668203832	1.1962044796834694	1.1247264009305715	1.183009094672548	1.148221599565329	1.2304228512389173	1.1888882258676436	1.1947566562294656	1.2339780735540355	1.2225311420181595	1.1931326337234236	1.2053628391908158	1.1502331355772848	1.22659722969025	1.224022923855573	1.201780168783242	1.149034941953877	1.1981489037110435	1.1653535627308076	1.1949326916022862	1.1119059993324436	1.1583733069260156	1.2649639665465593	1.174774426321112	1.197440945907537	1.2854551856294807	1.1396643717338029	1.1554610520437933	1.13864932386258	1.1679001601272887	1.2028438304429525	1.2762729993276447	1.2726352658080455	1.1610259770834397	1.213074552220033	1.3984508165291905	1.2291732712339158	1.2348838899357812	1.210793103226485	1.1712664861661648	1.1984813266361274	1.2002653520865505	1.1794793609988534	1.2597638151391155	1.1292916176452348	1.1743474067150883	1.2085733646597099	1.165887836618951
BGene_0424	1.8514860620396065	1.8491899488853984	1.8395897014270857	1.8336134381253897	1.8514969447521707	1.9050195413057567	1.8727467541328204	1.8559567548969038	1.8928669835308172	1.8882471806477794	1.8394768331723035	1.8520734404771368	1.8738334203499858	1.8630576854785934	1.825854745948169	1.8805135227012648	1.850065989794683	1.8672234988047516	1.8527715906309234	1.8375903483401992	1.7722186466462508	1.8417799532275658	1.858940998422102	1.823542079541665	1.859325122635516	1.8226663774889815	1.8275077798196226	1.9001500312230961	1.7959134441413924	1.8084996136946354	1.8814144544742684	1.8726434382169648	1.843263308060664	1.9565278487902031	1.8661239297106051	1.8548649036676055	1.8218036276844152	1.9446927354990406	1.8188142314676963	1.8956615365160177	1.7972340839332945	1.820793225208707	1.84402152865996	1.8779018948664583	1.812965050268442	1.8544010742441042	1.8189378601793513	1.8213277432103274	1.8259004675846071	1.8193112229402737
BGene_0425	3.396730080263315	3.4478989964366105	3.4018571683493892	3.3930004976685297	3.4267059919810294	3.3921979964382776	3.345379872882422	3.4014578097203922	3.4092105615749677	3.4128571897852944	3.42966197306086	3.390073117411775	3.3975485900293227	3.3988122344657787	3.3382356456353395	3.433275749589276	3.367771317922061	3.3961866882587777	3.376494465550499	3.3972442000608813	3.3966365117607555	3.412109078985318	3.3524337066291454	3.3852270481100866	3.3732442559125007	3.4066985105827854	3.3670576113399084	3.3846750239426426	3.424171842311675	3.389887155491769	3.3737331049990518	3.366070817783461	3.4018532356412194	3.4233878696765654	3.410905557886506	3.3818645629976407	3.4014386935319445	3.409738708184334	3.3707524247086984	3.386415405701655	3.4354490757400433	3.3930752502801043	3.4153744722988795	3.3875410170111615	3.436636676036954	3.3631947834034466	3.398025681983266	3.379759638753285	3.3983171917802486	3.393955886031179
BGene_0426	0.8918937299337759	0.9921549700211095	0.8701523500917359	0.9052284360709331	0.7553340834170524	0.6363607294116158	0.7133683628305717	0.9704936812525662	1.05616842442923	0.8733092736188469	0.7566631628817022	0.7255182731633577	0.6508919498751587	0.736438460178961	0.9491706260614787	0.948513517759842	0.6167941382836923	0.7576224354601199	0.9294432492213645	0.9028430962405688	1.0102188414657818	1.1180912224508825	0.7773884227248754	0.693572424957318	0.6270755692013711	0.8322968233475847	0.8164545289966703	0.7455149799688233	1.1357422935486536	1.0197471992694966	0.7804462159458554	0.6759195312013234	0.7501825445496095	0.6496750307933599	0.6854638304181687	0.7516708834007871	0.677904756531378	0.7207612743695243	0.7065545006245731	0.6342472953930053	0.7678754928616515	0.6242172770585213	0.6696028774347422	0.8446657129547958	0.8210866894665766	0.9296861357998483	0.6861165486560438	0.8035742668512624	0.6569168922294037	0.8513886684141176
BGene_0427	-0.9958572613268907	-0.8270212237704745	-1.9381592924020077	-1.1727041537104759	-1.8802571535276444	-2.0938498399886254	-1.9307198410356465	-0.9060787140135105	-0.7789088190258571	-1.5309844183858958	-2.15586164204561	-1.7875975558455692	-1.5270099303400066	-1.8758493213021228	-1.3445829740959927	-1.1326413599837997	-2.297937962266768	-1.6807597913561976	-1.074699040025071	-1.1841435929830004	-0.9638808432377471	-0.547925684695314	-1.7250141834283912	-2.3219637613085267	-2.0108119448372936	-1.0941370320081076	-1.2322998813654955	-1.429944391528049	-0.6070077947540069	-1.0279960435019002	-1.8262919799156216	-2.082234624522641	-1.6870180420203122	-2.0076845880678063	-1.831479836706017	-1.8689624534500862	-1.830482980798327	-1.8160228541247898	-1.8228240281687766	-1.9840741024669064	-1.8156874777284275	-1.694415339556239	-2.0859311354683614	-1.2293281876861644	-1.343333952370752	-1.0264983780386037	-1.6751885293415412	-1.3721387055878311	-1.747260229409795	-1.4728660195744616
BGene_0428	2.414269203088821	2.454813900885522	2.4279093096435798	2.467553272410369	2.388512504756368	2.3733189569808526	2.3776749250714255	2.4785025589775485	2.455381562692102	2.4152631308960477	2.3757396593545916	2.4006908350516536	2.39601126784352	2.352407281515945	2.428989026010629	2.4523269529674057	2.3925527123877344	2.3890253172489553	2.442936488026236	2.4545477349112335	2.429008606806256	2.4540760084809103	2.3864061932125162	2.3596228922102536	2.3378688205034512	2.4140320318529844	2.453487091737393	2.387841719303453	2.4463510717877752	2.440863787740652	2.3763140279030823	2.384800550700556	2.409959924721646	2.412290003677585	2.40041066623807	2.411303848396204	2.3668285363667616	2.3522229778560617	2.3776013873910014	2.3411606316598887	2.370212196475811	2.39408819027646	2.353565362175756	2.41537387391487	2.399353434475141	2.412041248128538	2.3956632432075726	2.4276015638474404	2.387406623719892	2.4362189539727397
BGene_0429	1.14969927945957	1.246935457491995	1.1701478996927364	1.1654772020605026	1.0975141597943416	1.0397835474590023	1.062976319117099	1.2399666764591795	1.306819917253404	1.183056766243409	1.027728727241922	1.077592003897122	1.0876581585297387	1.0370124395372156	1.1118128241655807	1.2108464471274545	1.0339987022727781	0.9853814557881801	1.1851421480064444	1.2205333065489115	1.2517797275064526	1.3266239792713577	1.087771544120796	1.035580741297655	1.0739677642556165	1.1509113818689916	1.222034042430482	1.06580137625791	1.3429926555721792	1.1596254731935345	1.0753285269260395	0.9644915313619309	1.0603145013995703	1.0421594301270238	1.0175297961727305	1.0563312721725695	1.031646674291782	0.9675159048496497	1.024334659685274	1.0045656462186674	0.9528336972709074	1.061658482124284	1.0706134505789577	1.1244559398653118	1.140608224506797	1.0915670170627305	1.0269821845100044	1.142253687700679	0.9937267916653614	1.1633950644277624
BGene_0430	2.434588531121367	2.4854276899945766	2.376752494540847	2.4350858410114475	2.384611981215586	2.3854518675575886	2.390262603616524	2.468962102651966	2.476428398619104	2.424296127425185	2.342461304241344	2.396533650649819	2.389252895293309	2.4254079450546833	2.412731865328072	2.4476845370951916	2.315853554431265	2.3897826294283573	2.4002627238896697	2.4354968193178665	2.48189461471101	2.533293488154585	2.396916270205453	2.3520817821519415	2.3754767447187404	2.4723374426873237	2.4260582831884316	2.3847004515272423	2.54951700017283	2.4459985689708645	2.4119194976280314	2.3553874224152644	2.394944506866635	2.363075709092258	2.3538012984418115	2.365617495952162	2.3901121485534134	2.330424506642517	2.361322114572948	2.3448892937300676	2.395732075913316	2.3798126180301944	2.3534961392006486	2.4085832902428423	2.443929053569381	2.436652455129335	2.3623182714213637	2.367256234934841	2.35472547321897	2.4237698553162246
BGene_0431	-2.3402187679941613	-2.2734581556400215	-4.0666708713497535	-2.640819958621275	-3.2626590810140863	-3.4826030927229863	-3.6551778705137967	-2.2450313060099734	-2.155641493502956	-2.6093545600466492	-4.1081927968146505	-2.9732194649790626	-3.08681689503998	-3.176713375147506	-2.8426755209196486	-2.406919835252751	-3.399956157008289	-3.0476452851882083	-2.5060430512824325	-2.477526820642472	-2.336947464517045	-1.699002777323014	-3.3041875528058218	-3.766685836709859	-2.979854029330675	-2.6831753188492535	-2.464373652007728	-2.5722479022536273	-1.8961560715847359	-2.325825346003622	-3.3780664826786335	-4.08713006857321	-3.0437260515937106	-3.0824808708265827	-3.197211237701675	-3.3885657269520153	-3.48301640801537	-2.6775392221626046	-3.5609609138387768	-3.5456733871600026	-3.4783204956013436	-3.009292803848451	-3.6688898548362374	-2.4892369688496965	-2.7595831825919483	-2.1272034864926233	-3.457741388419385	-2.791095431816021	-3.1304877083623333	-2.9123313611863892
BGene_0432	1.8747970346539242	1.8271898116744465	1.764037177786962	1.8599039293223811	1.8210972177126779	1.7808842926928168	1.7787338082182131	1.8306819622224153	1.8072177598692278	1.7670821172199207	1.7686840855343988	1.7535877645120086	1.7974718060892678	1.7712944400360269	1.801359817661302	1.8044296417667436	1.8099623077027691	1.8200543325963219	1.852285556687222	1.82949993022568	1.8021618667389485	1.840199291749226	1.7938623757199093	1.7964631990048212	1.7917009258681116	1.798541866149658	1.832187533466177	1.8048905019555561	1.8524445523032151	1.8715181776340912	1.8150832511040322	1.77148691553573	1.809266906202387	1.8338852919510937	1.8422530058999071	1.7937996641625154	1.791539814703316	1.8074531187604086	1.7707245098221949	1.7960433563598528	1.7729958151996512	1.8377232633520475	1.76592369418549	1.8151321505283495	1.7978393869030869	1.83460887623363	1.7306425954338727	1.7581912072164554	1.798207729453763	1.8142206166103483
BGene_0433	2.165204467845152	2.140175049121143	2.1011477730391244	2.109064439764452	2.1060435126692325	2.0643820270473157	2.094313928479689	2.1265562590610756	2.1549495562788428	2.0950830503466116	2.066252764314415	2.1521613285061867	2.1131850519497926	2.08130040836451	2.090086777944762	2.1703042635539083	2.106398578122579	2.1315255212569864	2.1126660661723937	2.075291411480399	2.1833729029242583	2.163974564950878	2.0873324890588494	2.083019822233853	2.0482442118485786	2.0853838140115726	2.1099487392338014	2.1060001849602776	2.1517825759879337	2.138978446557757	2.0499062107620185	2.060114512641752	2.0950313917969083	2.0320161624887616	2.072989363838123	2.059397044017857	2.111041206493186	2.0984365557513613	2.06706993172438	2.0573998853237514	2.0560348044894727	2.092650104862387	2.0519556903777727	2.118786097845267	2.107353917425819	2.1398048323497076	2.10311803908264	2.1242436982418904	2.1026526855435392	2.103224127530801
BGene_0434	0.11784073378993715	0.15622956326347923	-0.02374688414053418	0.043327995760945766	-0.03721495120656818	-0.10695854242480352	-0.026571301973544664	0.19501042751219685	0.20750879496494318	-0.08081682468371773	-0.0773722530730702	0.0048418303952175775	-0.03394839452210227	-0.12831253523669395	0.004345795962910117	0.16328853103503044	-0.25037289697814624	-0.0790724331734692	0.11094844187421571	0.061057590912106316	0.20411667891598057	0.25840735057579295	-0.0916179097095331	-0.19169784704988668	-0.08113142840692683	0.03335847850791935	0.042714219939296943	-0.0032462438646094142	0.3420941510510006	0.022039036172193004	-0.11070673232301917	-0.11897828560181806	-0.03967847806373772	-0.19252100982566908	-0.22410448194923602	-0.1584668673377086	-0.013645025441280843	-0.258947073960039	-0.07306423912351172	-0.07203611412592649	-0.1822751307677522	-0.13184561006529916	-0.0920128053399432	0.09832490991919282	0.007529563329956673	0.015006718483050133	-0.06780457562829417	0.04027876570166936	-0.15735376933948741	0.04994728565185397
BGene_0435	0.7378859544639623	0.8468374964663363	0.7031105636162815	0.6986539472993237	0.5721527863973496	0.4923471337202967	0.47947266152247275	0.7955966200496971	0.9046499468397591	0.662336428583935	0.4357639630039941	0.5819409569756256	0.5492500103070895	0.5836473614490352	0.5999010486851575	0.708254822124704	0.47208435157603024	0.49373095237341424	0.7731341700479435	0.73345070875278	0.7538555855638125	0.9345394322692868	0.5247740559074194	0.41617753841224564	0.5294161197058225	0.6807343976002478	0.7039820225114002	0.5641143010842609	0.9510784985328147	0.7678200210671648	0.6056405745341884	0.48184288910802847	0.5013483436163505	0.5120520408482522	0.4500442436479757	0.5194720860267459	0.47844394125550616	0.46963320212751636	0.4806165849270316	0.4771848709162502	0.45555499649104414	0.5101226895287819	0.44884537443369366	0.6961393606610147	0.7025239072294897	0.7846672017182051	0.5631751470710815	0.6695727911109004	0.4674180579862405	0.7016956018514918
BGene_0436	0.8088077078396143	0.8698474937381262	0.5152888113216904	0.7749285923704871	0.5622257699383288	0.5606639117616488	0.5724095736395309	0.9314590964760497	0.9530634841472451	0.7464840581641746	0.5881307460303123	0.6714907538975214	0.6303696453877705	0.6206141558362944	0.6673873278350552	0.7958162037492632	0.611841129512907	0.6184799585317151	0.744378033968219	0.7691970761589452	0.8485528702294852	1.0711494310145	0.6045149556478708	0.5356059142005454	0.6193799703811328	0.8483041788551979	0.784624697409883	0.7123783952476216	1.0035497126712027	0.8156266320395569	0.6572394083841767	0.5660297565055259	0.5758108563954092	0.6118745622821952	0.5619752293749851	0.6473713655853836	0.6532907230173369	0.6233323854957236	0.5432385753881207	0.5519687154445616	0.5834908012598827	0.7050492630602565	0.5256896233687072	0.770721292181191	0.6800605224455629	0.8281209866677511	0.5974918018280401	0.6920832278189263	0.5232027770183391	0.6841098790633118
BGene_0437	1.5907442918784236	1.6201205721798793	1.5415681773129206	1.6632692137226428	1.5734794398990177	1.5801202791723785	1.5939619456497183	1.677983089388854	1.7014697172584925	1.627975190886387	1.5917870739069122	1.5857091300716064	1.546049951920009	1.601051077851284	1.6324600202695865	1.637576078385217	1.596993242489773	1.6280964948669805	1.6143771006499974	1.6654965572354017	1.6379430674994182	1.6592248936834944	1.5719594410410709	1.6400826230709074	1.573226177257683	1.6331917744974482	1.6266061205695053	1.619229830063459	1.6483952383379041	1.6610496278694058	1.6022973326353183	1.586181945967395	1.6071027772834219	1.614226284034645	1.630914466546359	1.6139690399943771	1.5622389982964429	1.5717365145063271	1.6302166459203635	1.607027693667476	1.624254671490246	1.647893131183028	1.5788218879758336	1.6103313609598764	1.6264796494162879	1.6838539297772706	1.6065837851608966	1.6032134802175133	1.5842825603778279	1.6303968986187725
BGene_0438	2.0305352959543703	2.125102912809482	1.9793922767405492	2.0747033663381655	2.0112300939624332	1.931225855763383	1.950643752686433	2.04251007873519	2.094601698039636	1.9865328367077975	1.9742663356834538	2.0038990154447576	1.9847740073017384	1.9553003883702524	2.0426616303919	2.0517419220167916	1.9876690276828777	1.976822595409366	2.059494583504362	2.0265771391759664	2.0861770341037915	2.1260940994703463	1.9611232885202852	1.9259007462312179	1.9792367998741531	2.0258227672233122	1.9889238999214756	1.997444090954609	2.1288229940744454	2.041063051398667	1.9623729181076246	1.9332251249838712	1.9399999093938618	1.988645420599812	1.9746177481521163	1.9589353008129329	1.9717905240430575	1.9224801892319872	1.9723414206798482	1.9378923977132203	1.9505168089640676	1.9825882390504819	1.9459419569779364	1.9823051946483805	2.0254552624623128	2.027423429287621	1.9062162559009066	2.01617035686061	1.9375876126432632	2.0222800491288737
BGene_0439	2.500847172515037	2.605703131765737	2.5486646284317573	2.587147798400974	2.5048436407765067	2.513623430822283	2.5496294651015607	2.6085685476629914	2.6076132741323654	2.502392990376271	2.497686352514182	2.5217249734501253	2.507634377978403	2.5038906672013956	2.534045286558836	2.602644385914403	2.5065285429265747	2.5507206385355814	2.551148669838034	2.562398237649553	2.552645621820108	2.6170907958592946	2.52990902180836	2.482902988816561	2.510881041098192	2.575229725248447	2.522566587980194	2.5327298811005887	2.5957406077388527	2.5566076798136965	2.5003653207094314	2.5123832200379455	2.5061923475722496	2.5317592736795014	2.482594498317977	2.5258312892242913	2.4674013141448765	2.506426302175762	2.52597058403855	2.494138484435692	2.4935925530829306	2.4891684407737347	2.5425547852096773	2.54393615308052	2.559270245641193	2.554944773033889	2.4679407878476374	2.5238409519879026	2.488271867434702	2.5505361524190637
BGene_0440	1.5461555882106677	1.6281414934554241	1.5343338175567296	1.5574867794540084	1.4919605527473987	1.5113654784053354	1.5111048997191372	1.5919004302715296	1.6026628993274652	1.519966358557838	1.5265761405760447	1.5381337490075964	1.5905541330157404	1.5343998651686628	1.529701424519659	1.5918111425140038	1.519155870706143	1.5100733083735618	1.5668390002715464	1.593254420903019	1.6281813128864133	1.6585762455840096	1.4781618606779832	1.5118829162890441	1.4241560083781322	1.5535852490033735	1.5590232332126892	1.5515216141799442	1.6899313088691046	1.622264818248031	1.528370554100867	1.5375266869618947	1.4521878676827435	1.5217993076944287	1.518325152768524	1.5509751666099327	1.5537927461651573	1.5128422709886185	1.5140551002125475	1.4971690281703918	1.4915008920834651	1.4564255795557484	1.5184027640341573	1.5436337565453124	1.5646237775473628	1.5870115327141208	1.5664698804214392	1.553733992213928	1.4821598831411316	1.5853738140343594
BGene_0441	1.6517847749394534	1.7379853172810371	1.5920120526581596	1.647884343313644	1.5631485250362787	1.5599007778747878	1.60179360855791	1.6835914392524298	1.7491327558272844	1.621627793672084	1.5097539143908774	1.5507398578127265	1.615170031924036	1.5555646327009096	1.6319587401524511	1.6851006499537968	1.5314584619943168	1.5768194171805627	1.6695268318338026	1.6470048150465677	1.6721139069013085	1.7423974388914643	1.616520307968359	1.5579572734200111	1.5890399695266204	1.6800045662927632	1.6365328748715842	1.5987275620967012	1.761198502320735	1.6532442375993268	1.537173577788349	1.5578136397502917	1.506495253021024	1.5517178872626343	1.5420223152773387	1.586296734252595	1.5721535850140538	1.548843866853663	1.5815081608461115	1.5757365394982121	1.5933573136461032	1.5685541426367051	1.5615090108375778	1.6177284627291542	1.6812146035051192	1.6724366750109056	1.5427368108535784	1.5965958534513964	1.5602803011083537	1.6484247056889327
BGene_0442	2.355284587034766	2.400022477591797	2.382054632246257	2.3548981890263345	2.338260872396796	2.3385963944323134	2.3052223170757555	2.4068779389123307	2.4163836982260682	2.3224149959464397	2.3283444428977047	2.3525918583458014	2.3405206126226488	2.3300384098695543	2.330175396133927	2.3737931340272107	2.34607471300729	2.339465412289078	2.3496684596497674	2.388452582293332	2.377766771863511	2.439604727725358	2.280276867851668	2.351112824374198	2.3550674872686015	2.385346813217485	2.3831291304987334	2.3486697507184178	2.436751571937656	2.3792257921993505	2.364983240710427	2.292865516783947	2.342840509385584	2.3156389591061997	2.335262282670613	2.3173912085719386	2.3188477841863993	2.349633549530057	2.33044024472472	2.2976694528682144	2.319558320304988	2.3231165574473596	2.328815944904387	2.3527477665971546	2.352421645599236	2.3987857670231874	2.3052090767786	2.3496893770065035	2.319218815353636	2.356891511885524
BGene_0443	0.2517401336420922	0.3943598495483901	-0.008293139535211514	0.22558946727524268	-0.017881405503538297	-0.07316911039666428	-0.1886935371011281	0.3295719089730906	0.459643579162624	0.10199337491600358	-0.024492449821938725	0.04098503044701152	-0.1631522380110942	-0.19698791401679155	0.17882593199813399	0.301792279425807	-0.09402764217198238	-0.07009279084041167	0.22941093902695714	0.27085614353380677	0.41000277020282194	0.5788229066424251	-0.08151960632554861	-0.13393566607590246	-0.15056428530250748	0.1941026980672794	0.24422238216956788	0.03667414915909467	0.6152785200337186	0.3697293347515792	-0.06383183793864869	-0.11173193156326769	-0.059026904780025403	-0.06613743171858656	-0.0842972053862409	0.007056264275319162	-0.0138983637734394	-0.12750882473511083	-0.10100899415583922	-0.1994792702661591	-0.05769884582931722	-0.024605433162384387	-0.17539571066957094	0.17143118519472772	0.11397408673993736	0.2323763754833981	-0.1671813093789588	0.10368048848841341	-0.05434520928937586	0.06340237412974353
BGene_0444	-0.304883813861848	-0.0866284235900962	-0.44879852407080867	-0.30863435276885376	-0.5412709276415836	-0.5761199806947143	-0.5115912140315575	-0.11290233404415614	-0.03621992573559784	-0.31022125253840166	-0.6960434451595279	-0.36192679874920597	-0.31501974982124825	-0.47080007692417714	-0.2943506401681905	-0.11413047749851991	-0.6536326251087411	-0.41492645508205594	-0.19637530864026903	-0.11810768133403611	-0.11019582275111287	0.16122906856367544	-0.41993672641864616	-0.6226067370938352	-0.47206505024168866	-0.29757144598584434	-0.2851400419650809	-0.35926033409930835	0.15201082142474195	-0.22055028351774209	-0.5128204937161971	-0.5467414758779312	-0.44109568210064715	-0.6517758363630451	-0.6736420127585812	-0.6093518046028684	-0.5003824315559455	-0.6003748777573475	-0.5030973891469043	-0.5083802509531556	-0.5872709454950582	-0.5339226856339994	-0.5838918046509742	-0.2306672028748382	-0.28783160798533763	-0.15577797072370314	-0.5370365267114025	-0.25882078465023456	-0.6851742124649586	-0.26054030829743774
BGene_0445	1.1065849427710124	1.1698186495634713	1.0277314811105895	1.0662267963852952	1.0128127290250926	0.972700962419808	0.9687552499337212	1.151582227830221	1.1940247777276858	1.0616322576362214	0.9932178225437258	0.9971852080489658	1.0385241498173765	0.9909933034540224	1.0850760181868497	1.134935490916578	0.9653980215854976	1.0393048129239215	1.1436281915500253	1.1549108376957746	1.125028681574091	1.2159092161778111	0.9706360951029546	0.9341130185729196	0.9685494917552844	1.053258143419951	1.0780975688765337	1.0356529373387504	1.2362412591409302	1.1405721393713224	1.0034209341511606	0.9673084447344101	1.033910950637323	0.8916664648481853	0.9334672970183658	0.954321396967785	0.961087955440952	0.9953468936446309	1.0147100202404085	0.9350516101211431	0.9923682037765669	1.0119827502068124	0.9845702366579505	1.122329484131428	1.1095729304760724	1.1523375514706908	1.049570663159686	1.0721037151270276	0.9373679330191856	1.0098824851552886
BGene_0446	2.0154788909759467	2.058949280245829	1.976052046095048	1.994654682539146	1.9326216270638172	1.8695961887356283	1.8788852446115056	2.050986544287873	2.071775374525631	1.9730955381656452	1.893832400903165	1.9584396457105648	1.936878517260039	1.9158230779760221	1.939060580034862	2.0101017538091486	1.8851943809628111	1.8973108169663648	1.9895774832761342	1.991603495132607	2.0159750701115526	2.110466932171567	1.904473200572265	1.9322194553771368	1.8997672678490423	1.9759038045493058	2.0153904731844925	1.9458508855347338	2.094560234681979	2.0244766993641727	1.9172762713165588	1.8689725709123737	1.920334196918668	1.9563570372116268	1.930968300046313	1.9556518266115768	1.9071601106239564	1.9024202571105047	1.9094401763539077	1.8753763904023957	1.9239433566516484	1.946716400139721	1.8644072160674154	1.9397036495153306	2.033947722368044	2.004617417744481	1.8625210510996082	1.9743755604599185	1.8372430778101168	1.9883875846140757
BGene_0447	0.6113615492182191	0.5878813880100774	0.5421112150636459	0.5295987372935045	0.5915502141802367	0.5097778863521238	0.5465024653261943	0.6150801682626196	0.6158445707951119	0.6132320113504636	0.4915888462267303	0.5700226243394892	0.5227738840692643	0.5663115074796663	0.5519372288763992	0.6163513627919056	0.513494138138865	0.4738513153039305	0.582243515983792	0.5963610936055366	0.549832884047809	0.6370043553883309	0.600081297529943	0.5033562743731446	0.5513206213510878	0.5896748418145109	0.5945605801748113	0.5174807547835706	0.6159778472221263	0.6230710453602339	0.5541373470812634	0.5029114988736187	0.5515209444202313	0.5434318111054605	0.5149559962309475	0.5513908838685343	0.501825070881213	0.49527158748711525	0.5736704979073838	0.5414229458265614	0.4702808729524928	0.5446411785092057	0.5411494498799	0.5874418726845931	0.638250660127878	0.5850333963833279	0.5422177332252873	0.5978637647712657	0.5857042386320916	0.5654743613093495
BGene_0448	0.9794133124849653	1.0619147587923004	1.0175551132130236	1.0238408711584126	0.923493500805307	0.9392556027900558	0.8623703893123551	1.01874938755399	1.0138595318085477	0.9720292768949143	0.9298882589165983	0.9974850886856732	0.9418048928853058	0.8894821259012133	0.942423254785486	1.044513779515455	0.9382350546719336	0.8639001978002372	0.9678805396488991	1.0005954392950682	1.0369344862384484	1.1226224082647098	0.931736762633399	0.9806089924329939	0.9192135312075497	0.9781439486794804	1.0056188181444845	0.9484678064686379	1.096420547585558	1.0336788189053567	0.9724480458389126	0.9412817396174838	0.9107856521006396	0.934392983138559	0.98439474810998	0.9251833583957295	0.9458717443348622	0.9319174561872478	0.9205246414648472	0.9167655329964253	0.9563513172778653	0.9117985312083549	0.9215019351885787	0.963722035542345	0.9801466959315279	0.9835931531711626	0.8639653257342882	0.9523243533582733	0.8909785961533008	0.9493691958859425
BGene_0449	0.6253266839561272	0.6478489119518996	0.5843865594530017	0.6089129429490469	0.4919592064220518	0.5413194779059473	0.5410908100529691	0.6803895054657266	0.6439257094268253	0.6199170711930756	0.5305841026924019	0.6477397723061528	0.5134238815853953	0.5279021016385201	0.6056965635579156	0.7126465610749383	0.6741974160748141	0.5415170470464608	0.6375945153894444	0.652419669681444	0.6510951411902691	0.8120602619681762	0.6234154904559613	0.6165004699176551	0.5832906778586646	0.6131414143422378	0.6730321550612692	0.5457387209505006	0.7008667759272516	0.6120955124216862	0.5927443398813942	0.5145066456230022	0.5130180682806041	0.6309342672360647	0.6014203529959052	0.5862314328397784	0.5525319284193723	0.4795074777982599	0.5279845204188707	0.542606186684492	0.6454390172613206	0.6242125585692193	0.5430644195779204	0.5928175553273914	0.5747259923723795	0.6279941640126121	0.6036255779024386	0.6721218906715872	0.45277474516110455	0.595956662357616
BGene_0450	2.3797752389599176	2.4139771182527703	2.360977341753514	2.3710260726843693	2.434803726474333	2.365142093522746	2.3686432861757973	2.3774700151995316	2.3952440904269943	2.331338294173863	2.3557225673749294	2.3873720450490863	2.382687399422478	2.3995117929429544	2.4173640759232127	2.3757916447510095	2.320043572036844	2.361089172511312	2.3901723559784203	2.4258860315485005	2.403481419452519	2.4559486505912673	2.3836202781008393	2.391318443634204	2.390020747089573	2.3777526201483723	2.4171808250022018	2.34169031432088	2.451171137869416	2.4054685648680243	2.3817894424314296	2.334230677075062	2.3605703765500667	2.3811493362740688	2.368064871246666	2.3742062450657935	2.321326998722137	2.333308642199299	2.3705799098623377	2.3702433949868147	2.4178412809581142	2.3151853325056675	2.3382051418805028	2.377155086921309	2.414329711196176	2.360330148160284	2.369508382350885	2.4124685035098477	2.3439291421522883	2.377087653906297
BGene_0451	0.1841077433793788	0.4246426843579483	0.43163645373410825	0.22429963814838927	1.0744985718659548	0.6621182533985043	0.3167673255021262	0.21725448448476248	0.46523924092722907	0.21531457922155622	0.19186497011726916	0.2738226157091393	0.5714696327846321	0.14262355643132713	0.3110525481794854	0.3991745541827079	0.1798346716977709	0.19823719803070292	0.252655197514328	0.582031581333423	0.26050280024541766	0.2637505660905012	0.23527242611061805	0.33783835642249854	0.46665763444509434	0.38024317333548907	0.4053251027686179	0.5006212545668679	0.18825608849214215	0.5247463379324095	0.3719503509756098	0.4430666563404213	0.6475562824021415	0.14077482040913084	0.4910095757111071	0.24876135656541443	0.19937159855035713	0.13596485765151906	0.6619280797601304	0.4798717425075371	0.3677406149673554	0.3252226227909507	0.38536262205670063	0.6302757222238543	0.5486498034889601	0.2905165463586117	0.2659542088982368	0.24974040593762956	0.6697293254737294	0.4897021069267241
BGene_0452	1.006372230525858	1.0531378114954568	1.1232327558309112	1.1166169182987946	1.2161095803023358	1.193157475460592	1.0935761674004056	1.0957612771738068	1.0838010205637885	1.0534942869537574	1.1231691609652044	1.1511419044298625	1.0719127554012247	1.0680210100995982	1.1350277118257215	1.149703414698885	1.0512339256509298	1.1094216708303732	1.0287407459359517	1.165587198607375	1.0822163520079522	1.0522198059991128	1.0826672863312066	1.1295264473481381	1.1132818125888835	1.1197332465911167	1.1591477447110914	1.085362737869852	1.0594754599934653	1.1031946376717108	1.0033656641178996	1.1237703551384075	1.1226255113525316	1.1087639271159193	1.098756118724812	1.0848628585638183	1.1252945227394076	1.0965169692908825	1.1617976035179773	1.1197098679719883	1.1445029636226853	1.0938244751687394	1.1044314262629933	1.1649635238673968	1.1516366220315581	1.0433041750646082	1.115175251052923	1.1555682441949457	1.1449351134332606	1.1082134739437652
BGene_0453	0.6521072700075579	0.6975213277641065	0.8114797479310869	0.6328153811272218	1.2874784008507707	0.9862940051043674	0.6748829318771553	0.5915052928519721	0.767323310136951	0.6937667380751784	0.6478070464147144	0.6841807287766611	0.8209801095633611	0.6241380809491937	0.7382397544104207	0.7642584716201033	0.6492390518600332	0.6068785330036137	0.7081081118671461	0.8552142779402714	0.6759849117847634	0.6105408852466471	0.6782476375653063	0.7098935959545268	0.7554325885769491	0.701676459300057	0.7856533415351568	0.7610329840487834	0.7103054834316672	0.8422118403460549	0.7083269782703804	0.8860545209622054	0.9562228181163972	0.5692915992170472	0.8104518930014027	0.6935237338660547	0.6833625367116312	0.6132089174684096	0.902532019014165	0.7347897769419329	0.7286575239221016	0.6336337147407646	0.7430972489376402	0.9487523014702032	0.8944503267152027	0.6682694583010022	0.7395160539823246	0.711467672915435	0.9835205452836232	0.8178260248468073
BGene_0454	0.580116648102965	0.7203631894571279	0.81921850661031	0.5657483905672799	1.0813383751921284	0.7552911276665517	0.6020160126216626	0.5869647447047484	0.6766089782809767	0.6026860298193253	0.4983478608403485	0.6110186182150541	0.6812296869881811	0.6528720917432683	0.6768008667257375	0.6646795385904102	0.5056912943855423	0.5508700461329213	0.6288320516503654	0.7533827562608305	0.6716442373202307	0.5855734611914044	0.6501776702227218	0.6278366114610237	0.7035918360866162	0.5398798673156567	0.699692621796917	0.7200871570158844	0.5667402287087396	0.7354251008101809	0.70824731071749	0.7029041102895528	0.8639496293296169	0.6192879256559829	0.6934641319849684	0.5882697609120324	0.5634303595815479	0.6119420121676972	0.7775647291221617	0.6986895530302188	0.6608866847497237	0.6113704338009601	0.6002540525387429	0.8507383740326611	0.7717799216678031	0.6997236677637891	0.5496921203054286	0.6427103552242739	0.8158562983093031	0.7355860642452627
BGene_0455	0.3266327091293772	0.26043064599077154	0.4021901590673031	0.25580190877940423	1.0879826329736828	0.6046242323844356	0.3332667134406094	0.2114180561666705	0.33095617003243244	0.37017492308684563	0.24430991232313382	0.3027499910502751	0.526674637868798	0.19878704134376396	0.34677449016339	0.37811768897652936	0.22560442014142876	0.1573835712583058	0.24824995897518642	0.5573889535809444	0.3529475079746562	0.2676548102862265	0.34701194736506463	0.351270055080124	0.5071556427961185	0.24962893691277688	0.5144245237594619	0.49551352251046027	0.23012984234430475	0.4990362052998284	0.3676614617427074	0.419961260207451	0.6908611367448294	0.27574500411203995	0.45339551101450476	0.2841419186292315	0.25846084401641833	0.09605748437329108	0.5846450860107484	0.3912706975661731	0.30722604879579696	0.29889477157573935	0.37429361495489033	0.7197968437884217	0.5471072240367371	0.20266876615709187	0.3547028600192517	0.33587675106086656	0.7088109577367738	0.4758278470075187
BGene_0456	2.2279935814798457	2.266365275728392	2.2540548067009385	2.271314377084887	2.4737378179401714	2.369970007263692	2.239435938066164	2.2474232540739147	2.339364014995322	2.3185433909289253	2.2319087253668926	2.268798114434816	2.2541987962300336	2.2790889048104064	2.240476330169871	2.2615339189410792	2.291068244969632	2.2083166411866904	2.261372039417424	2.3022322902375665	2.2912527801466696	2.223049995574917	2.2912726391264293	2.253306605501379	2.2878809818834744	2.266197304856037	2.281350457661803	2.275979802238474	2.2373056206850923	2.3143702770272263	2.2513708251277103	2.3351120508215613	2.3407630319609996	2.276719227061397	2.276801659082921	2.2575345874251336	2.223433553334669	2.274925783253972	2.332760914480962	2.2643468567559037	2.2866528117191343	2.2645418763888583	2.263752917701187	2.3443185892037737	2.372715540125563	2.260539942211755	2.1977176580634286	2.27500239408762	2.3427216524177252	2.269274133584661
BGene_0457	3.24309011857417	3.220228633769132	3.257010969748234	3.203193375374349	3.3152360711711815	3.26908167803363	3.2609485892323655	3.2643733850310133	3.258372866603031	3.173090798816176	3.237553005419176	3.243474282266821	3.272929174156006	3.221950190700875	3.248919089352449	3.244757755115311	3.2082097973340544	3.2493955866095896	3.2617588319565156	3.2743336439712754	3.2296893149428128	3.2634920869516697	3.221279423962312	3.239685073942716	3.241271507213147	3.2480379335409033	3.2340892680275295	3.257265290583569	3.2194885114562926	3.291477658436677	3.2397962079506044	3.3039152392093944	3.2629234752977823	3.2082516958330385	3.264329943174113	3.2431979611297943	3.203734658170527	3.2515331166265846	3.265369215119099	3.2260457742193474	3.210537477386756	3.2329756300437875	3.2190013507354776	3.2996973551303355	3.2770265699383208	3.253800874773943	3.217189726559449	3.2445529251807024	3.2793077041955736	3.274497496517939
BGene_0458	0.465888289658713	0.4415821027173896	0.5482953504908123	0.42831396704040836	1.0798002421805326	0.7376504556161311	0.4688244107658838	0.3918598616174963	0.536389483132263	0.47626394166156916	0.40161889180736376	0.4699808932119815	0.6006861700846098	0.35512971637005536	0.4743907061875387	0.5999799495258668	0.3554059840779761	0.4055689700139661	0.43148400793630287	0.632978683829202	0.4168796079235639	0.42184491603638763	0.4448405887665352	0.5600102373617974	0.5998288105769519	0.4587311132829069	0.5786370625363721	0.6009821709141252	0.4167718075649831	0.6307036573971848	0.427771073345011	0.5856267928916125	0.7305856749060781	0.4488137312830356	0.5917456196386661	0.5618013547525642	0.3871275285565062	0.38441257374943005	0.6434258039008428	0.544952304721005	0.48711070070442086	0.42958486171429244	0.5051549935779122	0.7092407978942964	0.6439828136072139	0.44410486760387274	0.39096142399403405	0.45405372992703885	0.7370582619352738	0.6247272399615281
BGene_0459	2.816176368933265	2.8170575255307324	2.78979254468654	2.781743469600676	2.884739760225078	2.8140346961811606	2.8422026168224317	2.795804820096007	2.8262545241487342	2.793563268134235	2.8446438649536185	2.8013153402485798	2.8203043178096645	2.7857298690463494	2.8816596379823913	2.8516469597385	2.8035549726782154	2.796368532973559	2.814772239392123	2.8338125549416735	2.808107046608992	2.8184099947280274	2.814164321227865	2.80703837137105	2.7999958830558698	2.804678382742959	2.7893688265855516	2.8316797168384533	2.810814259642945	2.8539043957290495	2.837462787025054	2.860304277786444	2.8357114608817264	2.8162809054886413	2.837565304931522	2.7853085955079826	2.8295499381402465	2.8319314889156826	2.819252066590599	2.7984984556676498	2.796740681915842	2.832526659417484	2.7938860511237382	2.856090684996982	2.868241258156291	2.807447462438259	2.807780031968645	2.7881834090240414	2.8058126127010516	2.8301524429331977
BGene_0460	1.8506592145412315	1.8542355899875136	1.9042119848019707	1.8389479643183129	2.1423610709284473	1.9111824510870326	1.8699953266608926	1.8752228299749876	1.9154170045400858	1.8342969868771541	1.8341582531615732	1.8698269499526683	1.916191641978611	1.8338658667495893	1.8192586239293562	1.8554216608836087	1.8656400630442687	1.8708263482213068	1.8426357582920716	1.9349493437221887	1.8823625112884759	1.8351268683967144	1.8213515354808245	1.8456214791516363	1.8673172166356076	1.8534599683134247	1.8786239712711854	1.955364959036866	1.8467825608162567	1.942380824041859	1.9140442434547544	1.8639261213025593	1.9440757069174783	1.7940738640837186	1.9031288140025466	1.8500340430815265	1.829756456909797	1.8063916516942704	1.9334126465580415	1.908755361362757	1.8362870326301357	1.8451802986075672	1.8754911635289153	1.952316117917407	1.897917663293875	1.8977086333362814	1.8585298067530405	1.8469799002880292	1.9352071392258954	1.8684922764405971
BGene_0461	1.6876875389538961	1.7191106651433672	1.7986895219638053	1.6891587079181476	2.1072996898219363	1.9039812871101651	1.7359792356009793	1.7027067290776527	1.8151291571774428	1.7667020219857754	1.7107696617566952	1.7566618450707912	1.807523261771988	1.711112325077328	1.7423443298806938	1.8575568233870083	1.7588796992156626	1.7221176398588163	1.7309542427583526	1.8479766319537951	1.7040985414971699	1.695767391349939	1.7712464464191036	1.7791357038397675	1.8276400907934187	1.7824696600229217	1.814987188047576	1.8424596637671846	1.6782787167168953	1.8491423048652094	1.7502236148784553	1.8002707562405864	1.936983396019029	1.7432318722449271	1.8287733565088244	1.782563944688393	1.7204595900794633	1.7077811067179225	1.89765385160728	1.7839345414053362	1.7459702264331307	1.7365687687633238	1.8362781582311447	1.950455781321876	1.8601295443905144	1.7685829300032172	1.7457371461374909	1.7326617191358873	1.9169219951932928	1.8290766809259598
BGene_0462	1.3230480361863448	1.33642484924767	1.4721102089346108	1.330932303920717	1.7517243649996865	1.550863602693778	1.3817101079622238	1.3244337866729596	1.4368781370411696	1.3295731811021427	1.3390002807224983	1.3948062160121113	1.4374609476258604	1.3638443459216536	1.315260088546657	1.4127756234843898	1.3441449591800254	1.3214359802407618	1.2563503577867103	1.5241755872803895	1.306577497330898	1.346760638349131	1.3245591827170102	1.4065958231624311	1.5016142622865665	1.3475141447500891	1.4270887597943003	1.458047302930947	1.2879061835468208	1.4956909138931855	1.3507205341660646	1.3926377137300712	1.6313862872864748	1.3345006194940212	1.457743302438789	1.3490553594583727	1.3582976497815553	1.3772125608836723	1.531539668336055	1.4314997457124257	1.364255408406136	1.3335705360959806	1.423304746337474	1.549169013908448	1.5046378119768444	1.3780834247801206	1.342270083897863	1.349954153719726	1.5929414234185602	1.4393494849395194
BGene_0463	2.307648017572481	2.3390275624440955	2.4001019827332097	2.3283551770381212	2.57999751640927	2.440619331647277	2.3430795274399294	2.3229576763820012	2.390224299125909	2.3844488307795735	2.3595550822970908	2.370489398500035	2.4026911518766756	2.357860593621609	2.33881939411922	2.4360684306420946	2.355038841312801	2.3666091950680292	2.3364729017798807	2.4469400345296277	2.3761342829210563	2.332834269064066	2.349345169036018	2.4391950475879476	2.3980567009686657	2.37375976716631	2.3602036215140108	2.427333840029517	2.328050653340691	2.4341148877299004	2.3756530649233207	2.36960842912363	2.463244567287945	2.355093081723902	2.3893459865590985	2.3647838473151164	2.343438247047367	2.3600350640723184	2.456962512717597	2.378507649377566	2.3563796059305697	2.361874031141764	2.3859689159566657	2.4805506628926333	2.4156300928878305	2.330538332139743	2.3216907172351817	2.354977161734552	2.463107064771647	2.3996144052656643
BGene_0464	1.8877499797216242	1.877534026631398	1.9403210709193408	1.8788269580553059	2.0087719528147665	1.88358302254476	1.915291726775613	1.8574863077806036	1.8944231517863763	1.8801626747031086	1.9267913197522406	1.8906946086482412	1.8704355244917565	1.8497540253858502	1.8766854674113802	1.9031328644352765	1.8762718440916537	1.8827621621186943	1.891848293555645	1.917123699190767	1.866045442631345	1.9145656318564177	1.8975488403736922	1.8827510871235633	1.9058111988819642	1.8967946291600941	1.9186129583191636	1.8669264099390235	1.886492453528687	1.922772215836002	1.9387644409247118	1.828313036902836	1.9143354562759132	1.91104952435118	1.8611173955707452	1.9021962153488603	1.8623181261853823	1.8735049389274798	1.8989617847164784	1.8534100115285606	1.8845490372625266	1.8912910219444405	1.85899648807993	1.9669451385753778	1.9120933531569158	1.8881396143007558	1.9033995829785408	1.8717935643825478	1.9168528050418059	1.920745326621628
BGene_0465	-0.2704200864730449	-0.16958582661468424	0.06685894992684549	-0.20110260810405922	0.6601145231257342	0.22074356113642346	0.02970798401960166	-0.242313346139648	-0.007030327566640728	-0.13940995525173094	-0.19549806359196603	-0.18888377175823484	0.07259660290102453	-0.14812637160970876	-0.07170845608969957	0.07437010057235778	-0.11343878222634822	-0.1320861939010027	-0.20845568037308837	0.15352269043653177	-0.16509888629474442	-0.2901118766770102	-0.1599045303838853	-0.029485542412823276	-0.002342355391415429	-0.15561400234538947	-0.07492532102080367	-0.013759925374929314	-0.23215436121620162	0.030719238686455944	-0.045940005799418454	0.08020049710507095	0.21720489077988542	-0.3055524151516622	-0.031074529491165195	-0.13288416147566204	-0.2661934175262942	-0.2248909227258394	0.22124306301012944	-0.004261417798110154	-0.19974243181426501	-0.29159624601866263	0.15539569258332978	0.1824392098716775	0.1483228794098631	-0.16444053044644277	-0.17353692842293852	-0.15469668829175057	0.24769167328224723	0.07703632362712948
BGene_0466	1.1678515514343089	1.2640619674645384	1.316671530784419	1.2535684818206552	1.7076483895526815	1.476109818908669	1.2937833520392465	1.2328795540854613	1.2984429799409387	1.2599092137241255	1.2283437625972469	1.2773541168107534	1.3737445421088603	1.2274682197917084	1.2922468904805082	1.2873040803357614	1.2005316761335005	1.2498977872718315	1.2330948651295295	1.3874725512571202	1.241015466589346	1.183201618120164	1.2399413042828413	1.2974370950843044	1.3429317298272518	1.2458656057534068	1.2964896777422539	1.33837664307063	1.2411874573377775	1.3989684251296048	1.2162040602060908	1.3785979965654203	1.4920306167844377	1.2435881333507055	1.3075121691246516	1.310038385693131	1.2431425885586969	1.256327601294437	1.4169346586759417	1.3505185743830859	1.319727434620895	1.2635116007612586	1.3111324087924505	1.4985338529016894	1.3759215593705219	1.2996877148076134	1.2481992620158042	1.2474929039165987	1.4621070725004184	1.3693150198378854
BGene_0467	1.1741321404511762	1.229700279252438	1.3135236006697804	1.1911537546208104	1.7602163707370102	1.4223951209322525	1.2564714084975066	1.1787951057824844	1.3009750353675185	1.193429777176459	1.177826374417792	1.207439952567686	1.346278606690469	1.2061325114787662	1.2224809852201999	1.2439352764578213	1.117612887345189	1.183234226915349	1.16289501984302	1.410305249906739	1.1760698596531667	1.177515006699245	1.185296794769843	1.2067052815585309	1.2677386041593872	1.253838360772073	1.2885984045374408	1.3051422574718632	1.2175460560807045	1.3337798145967041	1.2429681524564709	1.305034238437996	1.42247911957298	1.143467068279753	1.2737800329884486	1.2057887078520988	1.129485143323577	1.140140791396179	1.4364903213483773	1.2999834360212865	1.1904553224578995	1.142109471324757	1.3038685539516341	1.4603475241169313	1.343510937019486	1.2558628594597783	1.2795538770401984	1.1861422972726083	1.4579718789649083	1.3218578278846753
BGene_0468	2.8202657203917694	2.8111593557437278	2.8670619534174264	2.812531091247199	2.847911108153352	2.836679671867355	2.783232243741642	2.831787207366928	2.787034969250579	2.8053148151909832	2.8536086020771343	2.832700034753161	2.826390259541518	2.8720838063840626	2.818357525281185	2.808758943111871	2.8659308197461395	2.8074220958211877	2.842115915876838	2.83733784039054	2.840503921019048	2.8364760443708397	2.8580226309356855	2.812722050892661	2.8381580960236024	2.811746392777023	2.823920301838183	2.8333200283991973	2.8107497357907043	2.810453882676393	2.836151508581612	2.859558230662413	2.8201422672497785	2.800773098713978	2.830123310225597	2.819981971054164	2.8133820844194166	2.7936281372582368	2.805491491380999	2.8573340067866275	2.7736605465996904	2.7992508742892817	2.8523317725014343	2.8939794577201328	2.7910142037879506	2.80388096708556	2.8181139057494393	2.8094688130034786	2.8604251359566844	2.8258407611148018
BGene_0469	2.31944228531499	2.3255772795117946	2.328178641275463	2.2513265312589104	2.4958882756680065	2.3610471134677318	2.332025320864432	2.2707718601005906	2.2738895307590954	2.2998934105791395	2.2989005899077	2.3229822454350204	2.334966333604482	2.3170674983815918	2.2999050880746887	2.3708145406349472	2.307920519702752	2.284117585816305	2.2959193339606188	2.379161354593156	2.2980397643157895	2.2767527871142357	2.3417077698052746	2.311632092108216	2.2992799993855297	2.3134064741056197	2.288715642030706	2.3008583285062403	2.2650458815315004	2.3374009809125753	2.325493824307971	2.299176331804955	2.358888867069871	2.308301589371449	2.329673656728381	2.288862616658015	2.300581257038489	2.2684197980816254	2.3709686574652213	2.2828004331520737	2.3423132244361526	2.2948877062524935	2.338009298672323	2.3830556903047886	2.3414847069507667	2.2769813741976765	2.3257438454723234	2.307898062724773	2.4212207049379457	2.3270579733584276
BGene_0470	2.0447279114186903	2.1139510869387323	2.152491770105737	2.075758191984145	2.341026463843483	2.19558080972894	2.1025060018798167	2.126345360773868	2.1087377887797705	2.063056009721267	2.07813452670934	2.1000429382728067	2.1476103077306834	2.0556250535677836	2.1139852790070837	2.1740500671405796	2.0835566830922194	2.061718211682492	2.0594848621653425	2.181646038938577	2.1051229672321723	2.10292393359873	2.0812960421578355	2.0988415058875627	2.13862675818568	2.13579309878942	2.1509927528387673	2.174053300895879	2.097643980601519	2.189016445763709	2.0801126641483223	2.168755127202045	2.229014077906159	2.1041214044691303	2.124526401042866	2.1181031433918682	2.0471175664302326	2.0601836014064223	2.190062805125762	2.1333486365729635	2.1528944955459575	2.1267597070292443	2.1262690419177304	2.194786566320614	2.1938422671114157	2.117496340418881	2.0931094775540893	2.122668446540861	2.1768053311161495	2.1520107070875603
BGene_0471	1.859797522838749	1.8412092894766208	1.9264734952606444	1.8107147481893473	1.96330050027894	1.8211703090863514	1.8322140717312778	1.8604670086383004	1.9059130777659266	1.8603560087393343	1.9395480449910192	1.8743464840807944	1.8721906456872723	1.9330082133044517	1.8672491068491988	1.9219393768880466	1.8666671696589516	1.8694847981413136	1.8605069540768708	1.9306190875650726	1.8662775368814886	1.8773984786465616	1.8689160562049754	1.9099926278438621	1.889921935265938	1.894047847596865	1.826635618467819	1.8854929891805257	1.8437670528389105	1.8955903576852366	1.8604715343372713	1.839633285696964	1.892333088204045	1.8834453336477779	1.9045331725647625	1.8564417822605126	1.8301008069052762	1.9328733217779634	1.923488785586471	1.8438333898721346	1.8753295591443235	1.8394855229657647	1.8981473087768153	1.9421657114070778	1.8827555588620655	1.9109685923843542	1.9012076827207482	1.8702294706801093	1.8775068063553846	1.8955786945222721
BGene_0472	2.005798377288321	2.0202605301295176	2.074067612692382	1.9934006244108449	2.3001607458421636	2.1217567872580085	2.0251343771883676	1.9769248936209824	2.035833668728748	2.016497294333244	1.9758142556054201	2.0109051409343586	2.064805427474343	1.9887368398951153	2.030564629369253	2.1174774680362454	1.9949387130429594	1.9646878432028856	1.974745678920774	2.1068252547002007	1.9649832995763612	2.036919207754305	2.0058317629741493	2.029321859824135	2.0484398442908276	2.053958573920046	2.0458030130963127	2.068676782360377	2.0139252120620457	2.0764762046100214	1.9631771397395639	2.058606141499723	2.1559421302470314	1.983516003005222	2.0990175838551224	2.02499811882408	1.9906694332365122	1.9875406247131506	2.1509304413560604	2.037655786823687	2.05810410046482	2.0361023158720806	2.06114030344125	2.125469932729971	2.072036386683587	2.0383550943077067	2.035763312834731	2.033078895067132	2.1366010549762446	2.0791636322133638
BGene_0473	-0.30604323644194725	-0.19674017082014247	0.07510200940365802	-0.17868197862549642	0.3265149848395208	0.08314133340870981	-0.08940758642265692	-0.20965973399649804	-0.0850517511259325	-0.11490063026633923	-0.1876605962457093	-0.22352269218311901	-0.21947544482166867	-0.2098915676544852	-0.10799807609661699	-0.05353412402585095	-0.19142982133753203	-0.2047731593186294	-0.155861284481014	-0.012149345385249002	-0.19836172660253118	-0.30361841914059245	-0.14812695371022924	-0.11445517937385687	-0.09980679377059173	-0.17971721035529836	-0.1599743419282198	-0.11425745511011023	-0.2313644833735307	-0.04856890937040553	-0.1262881182715375	-0.06602721213032475	0.07790689711828236	-0.3377967416385801	-0.15911011411771236	-0.17752672152772783	-0.31686122192796623	-0.24181602191869608	0.05583462815977172	-0.1539933636326124	-0.24780332345063036	-0.23756030746585413	-0.05656223451045111	-0.02547323070346596	0.02047732600850302	-0.19254343452598177	-0.2470334729817296	-0.1447059152342339	0.030747769068443172	-0.09016118118035579
BGene_0474	1.8210394387183264	1.8638733055343468	1.903517349182753	1.823774951329708	1.9969066411042313	1.8893936259660526	1.846302153889584	1.7851052282736608	1.8840577673538526	1.8439961406691205	1.8681259291420858	1.9006609246899249	1.9195566209747867	1.8748075971021816	1.825102014530814	1.9152647628216244	1.7979891646404453	1.7967067616116716	1.8412568908109788	1.9007597013033495	1.815459415507738	1.867924293455178	1.8704263461275599	1.8966278361621094	1.8715229022014754	1.8640967781214395	1.8969557108003827	1.866758148287119	1.86063635049173	1.91188695626688	1.860720284650912	1.87149670991311	1.8986535662146253	1.8676830322997076	1.879467349888206	1.833436566740344	1.8748447145965028	1.8470428975822846	1.9017467672666786	1.870831544715937	1.883057477894945	1.8511880479629044	1.8371958719773545	1.9531890296091932	1.8750176968650754	1.8671513228858292	1.8202567452149432	1.864659633587862	1.8778232304850049	1.9199930445622824
BGene_0475	0.9219484748285085	0.9510202760370785	0.9030910014103609	0.8858220559511008	1.1889642146103352	1.0722110469636117	0.9091024586282667	0.9528283137310938	0.980122174836751	1.0009381367767427	0.9169866640266957	0.948995155240513	1.0597457082847228	0.9277053450096621	0.8688523053005154	0.9834575377850371	0.9221133266733336	0.9009406589045068	0.9293676291767183	1.032462868830171	0.9339995900283231	0.9806179184384138	0.9000183048782322	0.9291733962603331	1.0151017419930337	0.9321463791688052	0.9678381515062807	1.0212225699914752	0.961527264059281	1.0147774728192698	0.8945517670804158	0.9322916740281446	1.1189855263735278	0.9097519524122493	0.9740343217225865	0.9433397458939516	0.9093805871246557	0.937940925608065	1.0385747027539833	0.9759947237338021	0.9368927698528761	0.9772839736174804	0.9523938230639575	1.0722136066694157	1.0063619177302179	0.9020102953038586	0.9228043510197783	0.912242745740146	1.0748039271567313	0.953090709567835
BGene_0476	1.474408097942768	1.3788430985199824	1.406801256451476	1.3127321759805444	1.5728090605405596	1.2827630289516059	1.3814471730807125	1.424471763052754	1.4965379110887231	1.4411777244562765	1.2634104731426128	1.2646869029427525	1.3214743562714526	1.3092065912957553	1.272852297215663	1.3405617126947276	1.3165691705086748	1.3204397383553874	1.414876442198545	1.37047366866988	1.3225720536473897	1.3494636089443073	1.307413586131431	1.3174766846924166	1.186628448672621	1.465073975585056	1.3510667233484117	1.3215746804290969	1.3808660572466338	1.5190939613137133	1.5799417395270587	1.3147019203384243	1.2702042110150404	1.3276427891829288	1.3269534395391207	1.497154971639455	1.297785922484186	1.22712283330108	1.4039026894660813	1.3494020937438975	1.3241475778473806	1.4136693882119133	1.300860497828216	1.2832935895516084	1.3469884366853941	1.259626692783085	1.195463824019783	1.2731919816599737	1.4177752690430767	1.3373408466824634
BGene_0477	2.2978811279526066	2.3665222259020693	2.3286554995024833	2.361979362919367	2.4153010149959835	2.345819934573977	2.3441359255039513	2.3227026730194003	2.32986931305367	2.323232759966498	2.2884198815450585	2.3176197026310503	2.3414331686629626	2.3369320578989257	2.33942753588839	2.3400914505455184	2.312752878918592	2.3161400241400836	2.334283266727599	2.3280110570699484	2.3423624037378437	2.355091745915752	2.3120979386598637	2.3523476338107328	2.321140793302444	2.3448388657660795	2.269713784812237	2.330906258816266	2.366972027311552	2.3775517238479504	2.3461437194292696	2.3447253235601013	2.3073226849365627	2.298232946461039	2.3494172153903015	2.315732030214547	2.3080944864857074	2.336815296167863	2.3628045283040247	2.335905573511721	2.3181213047985785	2.351262383177904	2.316684457209106	2.3398079579846685	2.3239610967056055	2.3583130412622344	2.3754407272481357	2.3028793466096964	2.324404075430641	2.3532794653839866
BGene_0478	1.9211745075497557	1.879087432610003	1.9474115260385512	1.8677201618126718	1.9658452534846447	1.9389206291997811	1.9512414776337146	1.9361068460769415	1.924554484906207	1.93377833604663	1.9065336081895625	1.9631708283733271	1.9457920484498112	1.9067402749663356	1.86781984378712	1.9218034619594373	1.8992505816432343	1.9466989506568912	1.9341571823976589	1.9151118984410116	1.898156167182435	1.9129025055611497	1.9410299930243156	1.919060859797275	1.9155536677637088	1.9518997684663482	1.9041563219533084	1.9043694848005943	1.8929955163358558	1.9363367626572774	1.9736668880303943	1.915219075330511	1.8681208672091052	1.953146318770318	1.9186476332585	1.9740812032833224	1.920688640845545	1.9269964749009527	1.9205854023052313	1.9382162295237313	1.908343385279232	1.955653027882091	1.917329707434535	1.854294620040342	1.9052946989471569	1.901600774352318	1.8970823257643388	1.9481209740821377	1.9293131892148674	1.9183157858070101
BGene_0479	2.5717985140934796	2.5705653650020768	2.553593879934142	2.50024532078981	2.577986388681337	2.539246521739223	2.560647782081779	2.550980985327676	2.5735516924930675	2.5493028374512887	2.5474342304845212	2.511673092602517	2.5396243986476454	2.55291349292634	2.4817279909295342	2.5174145434739645	2.5192059322650575	2.5346656977646598	2.548693663492292	2.5291620233322334	2.520510463939297	2.558682195213332	2.5606153085362355	2.5543869751662243	2.527715420002168	2.574445261287851	2.4947246809716948	2.523773155990406	2.5492994317844224	2.542297293111434	2.5500792215176653	2.5217327921559565	2.4985799976610856	2.5460624665813505	2.5152919094070043	2.559605645373165	2.507799651807091	2.4695570073514554	2.5465365087133973	2.547585235835271	2.537200066664723	2.5472979001515217	2.525372809860108	2.486969166687794	2.5416201873904	2.5016822018958202	2.5459124024475113	2.4988156529851717	2.5494331940864297	2.524919198530589
BGene_0480	2.952114352005178	2.9247626106764404	2.9173595938783574	2.8968754486726507	2.9574394245936486	2.932298842527851	2.9731499244221062	2.881407570394125	2.9455942035635667	2.9598583236926777	2.900183492521569	2.876594234647215	2.877671758986098	2.9314315050098476	2.9247769728280444	2.969128950657889	2.9197084288966155	2.9202318784388406	2.959591388506229	2.971810191489268	2.9455492502192655	2.936160262063183	2.9521249780412164	2.9167423706676514	2.931421763599188	2.936603565159006	2.9797592005028726	2.934245874985393	2.9232032405507016	2.9314119423900658	2.946911885929325	2.915653852974237	2.89026077213305	2.9925646985496606	2.9417039435009733	2.9498611647002915	2.9570658337724223	2.9079255218409283	2.9336892700967394	2.8991483639051725	2.915479589694997	2.9405896980132527	2.947476055850961	2.9676729725678186	2.8744685943013044	2.968279674369212	2.933316636762953	2.930736588669572	2.958813911888707	2.9282426069782526
BGene_0481	1.3266327828790883	1.21627233752655	1.1755792204417523	1.1043716541484065	1.4087994594489577	1.0199408799572844	1.249222762925861	1.2019214036579577	1.273120949670749	1.2013435521266007	1.1662070891971672	1.1201751926442962	1.1023594125129028	1.1330836348535789	1.1194510606884802	1.0988721083454691	1.0494355507959807	1.143339009689308	1.2172712437313007	1.097149590414305	1.1112806639946529	1.2394897339596012	1.1523673771347165	1.0800339285444995	1.1050783990993465	1.3025252364244038	1.131991387957969	1.1228689436347679	1.1938119846447974	1.3008157229120119	1.3747460534362097	1.045002712111631	1.032121574742123	1.1946664158677824	1.154711889101915	1.3043351539007344	1.0995068246262305	1.1022904348138138	1.194788940791981	1.1949696534698002	1.1734231920624794	1.233532187361924	1.1031156503064072	1.1176635741216705	1.137684307498666	1.050687298444043	1.1152042345037076	1.0947025923739038	1.2273965561924571	1.142178840136361
BGene_0482	1.7409993234619645	1.6968131499057686	1.7439104568538384	1.724528464821902	1.7816684599183283	1.6925304753680497	1.758260934700983	1.7516677293537115	1.7540545691628466	1.7525256695618583	1.7104350606621361	1.735057069990637	1.738903112992312	1.7457086759185245	1.7494759315921697	1.7208423424817987	1.733918364211621	1.7337874807116271	1.760221200839296	1.7346779527704206	1.7917114409695487	1.7231075184474958	1.7160053199254952	1.7813477113625937	1.7345138521805077	1.7078425241087865	1.7752029223550374	1.750443026628669	1.7221920388922454	1.7340809894861327	1.7361217636177118	1.721865513823144	1.7028696440649456	1.7384351976633095	1.728783889568117	1.7152435379477466	1.7473347742734562	1.7401575133983598	1.74827629089239	1.7430766082720963	1.7889837097538226	1.724161276060853	1.7180836335190988	1.6993207682990317	1.717624162582029	1.7371318696840998	1.7037446976696915	1.7158036775261452	1.7511050640389887	1.7360270403522096
BGene_0483	1.2404240268189952	1.1406626853226518	1.0957502561628012	0.9964662235847983	1.2988880405804255	0.9787069985613527	1.1708730465797001	1.1410269332594039	1.2503532304470548	1.1844993393276104	0.9376209133968941	1.0116782326692464	0.9891133927785621	1.0189597732182163	1.057836676900476	0.9607664088309329	0.9645428161178565	1.0330441802171546	1.225848743945953	0.972091776278051	1.0063044104703636	1.1469125691569393	1.0979837635829852	0.9861402797188932	0.9640495841389379	1.1791472642832757	1.0488938246881676	1.0006577779508146	1.113295127943973	1.2797994403381747	1.335345995298422	0.9937549223308981	0.8995192630522324	1.0550415820307446	1.0087797491043669	1.2296003566370493	0.9754192908222143	0.934972861740269	1.065873004585028	1.0549682381342735	0.9785946654675902	1.1229051071139748	0.9897717769485664	0.9178069838097644	1.0736129340774108	0.946824867225502	0.9554881491586962	1.0051545373237913	1.1461575569625495	1.0811128279101359
BGene_0484	1.2048983089821228	1.131703948144749	1.0834476344252493	0.9523042802874584	1.2626500671466265	0.9359359277201399	1.1614987228878786	1.1272808906189735	1.2000114858468616	1.1373201396214985	0.9753113650164276	0.9988697631588378	0.941553423451756	0.9770803058014582	0.9497066329019557	0.9593745778352555	0.9695834496475781	0.9492290959578801	1.063220172814807	0.9010910694081795	0.9665888677499489	1.063886211719661	1.114811846686563	1.0013887531527668	0.9165812605816833	1.143846824399683	1.038499403793034	0.9652932379775959	1.023247571742992	1.20126915289884	1.3403425107328393	0.9496721444344961	0.8919292728285564	1.0974237088909846	0.9712241284460953	1.1648980278883783	1.0276712823083545	0.874955879063764	1.0724472508059837	1.0038372472069428	0.9956801933258159	1.135314277855488	0.9700997464468399	0.9130874365741635	0.9980705983552071	0.8388902012971814	0.9544329222813486	0.9337367235727477	1.1321747265561737	1.0352556920541116
BGene_0485	1.6220618623558094	1.5743410530077435	1.574428230383785	1.4886966829027484	1.7463768587148034	1.4865691343300005	1.6194024107523943	1.5889957922157705	1.6558333107297651	1.5758378204603953	1.4798861049482832	1.5257966824115703	1.5279003045512674	1.511869049042341	1.4862688259692194	1.5064941317225693	1.5010758242117477	1.5435283674878457	1.5642256223164777	1.5144238053586985	1.4824581092564446	1.4934174883937759	1.573854448375547	1.4843192974166817	1.459044621923929	1.6403682804592432	1.547857227528919	1.5526398887516704	1.5375199370274126	1.6823350655541103	1.7345672995163564	1.4912498494883104	1.469129922281096	1.5679296662095334	1.5105869053849512	1.62795549169935	1.5335585442261963	1.4918651974877997	1.5684662122477755	1.5219206905645764	1.5406770855965943	1.5905100853705103	1.46976535618048	1.5284343687666113	1.5279084987766074	1.457244295427994	1.469343090821413	1.479405561736188	1.611872839185142	1.5227500868127786
BGene_0486	-0.4158373800789296	-0.8104768017230034	-0.5372932487682132	-1.6601555462523598	0.06081198226113895	-1.4656062712392852	-0.7413714034795155	-0.7351916023332142	-0.32404564618060816	-0.5233761037133726	-1.2798326625082252	-1.2002004834997042	-1.4474167910638251	-1.2649197045095664	-1.4181421799318599	-1.1551581174994185	-1.3632118587133926	-1.2313891550027574	-0.7054878685554594	-1.2692899920308345	-1.3909035928719862	-0.85814967780064	-1.0128563049558594	-1.156562493451828	-1.6249958975264056	-0.48659425565003134	-1.27293465531447	-1.19152197305951	-1.0635997690668646	-0.2798075428551373	-0.08915003968370004	-1.4677284025050967	-1.7440093606186258	-1.02037156011021	-1.3645955066082027	-0.44852376405526306	-1.4102339308751153	-1.535249443886951	-0.683192244799436	-1.0083730405834623	-1.4163709613175504	-0.7614394157537455	-1.2544534499860813	-1.7987270390283185	-1.1896493684802671	-1.587523758677489	-1.591810050108781	-1.5548495524128918	-0.6084084653088281	-1.1307186654354688
BGene_0487	-0.8841542923484905	-1.141809418243486	-1.2347755582581996	-2.2490220103069314	-0.2960386916375018	-2.4651490457281087	-0.9014273898393533	-1.129144737233186	-0.6986640028862698	-1.0870395951839718	-2.086172803833	-2.0220457222618213	-2.129358504792774	-1.7881234880408712	-2.2396810230491493	-1.9257308531681332	-2.4048271463983824	-1.7797089842861904	-1.1845328136498077	-2.1554750752676486	-1.9351109133040534	-1.4013894865941245	-1.4008645673341573	-1.752315654881401	-2.4298869992226235	-0.8573907693774327	-1.6554150568933983	-1.957794276648377	-1.7371985183543024	-0.718198588851037	-0.3161848920129275	-2.321060464256464	-2.639200603940772	-1.4163089389826968	-2.0341577733112977	-0.7572463627264291	-1.8836831454405991	-2.900908743139251	-1.0546806416424614	-1.3957064508755255	-1.9536623408892952	-1.0931884983249223	-1.90659854860978	-2.6503433289010285	-1.9330287716068888	-2.8752626227861575	-2.5926310794683896	-2.506639253417958	-1.1518379594687937	-1.5724104405724484
BGene_0488	-1.1862597313575047	-1.7321869905858363	-2.0498490137145984	-2.583072282469015	-0.8606600891456703	-3.3225903026840746	-1.5206541009554198	-1.7479114627430026	-1.3292217467549325	-1.6208905279399193	-2.359123825786748	-2.2845465450461915	-2.114766964865752	-2.0507659689447526	-2.6021552696843426	-3.5376379818158616	-3.3073060255261786	-2.281455677886176	-1.5615258779367185	-3.2748039660280837	-2.7910269923424877	-1.8280254831935236	-2.0753922150319597	-2.1228224487819354	-2.431129017153621	-1.6573425150068186	-1.9681486082404438	-2.1810041504728517	-2.295427890010176	-1.2360935812129434	-0.7468965490878987	-2.8641201704280497	-3.0513480616678486	-1.5766757494711119	-2.380880442488369	-1.0986092199552189	-2.3466115005326884	-2.534673526688817	-1.8231129887822464	-1.6112962602232286	-2.3726026577164805	-1.3213453886644442	-2.8548742727897207	-3.2590498890494635	-2.3526961884939657	-2.708322648403697	-3.0525112262645298	-3.3837938298404846	-1.5029690306602135	-2.004162797115079
BGene_0489	0.7367919532147155	0.70902486821003	0.5374449067282325	0.42140042836137614	0.9167666542847532	0.3513166219003227	0.640313346139985	0.6346301207499649	0.7693922209098947	0.7025256545746856	0.4336109745264093	0.4459196518663495	0.5003448274647557	0.5928626200967198	0.44420942605583663	0.4469552253550609	0.3040540199553971	0.520294576162036	0.657761958078864	0.42426904028177503	0.5502005375671942	0.5979668957087025	0.667534159569489	0.573422369376603	0.4832797173307163	0.6457055741959766	0.5919529583043351	0.49252251821970344	0.4678760080001301	0.8161854288655187	0.8838387475978988	0.3779984785587282	0.4989884327956695	0.555396854316065	0.48944083597597443	0.7530861060415559	0.5493567105058786	0.33291090680295987	0.6571854768730525	0.5870829219818937	0.5198050490142399	0.7024354514770002	0.4274928428979509	0.46811705434194734	0.5037286558008917	0.43491983755032715	0.3689438313712654	0.40327468037811237	0.6435476773790363	0.5602488085935116
BGene_0490	0.5578560380461991	0.5910043811580151	0.5599404553369303	0.4885414203353323	0.7646683974532302	0.5721133543489755	0.6225935616802785	0.5884611200770369	0.6361991194652393	0.6593111366847405	0.5193548599218633	0.5767375102676673	0.5689320576997432	0.5620308623593757	0.5130400489929101	0.5935240492630672	0.5780213303305338	0.5608324553825227	0.6132221404717166	0.5477249946774374	0.5046945381711122	0.6034683542485426	0.617050438356868	0.642233010089015	0.5643998641616718	0.6324809331768871	0.547167556750054	0.5440408576353017	0.5162342294525772	0.7220269626367768	0.7292316882596498	0.45955689628431184	0.531311547453058	0.5940721333256064	0.5598637434170763	0.6399625245399752	0.5560016688631966	0.4436625884144135	0.6162322181622688	0.6152701035241059	0.5647048840360855	0.6703925856451	0.5517300565275145	0.5341821822033435	0.5815709008083422	0.5545235187355547	0.4719834761279219	0.5503871647316532	0.6124990648028797	0.58640428546489
BGene_0491	2.499476675840252	2.396135756919566	2.4078638536485215	2.360361294572043	2.5446848403479128	2.3842093695951414	2.414975293991339	2.4062198644472566	2.438070963955662	2.4248891046532903	2.3621531276608736	2.3382369333149193	2.3911603011698497	2.3694853254304484	2.3652379778140262	2.347787646793775	2.3539332504121933	2.363635808958202	2.428285428005887	2.3955106316246852	2.3493771173764153	2.433486367890661	2.4342026023907013	2.414011616632538	2.386352930949715	2.4399902774985662	2.4145824881945526	2.3528925899065847	2.375342981079119	2.4735284224208316	2.53431497669417	2.355817042529983	2.3995962590301128	2.427188965937305	2.3791270508890814	2.41949217267888	2.353122838847768	2.3566986073928065	2.405056528135103	2.3978675394294453	2.3674263421860386	2.45530102795986	2.333541269076544	2.3959227978367963	2.363617457536627	2.378575640849571	2.345312423316358	2.32145087637751	2.447586320592254	2.4042366638659285
BGene_0492	0.9850332556075369	0.9150856915791107	0.9077435162676896	0.9651043277777953	0.9988071127323187	0.9688026347736008	0.8806639182933891	0.9204704792466121	0.896800683128981	1.017943603028181	0.9514164917587735	0.9315362553404613	0.9234335598934371	0.8863907147499376	0.9624902580430881	0.911647693185079	0.9090632364211454	0.9413238531857869	0.9909550202554587	0.8708002941761149	0.8740061429725691	0.9544295082062036	1.005722226589297	0.9979529922269103	0.9954394425250732	0.9290951897595786	0.9027907773098625	0.9302970622576666	0.930949107422996	0.9618339397975109	0.9441343969137699	0.9360451060089491	0.9594888303632712	1.0058689525005284	0.9512704265528449	0.9691731617522843	0.9125668875567373	0.9145405003831368	0.9297774054786114	0.9467444384073758	1.0102367328228399	0.9703680837517393	0.8961915034580381	0.9185134386350399	0.9706262758400154	0.9336598311913517	0.9216704956888415	0.9291756884687489	0.9796745300416717	0.941035899128217
BGene_0493	0.6203029831021275	0.5751754005111822	0.5686545834253801	0.3467901094740361	0.7542127362287121	0.2625408731270118	0.5732992870099953	0.5737490575425801	0.6779563353403368	0.6100303286753732	0.3648097595545628	0.30717476905263846	0.3583321836588092	0.4488333299706804	0.3378309233791791	0.36874028574278866	0.21479675619573022	0.3603490390373199	0.6104704295988509	0.32234738140380703	0.4275049811661745	0.5099783463961548	0.5331502161041961	0.41451394813282	0.3283662587334205	0.5909378622296675	0.4960732778799208	0.3841628250399451	0.5432897436599551	0.687416668126788	0.7693447836506957	0.3350059874649762	0.23670540500595677	0.5464720043414406	0.3357605785234203	0.6547217786160713	0.44144134883910335	0.18614660791962376	0.4968312369365993	0.45565142746323056	0.3618813351425558	0.5144204031799444	0.36764998705227464	0.37004095173083146	0.41005143801518285	0.2786741725923001	0.35408108193681265	0.3462318608091515	0.5483879069037998	0.5005877441596756
BGene_0494	0.9940006812688157	0.983031521167751	1.0010948177763308	0.8860528811553376	1.0353707222185218	0.809785463563334	0.9262911354699581	0.9547261217415083	0.9856960383973375	0.9554203009774075	0.8477925196177705	0.9171349393822581	0.8706141923324133	0.9073319952800062	0.9315535317218187	0.9063166699236951	0.9065543577961119	0.9296883987974802	0.9777340800423572	0.9261015025788011	0.9128073743265392	0.9323814006174186	0.8970811665674793	0.8744717974798759	0.8760349851506777	1.0167914466442696	0.9346833249016185	0.9312397427891814	0.9660738572352204	1.0010124223950592	1.0452831011766754	0.8820042795556005	0.7693311850312754	0.9593187424753105	0.9085854048651579	1.014445037276638	0.8615139008000807	0.933088022499	0.9828431948591327	0.9128773202915139	0.937447066103963	0.9850909663320403	0.9063504384954953	0.888106499406363	0.8636517502744169	0.8978451176065603	0.9424517535693222	0.8676282913350444	0.915311645122244	0.8974223020213256
BGene_0495	2.424804392501632	2.3611035946750767	2.2880845336245823	2.295679113301875	2.44307928129421	2.3082498148264716	2.3575570248642688	2.4050171349178227	2.384055073583832	2.3462844340454465	2.2911607694962037	2.311948510795486	2.3278111595090953	2.3349770894617383	2.3171758490541023	2.29169105861616	2.3175353413292745	2.349082947269116	2.3590824658747835	2.309091303503541	2.3065997805874914	2.322098537348085	2.2932235919404023	2.2879753943311236	2.311534542582746	2.3888389229618094	2.3205735289592506	2.3370553789701694	2.298270926321372	2.38858431493116	2.4137281897987846	2.3230772938470214	2.303054417942582	2.341206561285597	2.295876651771413	2.409465185545556	2.274793166398923	2.285701394146595	2.3675335900132497	2.3533319365800245	2.3338549540476854	2.3930077580755307	2.305999645125006	2.2845441689568715	2.3477706504456655	2.282970305810115	2.320116661759005	2.341794292264455	2.3842593577486304	2.3198944801740025
BGene_0496	1.6049036659661695	1.5798004699368493	1.544645308179133	1.4856673369769893	1.6864471915099253	1.4956189789126413	1.6019510355450073	1.586374621404307	1.644571877887647	1.6129924163602751	1.543044409377077	1.5072016568513409	1.543977936631824	1.5532192218169971	1.5580715931214568	1.527803904722756	1.5601738248024033	1.5448961620461588	1.6054604391142764	1.538915460425756	1.5010952374827613	1.5970833185359627	1.5764279510303794	1.5633948506883162	1.4992013484479025	1.6019824402849976	1.5747803054751892	1.5149820273170644	1.5378587045204903	1.6736166616982713	1.6620067443842277	1.4918907260245087	1.5274264980155474	1.531142235918803	1.5537028455212518	1.620348104258814	1.5340039639137741	1.4864636992634932	1.6042817216622283	1.5472317506586772	1.5767276950990659	1.5665652365717107	1.5220911175581486	1.5047886506652377	1.5158361864115286	1.511885034156941	1.4493546747319317	1.5064451820051477	1.5861624591150014	1.5565815726761658
BGene_0497	1.7142432040377502	1.6618283687932127	1.6748703742507516	1.656125201441326	1.7563675971942554	1.6405096911871948	1.7420386995541481	1.697287525527952	1.7077660821603968	1.6990646651574097	1.633783387569981	1.5964519588139996	1.6777173867783262	1.674570755944789	1.7013432211839534	1.6458654309762468	1.6068423960911307	1.6868826952590692	1.6946230335099264	1.6292980521233393	1.6720778024563954	1.662351386174872	1.6472086728158988	1.6750653875279546	1.6236721744883227	1.6864887090497864	1.6325633495011034	1.6841401005727643	1.634646209373688	1.7024700949975808	1.7528525930238548	1.6296349112257293	1.610589695447907	1.6965802433322583	1.6447774413314622	1.6886099063579012	1.6672153813167856	1.6777705595283312	1.7022024559191187	1.6471680948626908	1.685580610351292	1.6869144222482748	1.670926957996914	1.637567568733466	1.6410529962374953	1.6259589157808871	1.613021100280561	1.6313366938187002	1.6993842136526376	1.6375354742990298
BGene_0498	2.7022819067015478	2.6908022424253693	2.6142852766394125	2.5980379202814876	2.7404053560488393	2.6622730971602153	2.6726071188191383	2.656230506455181	2.711856500519738	2.696826701210963	2.6779238470562436	2.6782678219673084	2.671751043932706	2.6612630920413394	2.61561036687433	2.632697468749429	2.6404381691158174	2.6677427353935967	2.6530696602466106	2.620831041254606	2.6895751942913875	2.6661712775140813	2.670813053327952	2.6907151571445054	2.6486227319973046	2.6669378736463196	2.6542178607930436	2.6623194965831756	2.649298418833518	2.712783913898768	2.7533764587158758	2.6241389724063295	2.658964368496143	2.665582433111449	2.647959806229642	2.6391938107454043	2.6665111420327374	2.649888848635804	2.619223948922138	2.6642840446155134	2.612286757566764	2.709126170880487	2.617444047876027	2.6295923616430144	2.6660012305834844	2.6401956375808466	2.624650820755668	2.6368859887228244	2.6656909976653473	2.6442127372025905
BGene_0499	1.7749493564427365	1.749229664838287	1.747246138147487	1.6405557621339855	1.8864316079975447	1.6250673409658243	1.7135449496185449	1.7218682384907515	1.8391268167293002	1.7784181163435164	1.6315348369826164	1.6505101037588823	1.7020712730786283	1.7052028732241047	1.6866779430257464	1.668373991729963	1.5994166952029616	1.655533571959818	1.7511425046932496	1.6354718634085528	1.7085458070411275	1.724462413043569	1.7378539196386595	1.71284252121193	1.5662761379964676	1.787622784595332	1.6460616768110738	1.7223718024364798	1.694497075635035	1.7980279272715076	1.82546879958488	1.644648863089203	1.636179506971474	1.7028439004387492	1.639531959955091	1.8055425379237553	1.653764913556082	1.6377244223079883	1.7087343913307738	1.7171097056241669	1.649524924600369	1.7378682417644291	1.6485205802393674	1.6047561336676204	1.6665529117052087	1.6533801928810663	1.6359692242229869	1.6416494617264885	1.7148031441790588	1.695627334397606
BGene_0500	3.279360449093761	3.2942197184038156	3.2823194434333627	3.315040459167057	3.2610526973216474	3.2923384099706174	3.2453464919763855	3.2759565395612373	3.248750364481952	3.2905149809936267	3.278283838074226	3.292077076284546	3.270041054695588	3.29027105751063	3.2815247326138035	3.30785341606849	3.3022669712938884	3.29723349275988	3.2978940620285346	3.2934026683993305	3.286366272506299	3.3046770193773956	3.2628466745368945	3.3098618081525135	3.2964160358977694	3.279884034754556	3.3560461836178033	3.3194496934444935	3.283206441674231	3.2778856837597914	3.301455694707601	3.283445824352116	3.2459695943047064	3.320541549933379	3.2927713561276684	3.317359122272765	3.274645189570116	3.2752126968663595	3.2824898878085293	3.2991907495754074	3.2790354917574356	3.298517841118296	3.2588556537042277	3.2964104282346254	3.2681770894886193	3.317477990707965	3.3002698581616716	3.2612292827843037	3.277412268238097	3.3061573788892713
BGene_0501	2.7025281967266603	2.7228598919056077	2.6909880661005383	2.763905379733592	2.693056507735854	2.748991017566012	2.757084633835903	2.7360643695586595	2.6971632637801997	2.7264752571491004	2.7006336379597675	2.7092657678028704	2.726404153989412	2.681914894096387	2.686796235430549	2.7429834926195062	2.7222328662564923	2.706105495698936	2.696791804335959	2.7043947532111234	2.683208128183409	2.7439365849388904	2.7116723024848235	2.733126849663051	2.710129681128969	2.7227801844765547	2.7671305993462703	2.6928044777147635	2.715326772480816	2.7038975045217626	2.710713719631547	2.7061665817970657	2.6924243437848983	2.693575318986739	2.6956694366140814	2.7396543240563553	2.75969076082659	2.7204725690656555	2.695798469000035	2.69231510926612	2.7418748459358864	2.706268522611132	2.7059495828395517	2.7417478236709742	2.714467508234288	2.695209677057493	2.720650698372049	2.711636595249943	2.707908985011214	2.7223331304766893
BGene_0502	1.8610506110133398	1.863596502970424	1.8670427193659762	1.9066814799805056	1.9238598263558424	1.8887014845592385	1.8610743924432587	1.8940328046738288	1.8708766364382599	1.9114855748929802	1.8867822861358494	1.8850921653622583	1.9257658177201	1.8981918648489895	1.8563418626812547	1.8845907580195345	1.9049476286492724	1.826991343807098	1.9084760156951124	1.922856811457984	1.867722540200161	1.9296872260682731	1.897948383504653	1.9798212830081872	1.9254401490410649	1.8693128556847518	1.9706426314836893	1.8993792424862694	1.9414691083687927	1.8741768202571822	1.9169584949742047	1.86157987062008	1.8826001390024356	1.9808423403435762	1.8974702271887476	1.900182855151162	1.9349463040621055	1.8471731900694346	1.874316328083224	1.8957156886908815	1.8892129318545579	1.913256622293328	1.9113300791069021	1.883268988213235	1.8620660399376927	1.8991925958930609	1.8807969382555352	1.8786182551499113	1.923992070875037	1.9162457004074527
BGene_0503	-2.444310434073822	-2.9546454690170862	-4.342154401237875	-1.60517389998318	-2.93607716788482	-2.725704080536305	-3.0120054080082963	-2.551085251349917	-3.010680049524657	-2.351534928427739	-2.291896742164225	-2.3574453927838905	-2.7858140840311667	-2.824061964539594	-3.362318241395246	-3.1530431103452554	-2.026747250005405	-2.8085251605113344	-2.9914593355952817	-2.2654055716570927	-3.582530932213924	-2.5764887011931172	-3.3473925488793386	-1.740268101682071	-1.83085052141012	-2.3467227138233047	-1.0543470839251574	-1.8601861362926702	-2.443754678539778	-2.9918481423419605	-3.330052559384007	-2.683813626753651	-2.98796230643573	-0.8754806725302736	-2.2882501346034463	-1.2582642846302512	-2.3593266822284984	-2.3584852120978232	-2.833166735456324	-2.3671596302078437	-2.9763831926021176	-1.5609339273314498	-2.9716270786718093	-2.1369579559571488	-2.927977252914245	-2.2420998262501715	-2.525153459707588	-2.9961188900675575	-2.241864618856662	-2.246435380251484
BGene_0504	3.120661244400498	3.1458461653233045	3.0912558948739224	3.1717870014501153	3.10656731553683	3.0793236522648666	3.115774691564214	3.118696077948949	3.0967015102953206	3.1038175996398034	3.119364334092332	3.151490750582113	3.1291119959920985	3.100977500251633	3.1024124881781137	3.108845317649314	3.13669230711089	3.1124484326248947	3.1074055902720694	3.16227637841571	3.135599121452752	3.1667276262297266	3.110662648995944	3.1556084414084724	3.157682647529856	3.094659888334434	3.24964496948468	3.139937802181995	3.1440893506944168	3.1255437652562112	3.0936119961343165	3.116343690022157	3.1064558652316947	3.2278784424404736	3.1480783652381774	3.2179408213635914	3.084337768378661	3.098348073640795	3.1200822671674304	3.1757001891583316	3.1476749937400985	3.178528918001164	3.0956804991684375	3.154608332343399	3.122514108322651	3.1545419606185803	3.1492418058461094	3.1026045828631847	3.1064160893490897	3.145405669593563
BGene_0505	1.4221081401565177	1.3975883191416354	1.3718183672814357	1.5219103890156191	1.4322815246616005	1.3814620516764613	1.3675366596174392	1.3940667075465036	1.3628309681435935	1.4707293977148053	1.4536679131026158	1.4220041161503636	1.4076452105250403	1.353505781387463	1.40475317662823	1.3546157119294842	1.467563408806745	1.3906015743602869	1.3848666229200137	1.4364249438119971	1.3801932034738553	1.5078076506056088	1.3608326778749955	1.5611144675123714	1.5315793383318579	1.4235045273836346	1.6531876792482814	1.5185793924597442	1.4772382712508696	1.3936558956900522	1.4148480730233923	1.3711318415222404	1.434057561938776	1.6460323241879984	1.462798458657224	1.5744606601703586	1.439285218364553	1.350093277709211	1.381781107862263	1.4173336837887367	1.4137011751482	1.5602207087114206	1.3666727358370874	1.4990720990932678	1.350955944239473	1.41091780536507	1.4492025858307678	1.4171724189966173	1.4277297463618108	1.472952998440641
BGene_0506	0.6653547769798446	0.6964910398572253	0.6193895563938331	0.9000767924882619	0.7357918311879932	0.5483890076317938	0.6487743472753108	0.6363997094455629	0.6235169470399873	0.7608918142844503	0.6541716671012088	0.7746826829217591	0.6283640909760877	0.6466691660823459	0.5892073246245951	0.600004760436226	0.8220715840238643	0.5861628830559026	0.6329076879554991	0.754307866660521	0.5129088326118025	0.7568271594133665	0.576401860972555	1.0026191230951862	0.9525673560139689	0.7031741266870455	1.1738662911105813	0.8246949845182494	0.7189738767413248	0.6070808056377877	0.6712330211471595	0.636146613940914	0.5809898963791537	1.2838539437649525	0.8087506196119761	1.076320993035261	0.6538546963677045	0.6206478626593427	0.6259738271344996	0.7684108880804308	0.6592223819925531	0.9475263375990212	0.6280590241744144	0.7207325727452037	0.6278103077377039	0.7660296290579113	0.6292070354923617	0.6438164201057563	0.7506017038488426	0.809800920125091
BGene_0507	-0.17744777909075393	-0.01790151320612198	-0.26460786589927093	0.32464053645038404	-0.011339638369170202	-0.2293448093443211	-0.3007509562858492	-0.06202734516277866	-0.18729972266784228	-0.06751866652505899	-0.13146095578224157	-0.0007666976829581465	-0.18407654021021289	-0.17045641202777795	-0.2537826460212465	-0.2983659169071564	-0.14187581509400446	-0.3554853766203747	-0.20159503135471432	-0.10586044913099817	-0.2930732871943422	0.01740622502445861	-0.26750783110343895	0.30466651696784725	0.28616516665030095	-0.1036610148734507	0.6116804205635503	0.12452366658436677	0.024649301214424667	-0.1758968000775783	-0.20315023965805426	-0.18775135485042366	-0.28592951216119844	0.8065165601474343	0.038813294837516374	0.49434097894389556	-0.17857087618825937	-0.2516987139688994	-0.234514132395675	0.035020347157580345	-0.18866053609575878	0.2967359498445857	-0.3608257983397692	0.0743030323086869	-0.19229050248420132	-0.11119967635232207	-0.1233341824342369	-0.21592961908583952	-0.056044300651501615	0.12114689821234724
BGene_0508	1.5735817373994985	1.5542637698699948	1.5496004325203867	1.6747449944634403	1.596752159944789	1.554692220647046	1.5744965016691175	1.5552335794584211	1.56769924423263	1.6093907826419551	1.6059262934350642	1.6263791939404855	1.5746249639842098	1.558702705292118	1.521743372796252	1.5153635073659562	1.65097726619844	1.5551678485790918	1.5410613711259102	1.622109519438751	1.5513393753957618	1.5908944636300513	1.5530335850795316	1.7062459198793916	1.71305388401605	1.5745428081522395	1.8211483518941851	1.692946554172899	1.5901245268900825	1.5328678952208088	1.564623881099899	1.535184720201113	1.5195160959077358	1.928206158593368	1.5781498945978212	1.7552589070282067	1.5599771657712647	1.541931383679357	1.5671884291525486	1.5868191464242625	1.5292544064353215	1.6963024664237312	1.5632974073629315	1.6121884401831597	1.5897310291700988	1.6221867556437524	1.5559253046116823	1.5773882744712127	1.5695560789334093	1.6158698911481721
BGene_0509	2.9340621108703275	2.921007126100589	2.952891405258095	2.966256554197841	2.9427754303833513	2.9759262440346315	2.97453690327724	2.950250830792166	2.9528038202827496	2.985119938353706	2.9572992524152997	2.9477075169685625	2.966102006364746	2.925284177166544	2.9119690772306237	2.977461765678995	2.955649386067068	2.95484753886475	2.9408711639516087	3.0158488104182584	2.9463185780698207	2.960050303071405	2.946596515787355	2.969387853576437	2.990869396745647	2.946548662246027	3.004019095084507	2.9683252298748104	2.9858579420608153	2.9114780312057276	2.9559041984172825	2.953804165666664	2.930742216393514	3.028371136360385	2.9510661541721293	2.969485949733037	2.974192171824535	2.9712611983108586	2.9264364867776447	2.9468423294140282	2.941950612191641	3.0044732017436693	2.914344088751116	2.956377160227346	2.9442450176273995	2.9889530088327114	2.91868260074243	2.98596381162059	2.9769212804029994	2.955208742412683
BGene_0510	-0.44912539593978246	-0.45511623027868287	-0.6311775969573745	0.1610833819229121	-0.3512978755277154	-0.7454123655513716	-0.682108099418263	-0.5564014321891062	-0.6975505117078907	-0.347585465507524	-0.2713851831142648	-0.2884190757505276	-0.7879407735228324	-0.6722637403435263	-0.6871181165302112	-0.8150912763793409	-0.23716622013479355	-0.856889921958924	-0.7379375070662098	-0.34458929183179515	-0.6399045257156509	-0.3793598591667448	-0.6928268476433154	0.24446295516586997	0.03998389130685584	-0.45072691064643017	0.6159923386650652	-0.18581177653533493	-0.29104365682662686	-0.6663058199571299	-0.517072624983933	-0.5729670869219593	-0.6535572522012293	0.732618472118111	-0.17869660483156496	0.4253555530704632	-0.47601157029527086	-0.8321107514624295	-0.6487390827445433	-0.3573977555027192	-0.46534324717500875	0.14542595021975696	-0.7856520301276091	-0.21266844425685014	-0.6395268943981581	-0.5216767392351485	-0.4663119435851512	-0.5539352262201516	-0.3111947117117724	-0.1579259260217897
BGene_0511	1.95983886626936	1.9995334961026086	2.000544281807784	2.166231844638656	1.9986569662628209	1.9790070378400473	1.9725134823062171	2.0100091522941788	2.010097788352659	2.0243127102261322	2.0476759474199815	2.069038895489019	1.9202100671222457	1.9780732758252075	1.940826833113803	1.9445416785446357	1.995479131706787	1.9758610379171888	1.982804885588207	2.003291006448413	1.9623719613644672	1.9886297969260371	1.9486903293132456	2.1589757809593197	2.143602803900012	1.973997188056199	2.2821923749115873	2.0801401615388246	2.0899118095186306	1.961423055207967	1.9971712306546359	1.9996761117552648	1.9520692042924905	2.355367170501602	2.0386130657084442	2.2242447662497478	1.9887815128428865	2.0050479962713528	1.9931904182942475	2.0214341645215907	2.055613504744678	2.1627647300035777	1.9572763836421045	2.080540050867671	1.9464363482577691	2.0411525890560305	1.9827240148479728	1.984713868882195	2.0194262877787454	2.062422808435749
BGene_0512	1.1848970029309969	1.1718482912984534	1.1739093347629224	1.3281003629394446	1.1516508892999981	1.0750359175984459	1.172298390941838	1.1195790664410206	1.1585777708350562	1.2059572836618004	1.2171163957686038	1.1721316115394251	1.066784686798917	1.152651324330577	1.1558431567534064	1.0673198673769555	1.2173173959658146	1.1395382404819707	1.1457290808952958	1.1603649816253299	1.1483789366549095	1.1900214919432037	1.1753180903537095	1.3465279734585505	1.27737018234604	1.2255451008908231	1.469678721211196	1.1843846999681238	1.2479608250636998	1.1480393965283966	1.1589629146517173	1.1499490304402127	1.1607067595162288	1.4879147156157486	1.2292996237737437	1.3517133093901224	1.18817185787756	1.1063034881434928	1.1744736813451915	1.193496073635278	1.1966173197809606	1.3222190142632617	1.132015992349914	1.2748011407759838	1.1401149804239703	1.1645871633616578	1.1889986071421776	1.1843353436348387	1.2030497569125473	1.2401794825183678
BGene_0513	1.8398756980706468	1.8329697723914893	1.8509571596774883	1.8629052370114971	1.8261664067281398	1.7751573699765868	1.808927483558693	1.8061368436137983	1.820842085221796	1.8599823597244867	1.8625275894509383	1.8597647722143877	1.790872979498758	1.858090609156136	1.7835675808912144	1.7881175634464719	1.8553994634834774	1.8320481994362359	1.8316960171816965	1.8460142091630654	1.8209999209559031	1.8397686110179794	1.83033059653325	1.930180832386014	1.901928678868207	1.8685632506122234	1.9594557738303273	1.878118549772383	1.8056548742081755	1.8131641810016506	1.8188364742693033	1.8051453111759352	1.789874541406042	1.9795365445872357	1.8912935142233818	1.9617065059126573	1.8415626009238124	1.8367991496273632	1.8247489676266564	1.8233748267235763	1.809796936813803	1.9214960272524892	1.8015965886003158	1.840615713612702	1.8003305024220164	1.8235792959032657	1.8093202761167735	1.8222159667697482	1.8415817817432754	1.8826330331871324
BGene_0514	1.5653814141159137	1.5896288849282267	1.5874055039711918	1.6876344500822558	1.6158097322993024	1.5616991592409535	1.5592463042592881	1.5588048116952056	1.5229077171842575	1.657139806539826	1.5437220872078816	1.6141021079514073	1.573422872876854	1.563156882208307	1.6068620382874843	1.5351284584472649	1.656580822322236	1.5790441033723732	1.5751902115974745	1.6299485453544738	1.6046343897781923	1.5976776976321752	1.5544450326985468	1.6440878673602615	1.6507301251933932	1.520972551830331	1.7486258061173126	1.633168200219013	1.5665773938106773	1.5525374635038873	1.5778881821719057	1.5699709155274728	1.5500974042662352	1.805432921203027	1.607144211436337	1.7304713263408302	1.600847692268704	1.5474477622559513	1.5580594753350112	1.6097943555026633	1.5893858614650207	1.7148588430724432	1.5797515537403948	1.6371263735939767	1.5613688140429092	1.5762194465036632	1.5345798979033676	1.6020711507258798	1.6267876645012496	1.632433695264091
BGene_0515	1.946410632766203	1.9219790891444615	1.8351966426761288	1.9174059000238648	1.9321983352415977	1.878396441209759	1.8808695650340777	1.8836761702929437	1.8687740964642279	1.9024567731494244	1.9468088753324846	1.9103285803510324	1.8845076568973869	1.881932172639184	1.8449504779994788	1.864971130849962	1.9539306303206057	1.8587367445174865	1.9245565256163772	1.947865000242264	1.9069412808313437	1.9231056524215158	1.867446500385204	1.964171792345772	1.9682375728543169	1.857524143497937	1.994762680620428	1.87910622161014	1.8862758662418533	1.8518814364679916	1.9053867729449017	1.9108575232724385	1.8685314511379512	2.0999622451133346	1.9395513294411026	1.9728059514251954	1.9383983409642123	1.8882681203583256	1.8520105972466532	1.9450842937549675	1.8763188698671684	1.9680239062559182	1.8749714560583406	1.9096001669120881	1.799521436920245	1.892593162552903	1.8237693863784479	1.8646061362558823	1.9096252610689934	1.9295198836939385
BGene_0516	2.3254760767122074	2.350568465725656	2.3193599019852336	2.4606675819848713	2.3286249201172358	2.286055062232047	2.3336817480719017	2.3413978062415377	2.3268651216926797	2.339365353778279	2.415113719409635	2.3947316156814415	2.3514077816055163	2.3181179187167618	2.2982257680388485	2.2960635121264548	2.3658145042685663	2.2697983560620614	2.326728146479252	2.3293946665579184	2.3067740635872998	2.3552498375297746	2.297738855364442	2.444664918053384	2.423368678497379	2.3200746649473833	2.55559832328395	2.3753631671793265	2.3500400876762986	2.259169755463047	2.3282736823557104	2.323804192797381	2.323396283540036	2.5523004367921023	2.3207385383037153	2.490496495331086	2.3457811038639003	2.272023085421837	2.302617410313304	2.341507262376513	2.311731193213055	2.4011994562414274	2.3035802268818664	2.354841243716155	2.29135031881366	2.322445897168862	2.369313121248757	2.348805679524467	2.3281395401354135	2.4125968131517848
BGene_0517	1.4563763488915993	1.4540611552515101	1.4361109105273449	1.6378718174012663	1.4810375518904646	1.3984997931925043	1.4286075143336252	1.4596761650987138	1.4320026104021477	1.5301124725390263	1.5705216013905468	1.5179247173001953	1.4015249515366335	1.4391020958640797	1.4336787903852533	1.4546771885106629	1.4856465114686463	1.3840488852338924	1.3988080065359545	1.5568295041176095	1.3757820866258872	1.4650863295960792	1.4741455364890792	1.7283127820662225	1.6679630011861915	1.4860002880657097	1.834384900408575	1.530005087914797	1.5079799804696319	1.442919054392994	1.4409151345560387	1.3765708606711762	1.4688816660531618	1.8908749154450006	1.444384331354834	1.7654558444549764	1.473206215151249	1.4015425255772915	1.4652492153258183	1.524235729030593	1.4499936809134093	1.6485052539881258	1.4503684426162367	1.572882149792532	1.4077741059912303	1.480067012518258	1.4209543897506611	1.4385216301190438	1.4945061438591456	1.564621306009683
BGene_0518	2.215330392444098	2.1833021846999494	2.1568852205374567	2.3126444965626525	2.1510369189330327	2.1455566941335285	2.159437825732056	2.192513733074965	2.137108489948326	2.232548341570663	2.2127955439138294	2.223733191332647	2.1096524208184366	2.1845360024114036	2.2059776846482304	2.15297048720126	2.2016726836044285	2.16218850675548	2.155180638763602	2.20903751325724	2.1429851540132163	2.1933151050536117	2.158688535315125	2.2791995900088855	2.2064722364299385	2.209032207951868	2.391777187747729	2.2430694907062745	2.2127147208914613	2.15049005321522	2.183735635692962	2.1474514856898637	2.1343160430961814	2.4142890505715937	2.23110697074461	2.337204578919559	2.142879742238923	2.147634074946955	2.1711578690561057	2.1778358191129477	2.1690287296597783	2.287835821784117	2.1323348293315867	2.1798795873667345	2.1604651654427136	2.175091001164434	2.154001001003639	2.206794371759035	2.190912309686931	2.2180840028903237
BGene_0519	1.3135241716414925	1.3220637629759413	1.1870566094777757	1.4131971104997292	1.2804219203823064	1.277526420174882	1.2585338495548848	1.3355190709681999	1.2378894928421533	1.3559401904399822	1.3039881413806393	1.3536778694345615	1.252731939806053	1.2356116565505908	1.2545260407853818	1.208137198981243	1.3816887089637209	1.2168382476543524	1.2931412617788771	1.3401518789528726	1.2260290404551617	1.312024962632671	1.2169951256045393	1.4290710377158748	1.4271995705664222	1.3552416386183872	1.580509160402397	1.384655057413147	1.3617571527767547	1.2360693197895747	1.2490160157617978	1.234798452177716	1.2463497287958174	1.6693853766203566	1.3104649839677822	1.5391087616615873	1.3378910264994692	1.2367784668877224	1.2124239529535321	1.3178655758550692	1.28173574394789	1.4700728297265464	1.2236961102048833	1.3229479752475295	1.227949613911538	1.3338065786573952	1.2795058670709605	1.2927653885673993	1.316289993634511	1.3461990305572624
BGene_0520	1.6057547582024756	1.6011418063476663	1.6199462195109218	1.7175478584185944	1.5574918931826038	1.569838340550975	1.6087864553784508	1.630281395006572	1.5918825232436162	1.619643503792868	1.6104416173120506	1.638152080880501	1.556668523510281	1.6048819329767632	1.6269475207143853	1.6111228865470735	1.6424248940077122	1.6196985360287266	1.5936857153923045	1.6265899399517523	1.5550017202204243	1.6054360059938044	1.5851382557772933	1.6802554808592631	1.6433528626610965	1.6249481987050043	1.7464105602966262	1.6832119879678131	1.5888466458335675	1.5701560414498974	1.620882337241593	1.6077447527436557	1.6195225635524593	1.7734979422045107	1.5905283594908772	1.6950373811779265	1.6282670582957195	1.6783032123104575	1.558903131197418	1.6003519058618718	1.5763418751774592	1.720564492742089	1.5800250419421025	1.616480725567834	1.5692114070005956	1.625756273036086	1.5758654026257712	1.5738287270858744	1.5935128053749041	1.5784440077339443
BGene_0521	2.8567920575089523	2.836394955208382	2.858820094233167	2.908022523131091	2.8937548838995095	2.841139068480471	2.8383485981401178	2.8334839333641764	2.8615728859212073	2.8680312159602943	2.8496716840207528	2.871882895115922	2.8328616081241584	2.8391988888973914	2.7911286992998603	2.830617052397016	2.834690593025254	2.8651968117497337	2.8749006003332234	2.902123450975582	2.878555298462615	2.8942543892685344	2.857729078236299	2.8844530989898387	2.872909239257516	2.855703247982685	2.9423888332537182	2.8648607233319563	2.8345420674030963	2.8383575762344657	2.8941909121514033	2.8540614065374452	2.841411370228737	2.9478392630798016	2.885221881573917	2.890270182019416	2.855290540532932	2.8607798196686227	2.8582675696663746	2.856367867224978	2.882547610019032	2.862854798995781	2.813606644208504	2.8485267784210997	2.8699213411474727	2.826220136094172	2.840831379383311	2.8400156141290456	2.8281487913868264	2.855335673220346
BGene_0522	1.639360669105095	1.6059437474490064	1.6313527394083944	1.658205484220587	1.6358343742667423	1.5883750041187643	1.6257732042020894	1.605727050413226	1.590075603581541	1.577271816104573	1.6177367080054486	1.6104076525364026	1.6053516133197412	1.5850556124600865	1.5575236181846195	1.5744755596321587	1.6230395329395433	1.5965700669748684	1.5749513122247538	1.654812239921748	1.5946059895989397	1.6286811011108173	1.5803604222063803	1.6319627014488378	1.6500502743991432	1.5813635047349635	1.7415682224338207	1.6823193156566658	1.5682196720462864	1.560405580180787	1.6128550034796987	1.5470063759124026	1.5680868624774618	1.7514931123347162	1.6279669223465405	1.69611548314781	1.6075742151831065	1.548732759843565	1.6319066681698216	1.6193293817078924	1.5459950248655352	1.673872243240092	1.5279681274258345	1.6045480843467042	1.5615653154800573	1.5876623160974337	1.605053875650255	1.6197838434678382	1.603984235911592	1.651223989355619
BGene_0523	2.6903489053296585	2.726951404355322	2.6896466511472106	2.7357542936272408	2.733290311116809	2.7446411609166823	2.67428567953872	2.7446966954661365	2.704233115931081	2.6895079328633393	2.6926409486643803	2.713560257204904	2.7198015382591647	2.7132707185700764	2.737142427208167	2.699615614886533	2.6944914234805935	2.714421047547567	2.673995996179427	2.70532159907459	2.704946593380546	2.691662616125436	2.6788937655832195	2.731778100437423	2.750297235124628	2.729731953064145	2.7686918523328616	2.729827272003359	2.6947847123310775	2.6951477855828867	2.7344054744970645	2.7380372974802722	2.6887240157313093	2.778243503039202	2.7032517571024464	2.7616386658714327	2.704686710280602	2.6965559204091574	2.703142625610544	2.701690230246726	2.7186508797748923	2.7261939752651747	2.7547965572760593	2.7196492464064024	2.6986161570168536	2.7425181973706807	2.711733853976113	2.687270568233544	2.7414781817439398	2.7365752296277606
BGene_0524	2.407876637540126	2.3732958226398577	2.404527034897362	2.3386497390738237	2.375687744885819	2.303185963898466	2.391411230332963	2.3451664218634543	2.3389458537134566	2.309777275806516	2.332317025369933	2.3674127345120644	2.39696879699909	2.31051284064766	2.3679718073984697	2.3887973666536886	2.373354930358095	2.360802101165073	2.4024813492131147	2.38376799599745	2.373621062538868	2.3193761481571933	2.3734107408493883	2.3357220577404463	2.3054308771702483	2.3876924126324948	2.385154381299417	2.3688868941016743	2.312179249628797	2.28175644795441	2.378013366808503	2.318343922233398	2.3708620185696994	2.325449082267807	2.3541964798538197	2.275272487720654	2.3690812171321776	2.3263663435526425	2.363389644388957	2.3216159064456194	2.3342294057960697	2.3308198896167482	2.3516408197242553	2.406738509990437	2.3720397845315797	2.3582610234258	2.4623366068455574	2.4004821456216594	2.386908953206425	2.3843515340278674
BGene_0525	2.440398218793925	2.3298056051247897	2.286902189750427	2.257784229198073	2.267169968869793	2.264360962007672	2.3083237185497905	2.3236252422661217	2.2238176596751296	2.338923071619543	2.2531793978681667	2.2596772970924794	2.4377147626605824	2.248421887218498	2.2797410209942477	2.29067964435152	2.2299006107713644	2.347950678509126	2.3966888563572244	2.203327452568758	2.288400710245974	2.2996081354120834	2.429296481660894	2.2932462686589083	2.301421275052015	2.3486655095151345	2.265884321332095	2.3637952876653565	2.3191892868433617	2.252751562790933	2.3303268033902422	2.234826551359542	2.306955435458543	2.274231200389941	2.2602772570156056	2.249303868039951	2.3230079272085153	2.23382275173171	2.237530159426625	2.26556928758854	2.2344914071853936	2.282216238783556	2.3276731670566453	2.3431012859168785	2.2953063098720277	2.262570906731965	2.4569480700585467	2.338328963388581	2.3752022908610058	2.3546566003684606
BGene_0526	2.3734720467861723	2.25275038729447	2.202053105536491	2.1886190540537305	2.2161012191768488	2.241217746427505	2.2424234332929784	2.2201541366336763	2.2358867703912324	2.2913314814342924	2.2382931802881414	2.220514414383531	2.352706703703033	2.2413347276275006	2.2488332522751744	2.2440266332514183	2.2444037646799857	2.311600252144618	2.3351785565168814	2.2231447174409595	2.2738281959308684	2.242355846223242	2.348215240685485	2.2496051239295407	2.2413273677006704	2.268849534818022	2.2238791792981356	2.2787107163267053	2.2465862182403242	2.2273063693913593	2.265031962830375	2.2293904449699773	2.2669272710523605	2.271292454587469	2.202332254601883	2.1816612554611745	2.2675987980848533	2.239816703311185	2.2257907417498624	2.2079230042684204	2.261630856752628	2.205998791386748	2.3085432045702547	2.3185887416800646	2.256986344038026	2.263473930353352	2.352341614533165	2.3380147140324925	2.297903082641084	2.267871112967407
BGene_0527	0.7902869909535356	0.4182564310815662	0.379174434530924	0.16823622082131104	0.2949374129907926	0.25381467720756334	0.30790881162208816	0.37181976047738713	0.19264305369607423	0.3537710935825696	0.3867497038805056	0.2649906204508942	0.7777706319817104	0.1866011710759343	0.44456013536464045	0.4856100799601837	0.2057096426813115	0.4579104139087967	0.7010050674797241	0.2844459307382665	0.40426507883101864	0.4506036595184595	0.6781305672862188	0.2978822645642591	0.3995347050606715	0.5609399971493891	0.34621965520843734	0.5495222197456352	0.45259574857290724	0.16185730337119766	0.4166675996058542	0.2085507594809107	0.3919043951322318	0.3655125994815204	0.27656203401729224	0.21599354339240537	0.35136478531971826	0.3104656629979041	0.27936729053270826	0.2235969969573799	0.3347808505818031	0.20699392127148872	0.3810397912339479	0.5107371296208062	0.2474231099985562	0.45258689607991015	0.9510835153534911	0.6162913339323276	0.6601750101588857	0.36574677410785883
BGene_0528	1.8186238646596742	1.6725019417418663	1.6809979594471194	1.6179570378361163	1.6969109896844767	1.6478366385405483	1.6850618190010112	1.6592736704882551	1.6656061355838758	1.656346656888295	1.6581436027469487	1.6429310588719923	1.7729378949786245	1.6425286236152667	1.7282158365992226	1.7554521246370018	1.6670652741228005	1.6954053095460728	1.7444574509052015	1.6655506583132638	1.6838090827093046	1.6904203762649748	1.775366881571634	1.658286751625392	1.6594821873996959	1.73386462112781	1.647719830888816	1.7151815320866117	1.6489738239866518	1.6296783764525813	1.6898749608177954	1.674082463883442	1.6662077048946908	1.6650160751619905	1.6440363819045776	1.6844858764936703	1.6576402742170693	1.6985312464995157	1.7175353152551032	1.6253575111862464	1.6378333700907666	1.615914646098702	1.6599240976987166	1.6707122465940836	1.6350973365127934	1.6710907911824864	1.7729716618303306	1.7320894090104921	1.7735823013473728	1.7106380874726241
BGene_0529	1.3433701165508571	1.275881199756842	1.3077467258811961	1.2426716938908025	1.300417495048829	1.3212599914654455	1.2864793523420563	1.3360533923557156	1.3269270005102756	1.3377760079815333	1.2972183823316108	1.300343941739371	1.3693393323267034	1.2704871115968284	1.2819620595654766	1.3624025964942075	1.3044731383640742	1.308256968390958	1.3190329275512755	1.286451266933454	1.2604299616936845	1.3075222130403201	1.3832748113836943	1.347775988914401	1.3175064272763526	1.3293073990377362	1.2998665157113254	1.3380313936318242	1.3201355975494018	1.2395896652217648	1.310652207700741	1.2815925136668567	1.3098758841105163	1.3274919050813259	1.200276986013505	1.3170887182072781	1.3342441078053222	1.2629567645457314	1.3459739541000153	1.321930069436447	1.240237205366401	1.2663793714037934	1.3429498470925187	1.3351697664295048	1.31119736892028	1.290244517369587	1.3967257425126287	1.3376053746460645	1.3284195579471028	1.2944245634958074
BGene_0530	0.3951408689314112	-0.05402543202344965	-0.09758867733157561	-0.15990945040460713	-0.12407638635259989	-0.30165349575273825	-0.05675135457970013	-0.01795656632880676	-0.19926355211874303	-0.013467290391057747	0.03336457451260744	-0.2031699798283905	0.3148438213558922	-0.20655332423403797	-0.03586428544776541	0.1040978864609993	-0.2142114757889222	0.06366610126268224	0.2487166843364732	-0.16464632223999198	-0.05386305486490954	0.07165894899166697	0.35024342452484797	0.01577706520341847	0.036528316601498224	0.16618422533832852	-0.011688203754933173	0.07825543504041706	0.11451664676080092	-0.20710693499399746	-0.052152487634219646	-0.3120854115563871	0.03007330804594719	0.02643975499497922	-0.1834739163044894	-0.10400880869066513	-0.030854961639296186	-0.22976165026772363	-0.07082666387816568	-0.20593161313044775	-0.05782019312904938	-0.13403822334488075	0.04823524253274832	0.1738233821176313	-0.1927777152508034	-0.02220329266304808	0.532602049496311	0.1599647468828948	0.26215137463482807	-0.028451022120999134
BGene_0531	-0.6788017026157422	-1.3164569510482356	-1.1887525090856306	-1.5499399867251928	-1.3801312340281537	-1.804167859221877	-1.5301961517239442	-1.3881389051744568	-1.5054265307708796	-1.264931864150532	-1.6587420219834035	-1.7870795904591408	-0.9592206621700468	-1.4780456469770156	-1.2965610938947518	-1.418970981887005	-1.6239152537879378	-1.1220115948270013	-0.8752848429578199	-1.4216046521185157	-1.2792942274384447	-1.1746088528367498	-0.9156309858368434	-1.5663954457170435	-1.3397220963431313	-1.2193287324445514	-1.30841210896021	-1.113362980807961	-1.234489660202001	-1.5880202925795444	-1.227304794552696	-1.8386507131266812	-1.3020420705544649	-1.4623088971864857	-1.5698752032158914	-1.6186259437027373	-1.6167566058107559	-1.3543376594994658	-1.5607883572508423	-1.9073474859807114	-1.6374281989630228	-1.6012365506621447	-1.3202808284810021	-1.0425675631330136	-1.3911799736429227	-1.0135113654788892	-0.6067732064340922	-1.04998739060273	-0.8886684390398912	-1.495990638394785
BGene_0532	2.1117952406173237	2.049806851962473	2.032611613499158	2.0047316642049045	2.019217585513582	2.0358791755694745	2.0588945758603896	2.0076989313170563	1.9698297531658389	2.063349998881986	2.025790278666883	2.037705072975084	2.1071466925971087	1.9957593914487135	1.9967362158495978	1.997992880241123	2.00769905563602	2.034386285157692	2.0567941077950778	2.018192187951359	2.04184089275497	2.0145679534673357	2.092421206313514	1.9812841372371965	2.0825146630871303	2.0177517219633834	2.0042651944174787	2.0300015212777014	2.053578050491719	2.0314011523828066	2.003162220354658	2.0300434480314458	2.0120337570224396	2.02388875439701	2.003565443203079	2.0234466214566793	1.9943428807577037	2.004569733547808	2.0269181787111568	2.0278909070390627	2.0453741404399257	2.0053811181100127	2.0235071640428015	2.011233917922265	2.060834921741396	2.0278326318867084	2.059149919940198	2.0324992407816667	2.077369011356526	2.023499799594181
BGene_0533	0.19261718267649666	-0.1697688092704387	-0.08911038385733193	-0.3683735135812481	-0.34079779495682144	-0.33709343684578874	-0.36054472273328453	-0.14401129325468537	-0.2326357110430754	-0.18024075404310547	-0.31089168138998946	-0.3755533221505192	-0.0232421499956923	-0.31462104434142124	-0.13263052753131627	-0.09402693368027706	-0.3291613457799115	-0.0812942498989122	0.060923516087670035	-0.32829455129137086	-0.21295372334382895	-0.1361733349764769	0.10232200269727099	-0.42271504663796633	-0.31585639916216746	-0.02807612791564048	-0.3924517101757198	-0.16332483691654467	-0.15886598718956849	-0.2903035542385394	-0.1666521933863125	-0.3775222966819607	-0.2487434333896205	-0.33260953210983935	-0.28106630381013653	-0.4027219918816383	-0.23281124217360627	-0.07643047872305136	-0.3270201039707711	-0.4916520039689904	-0.2382280421651441	-0.40351362439562655	-0.23045796063329457	-0.11947851752170315	-0.3104670997007268	-0.14115865879171932	0.18194285209286698	0.002603167551407969	0.021600240942087987	-0.322726770995715
BGene_0534	1.8154572217207292	1.5687875613297424	1.6258887575799847	1.53971653850554	1.5535259275439834	1.5545444676942741	1.573912773874147	1.5971480761040902	1.5178272581026915	1.5620502880942515	1.598945117269078	1.5407583883924416	1.7379503795790072	1.5092130547675104	1.6201532493464406	1.5792778138756638	1.516802788173098	1.6515295879098233	1.7605210450240063	1.5201306487740376	1.5853050230702639	1.5881437965512768	1.6829940815071736	1.5709621264390654	1.5885947723695886	1.6696747914694305	1.561151446537444	1.625887444185768	1.592917637345566	1.536360658751068	1.614828427750164	1.5670042547158867	1.5955527678744332	1.5500949207566888	1.5589543100971375	1.555171055428647	1.616204029434144	1.5833650705123525	1.5261728156261727	1.5464187228113384	1.5856214749043591	1.5553116663325584	1.5985449501348916	1.6525659132599335	1.5348195582135782	1.594110721392327	1.8284144217422178	1.6585258299387435	1.7079989920009755	1.57719691369477
BGene_0535	2.870543618988079	2.786682912560301	2.8135583506330155	2.7748804485786094	2.805226505952303	2.781585087350461	2.8174007770113705	2.779731784476837	2.792312764218792	2.832792934106696	2.77979418557559	2.7994655589421855	2.8647144895198697	2.796111011458735	2.822636511059937	2.792665666758058	2.724480367087313	2.863910546956398	2.8875637927776534	2.7814313918506417	2.838881260225699	2.808178421134861	2.9048243551223987	2.7962426881343014	2.828592501436942	2.8423673794383153	2.764942336065493	2.8114835119274884	2.764773154658318	2.8266384971309924	2.8276301593212656	2.8060565595689315	2.825963904944725	2.8268443368372163	2.7859221034905146	2.8019838356931337	2.7876173082438114	2.832797892388475	2.798423388886962	2.812355195236448	2.823450533985367	2.825843266467025	2.804721999084277	2.878971174823045	2.8190504814529684	2.847366656051772	2.8999559698891693	2.832526855455484	2.8118497194659233	2.8026461903179163
BGene_0536	2.6340413826855857	2.512147598993104	2.5333712871474514	2.5544670126882876	2.5350141953837246	2.516359051891945	2.530893850670831	2.5259792236216043	2.53206181973073	2.5782277448518913	2.5452519946961827	2.5543377676468273	2.5835021250860923	2.5589955522908747	2.579955596801507	2.549150423444421	2.489724091128142	2.543543971033148	2.609484929781624	2.4914752867691385	2.567375744979067	2.5423372111159535	2.5839918410208953	2.5107140420067187	2.5412490982842217	2.5431210650436733	2.5371602459559224	2.55013492726956	2.53427184478297	2.503710453786698	2.5641912564573994	2.5359051186431274	2.561312735553582	2.5365534487580446	2.5316811393006975	2.520730323192429	2.560314053273851	2.539183306560859	2.551485868583473	2.5559979700382187	2.528630965426405	2.527579055464549	2.5615377160713915	2.5857622767560215	2.5042836911568918	2.5551905797504526	2.655603353316994	2.5777699434126706	2.620209560479999	2.566626094218154
BGene_0537	-0.560389418841483	-1.7871785014397952	-1.974216797868243	-2.5791652366645064	-2.303838561599742	-2.3230444741791327	-2.7425082525996842	-1.8872811625251125	-2.3876286958346253	-1.6651295127795642	-2.1867312834545745	-2.8364179287912528	-0.8975068924175726	-2.162608532486335	-1.5259558247654974	-1.9301247459914126	-2.900768407698991	-1.416577878443968	-0.8564231081280409	-2.6124055479400696	-1.9517121436709373	-1.7587880367437407	-0.9182415284612366	-2.5190198425987096	-2.0071738528700003	-1.498779932805064	-2.295012183800943	-1.2552544489839605	-1.8242046844310356	-2.293197358271919	-1.888982771451858	-2.518209336575996	-1.624263597245857	-2.2521983049307237	-2.248993394598166	-2.71290777553868	-1.9811141356268906	-1.5041376213231363	-2.5186009088712322	-2.838703620094932	-2.1709292074689075	-2.514937069399455	-2.1449092687752267	-1.3245634606253158	-1.9977371706598037	-1.2838939501659816	-0.6922254233688191	-1.2726873510739918	-0.8890728767848227	-1.9179625780295084
BGene_0538	2.5094318165242093	2.4225376901971862	2.3987343866668227	2.375624143466993	2.384282938365512	2.383599522423752	2.339091206089196	2.4436789675019615	2.3998655887984697	2.40305137353888	2.4356074183593606	2.3615336491023156	2.519076474065841	2.346785070817422	2.435038274570301	2.4211380381271796	2.410555491442009	2.476701071900944	2.4964048215471575	2.3705279125721077	2.439373821763168	2.4260344087822663	2.5281912592006965	2.385320770653612	2.426647873442244	2.453005627688052	2.382888443671954	2.4767557811499663	2.4670854206810455	2.3803835955509323	2.4506520434209693	2.4097034256413723	2.3870713890548787	2.378302525975365	2.367870121902593	2.372477910840681	2.4034916242233777	2.4154436865359084	2.350682066180317	2.3680383085279892	2.416309021287774	2.3401863724872793	2.413703568296464	2.4679148100745247	2.396833187524507	2.4203388687914407	2.5158079056961773	2.463589068388159	2.460348102812756	2.3943574467257394
BGene_0539	1.1890152851593534	1.0118056411059106	0.9913145525810775	0.9102228619876362	0.9037982228360776	0.8630509915122296	0.872460439593856	0.973908215425914	0.8650327228814453	1.009875919518609	0.924059392159903	0.9011912646194927	1.1761306221590497	0.9611859060871004	0.9931273327260648	1.026124217996337	0.9291877883522722	1.0737543075587135	1.128328262320512	0.8546316339744119	1.0069525262395898	0.99463594050249	1.1732333590396853	0.9313806526085605	0.9715985272931427	1.072452631720501	0.9293175109684966	1.0648398479364818	0.9867714820202902	0.8885292462003861	1.037911162551763	0.9064446296928467	0.8933589424675777	0.9306621637027777	0.9203800474424483	0.8869977774075035	0.9651293972323083	0.9152998403044003	0.8940625852159657	0.9003189779357856	0.9116581215996454	0.9096799202658556	1.0103040744675171	1.0479871258936173	0.9328247966178573	0.9720253787669255	1.265138910441186	1.1138454910301658	1.0803877902830408	0.9368994965772116
BGene_0540	1.789900937024432	1.608352729427559	1.6554588440469955	1.5554650840295288	1.6024929399592138	1.619940610653217	1.6306801589637998	1.6106063855945079	1.5741935071464586	1.624333405600546	1.6266377302016866	1.5812271381969634	1.745078475671608	1.5815661972732062	1.6358051315506388	1.6129781176148936	1.6328487890557613	1.6504002661484514	1.7693165017169592	1.5633106436956699	1.6262317266214854	1.6139690065354053	1.7435734582147977	1.6147592928823182	1.6479616275303361	1.7082210776285482	1.5973667926507535	1.6570747057495234	1.6140103248314026	1.5925492284583296	1.6203993886755115	1.572280507021678	1.6401314588351126	1.5776870764832787	1.5426416638416152	1.5831736495694375	1.6575917219766598	1.5463398068540244	1.6150910837483043	1.5650578795769734	1.5811400206197272	1.553232634976577	1.6590302113531936	1.6748554109534934	1.6147690851590237	1.6089769269651686	1.805077462286622	1.6765601978392142	1.7618740457101372	1.6741298609330546
BGene_0541	1.8182133999903765	1.5875249645556997	1.5955599482201237	1.4818591856977148	1.519894603579335	1.5441507253230369	1.468495303110237	1.5463644742384683	1.4980340543660615	1.5537462956080046	1.531400776223797	1.5272890863999424	1.7392760968064442	1.5122025987942063	1.590040414944394	1.5890722639915866	1.4704889331284536	1.6294167331233114	1.7402231002111659	1.4489692962643048	1.5804037588986874	1.54028531743935	1.753451209679275	1.544802860641815	1.526498180949538	1.631687743885658	1.5173754950691445	1.659225413389449	1.5709669215143656	1.4563244681258858	1.6026844338943345	1.520985205156658	1.5839218577490226	1.5061864452528821	1.5468639967765365	1.4855437898474275	1.5200124945955389	1.5115958138879988	1.5051997536777302	1.4831305343918868	1.5751601119390257	1.5175592912199836	1.489919255282714	1.650594448472675	1.5130035722370547	1.5062388200543508	1.8294908114188984	1.6649348200362242	1.7271972958056447	1.6214288779136754
BGene_0542	1.4397153899285262	1.4130184622692041	1.3818209162054722	1.3453660654878759	1.349251398035357	1.3530743251991197	1.3074523393244317	1.4098026647464483	1.350863277375255	1.3535418506164234	1.2977855443032702	1.3759961370558909	1.4167716761574358	1.3737573954285198	1.3593456147469807	1.3799808414916361	1.3484870337559245	1.3652495693576885	1.425731340728353	1.3386922477950671	1.4160809084427208	1.4358254425179713	1.3523356298748974	1.3018390613885158	1.3464964995988433	1.3590665485889144	1.3672786091458675	1.3743232086640715	1.3354238927979964	1.3131219012977187	1.3769281868898355	1.3273738994383621	1.316715104668812	1.3712580026098595	1.3940325142197012	1.3089802518596154	1.3204489921699576	1.4147580233687955	1.2625657959160486	1.3674233535262335	1.3692992212075379	1.361884404355971	1.3009905664959702	1.3219136770600535	1.3160901054699228	1.3424976879116357	1.4196971273028365	1.4040772846704077	1.4012707435510698	1.3869458812907363
BGene_0543	1.7957510252070725	1.7142080907036452	1.71393510450118	1.7512583217155608	1.6455642724806192	1.6587029994671865	1.7462315866029516	1.7317631745812283	1.700521087269361	1.722447579845927	1.7379939857869522	1.760119918234036	1.7756540866681778	1.708100852618349	1.725841556135569	1.7602566697283457	1.6942714033011739	1.7871854394749531	1.7618935761955603	1.6981946718629295	1.7311478111953966	1.7424388144231877	1.817926904595157	1.657095019220634	1.7067974331881084	1.7587536106220782	1.6885164254481675	1.757703063561314	1.7781805568134141	1.6835135444500569	1.7026457123245435	1.6800325206592517	1.7146149113902018	1.6759039750228848	1.6723507241815965	1.6942792060307148	1.7586136974533964	1.6959916267358528	1.73559889007566	1.7061635965822957	1.7231445767790818	1.7247482856084162	1.7582921651610697	1.7824512134328603	1.7144727335007859	1.716371517347564	1.8566613749748087	1.7477272043469498	1.7769014263265825	1.6949314166800242
BGene_0544	1.1236207749304645	1.0328670723160092	1.0362464797753024	1.1018270375968038	1.0894032583829039	1.1663610700113543	1.06525223263927	1.1128448092435068	1.0468882668549953	1.0395307078693257	1.1363034607723705	1.0762344595773732	1.139888333333612	1.0473961543907304	1.0231972133548666	1.0731055277084594	1.1496458288436944	1.0320552875030118	1.0352332575784098	1.0675194288204222	1.094994620177088	1.0641645539896039	1.0731124190791888	1.1216004030570421	1.080425330938896	1.0931467212577652	1.0896913225320026	1.1290548487317495	1.1629008542549337	1.123437970428292	1.033796350456563	1.0945966931918143	1.0910182882555088	1.0839467072760862	1.0834918114091516	1.0873878641060253	1.1542745751312622	1.0340112047627736	1.0821484662330418	1.0805765542143677	1.0520579476532907	1.1003943493137227	1.0479313825928827	1.094076158108387	1.0638229959946488	1.062122236956605	1.1726897713496234	1.1080307082738186	1.1669100420420764	1.073442296068302
BGene_0545	-0.6879308626713945	-0.7207782288495791	-0.8711176490493172	-0.9501434135491726	-0.8406671519874724	-1.1151877432730772	-0.758371928803509	-0.7450260489960921	-0.7312882875201245	-0.8714019153625376	-0.7763584231094053	-0.7344994766239616	-0.6457039174733787	-0.707573017911926	-0.930853746394561	-0.7206939397331653	-0.8370061073688005	-0.5987680527533451	-0.7914753205534144	-0.7578506942819454	-0.8212460711284896	-0.6404456840811581	-0.6996446412941053	-0.7051146692955961	-0.6041463414522772	-0.6505631154814357	-0.7420321778915705	-0.6679526817956879	-0.8649006520705893	-0.7005393081478428	-0.7106952491402189	-1.122614320663195	-0.6984119362858844	-0.5737701455135172	-0.7051888427052411	-0.7900336990329371	-0.8508744223802756	-0.6302560917882244	-0.6733415329527469	-0.8135713298778282	-0.8112736391890393	-0.683249583445671	-0.7473283274374161	-0.6834163041679308	-1.002045960984987	-0.6581046100607438	-0.6562339034159276	-0.7523296001929908	-0.6485207272752561	-0.812183784782086
BGene_0546	1.2092547724376626	0.8814728699923545	0.8436536750422153	0.7255119631540013	0.7940107500777546	0.7315109980319547	0.7778968550247755	0.9234003460711853	0.8142312522791718	0.8693258166802793	0.7770357866385523	0.7435375126663559	1.1443062342124903	0.799040381880373	0.9062732884358201	0.9041393428514753	0.7255366907997858	1.003575131226018	1.1253719293019828	0.7960992944065491	0.8584094185000464	0.9421232173826878	1.1050499835503516	0.7660748533247341	0.8931002236662576	1.0188764016848348	0.8882708904377911	1.0470471676287552	0.878246537172211	0.8010096072718379	0.8989952217667612	0.7280473337299473	0.8379740394942005	0.8978323557753599	0.7895042709567913	0.7479986563411196	0.8156949970340048	0.946648017227848	0.8268389697339877	0.7204215753422043	0.7798575587774031	0.810130267202701	0.8154337746425776	0.9724951314752206	0.8104320705126367	0.9842108379553817	1.1946962187807892	1.0219814098099067	1.113770316176053	0.8189415400183601
BGene_0547	1.6322915065008043	1.5592573840726225	1.5426059188396872	1.5529741471366834	1.4838846299855695	1.5357596291524789	1.5683481127803944	1.508708087125624	1.495197603104985	1.5524306605878049	1.5325669344587032	1.4641875654013419	1.591119160711137	1.5113426689913128	1.5678156632913474	1.5408939437732891	1.501331954775544	1.5663241776260304	1.6077332927111292	1.4956481907941557	1.5393504923358823	1.4967082335164237	1.5761040481832447	1.4967524322042278	1.5509824500601428	1.580893851353315	1.5344473395189824	1.581210915307541	1.5330537299744502	1.5023671214724172	1.5306995850545735	1.5567690735935795	1.5590745788627245	1.5388094494346123	1.5141101371702483	1.5214560494269627	1.5593927099423714	1.5521169252960791	1.4900788311293114	1.5096872880831576	1.525949742988608	1.527893902496068	1.4972698965647948	1.5377772074737	1.4789769847729517	1.5681173919480302	1.5760376022513012	1.5918593476921021	1.5493965011135795	1.5685277437510958
