	BCellType_01	BCellType_02	BCellType_03	BCellType_04	BCellType_05	BCellType_06	BCellType_07	BCellType_08	BCellType_09	BCellType_10	BCellType_11	BCellType_12	BCellType_13	BCellType_14	BCellType_15	BCellType_16	BCellType_17	BCellType_18	BCellType_19	BCellType_20	BCellType_21	BCellType_22
BGene_0001	10.619605264800748	7.929148498859347	8.103436892804972	8.14779385896419	7.987189247204737	7.949895671892257	7.791033859006721	7.808989407348033	7.845814760528138	7.962630270273264	8.016648754345827	7.8502998655127465	8.043660278591984	7.797319075332482	7.919528409535692	7.979663354115367	7.932963164783633	7.941107009076948	7.905952417861623	8.102351957450834	7.838235151513112	8.052019850122802
BGene_0002	5.152608887899646	2.818612372331497	2.833213653500049	2.749742912490188	2.89703710411903	3.130736478143039	2.6742119765313697	2.8627403258462487	2.802575473929797	3.0063647317580244	2.9264337900216084	2.864344634434416	2.9389473788620935	2.7943715466380836	3.0451129377481094	2.730102771350454	2.916422667554138	2.9833849058517283	2.829200676397778	2.943208135354479	2.663442334875455	2.7655904515177916
BGene_0003	4.360875229716296	1.29644804833594	1.1607505148715085	0.939955268413567	1.5325827664315228	1.3448528378366054	1.1097841747674206	1.3073331224567772	1.382211932925321	1.1126725631475802	1.3279273261202864	1.241257690293719	1.2362252443074055	1.0972206107809026	1.4437054537317668	1.3138582914592671	1.4855975292987147	1.2999940806667436	0.9305778859851594	1.2597068521747348	1.1534144526105616	1.2661588921532076
BGene_0004	3.666450848878331	1.0066093000227554	1.382021318786192	1.3182237322188237	1.0842455254158265	1.461381615297737	1.5420855906227509	1.1350985597737924	1.43021503748418	1.3764921104680252	1.5555699203658282	1.6788144477265179	1.232923995681479	1.378952868251722	1.4808110378044965	1.2259445332554988	1.4975059466986407	1.1577397875373387	1.2146108794043908	1.5106571903402624	1.3436288316303042	1.5310437373833223
BGene_0005	4.2417760554092485	2.62022708786759	2.6814504395524197	2.7145446645173443	2.5230901071885055	2.63806534775145	2.57985510719403	2.8048244214648683	2.4656729047900745	2.715521892652583	2.5800733753692073	2.532262773254338	3.0111201293105005	2.418166924425684	2.4293258278203496	2.294291693839353	2.5057661139201124	2.496252754419073	2.694472819326904	2.5524158532437315	2.785047007655876	2.60668185860207
BGene_0006	9.917904935555804	7.011573228032408	6.775655103054841	6.975611399802392	7.0618085264235315	7.139301306326271	7.033602768293882	6.856759505004506	6.76275719381424	6.637479367194277	6.905095893339815	6.789041304956067	6.985558137136713	6.854628187420508	6.9530387875229716	6.756636545182335	6.994575368611756	7.0535741385626105	6.950608636060965	6.858935134137163	6.858771790885235	6.757200803797448
BGene_0007	4.569016221208628	3.625217696488549	3.524467907165579	3.771746599257009	3.6683446511833733	3.6273439219259056	3.8897754780112748	3.6971328698131796	3.483393980994907	3.6143351238006494	3.608561891578617	3.658478844144452	3.7860899280623768	3.5771210525551718	3.700449334988747	3.4226665636985345	3.8122088905383147	3.4148796501058287	3.3170179558733786	3.19801573448779	3.5885215629156177	3.2564696411179805
BGene_0008	9.233520630588062	7.051170470785108	6.951766837982112	6.960312684637696	7.227678449014366	7.133320566552614	6.910983645101451	6.88188345717504	7.084760450462138	7.048506657371198	7.151618350193722	6.772217971701603	7.231879839341696	6.898369151930647	7.290507127218261	7.094238424491745	7.140260609999107	7.2373934404055795	7.0694680096414695	7.1583277543203945	7.031552839231962	6.808094896804228
BGene_0009	8.428853053842005	4.149772802259378	4.192961134601318	4.449390964974141	4.376799719221705	4.664994285360174	4.459086372965501	4.336115662257234	4.045820256425111	4.046366972456024	4.172036335131562	4.3834959145343975	3.935269492891301	4.089039439118009	4.596856277357123	3.8571702474832654	4.414994060805241	4.0920507514769	4.290504286522336	4.418249541791805	4.21204106416438	4.208625328652359
BGene_0010	3.2591217956086695	2.24244893012335	2.15274293665842	2.471946108525972	2.289227985509179	2.3449482010663316	2.4417468405423306	2.385701730443053	2.1937628464726173	2.3518719670716695	2.213707156253027	2.1168338942404628	2.2432889945291627	1.9675854307438638	2.353784071192871	2.3589857103701317	2.416454344039729	2.353963481518253	2.0393401489029896	2.2616014733354257	2.1189543870658576	2.580286155579645
BGene_0011	5.6100580994265945	2.3224038776900073	2.1741206262374293	2.272175789649527	2.4330793738537806	2.333905867484627	2.4880680846514127	2.5692498665548276	2.407750670861096	2.434551675745021	2.42421983058444	2.4096257793078526	2.506750129642624	2.6699203459070384	2.205111894733362	2.4297256391521596	2.5985881469782655	2.0504594792932607	2.5669789938485694	2.3576701861654485	2.1890698650039173	2.2984733365085277
BGene_0012	3.1072849319596636	1.9604747848777695	2.1005539311866492	1.893133295527123	1.7600136249509868	2.1397026845474323	2.0408336850699915	2.173867143689626	2.077913265598531	2.2252590596284416	2.318584926218709	2.2229228149462257	1.94632680105852	2.2579272344821337	2.2639539974595793	2.1954213077812814	2.0447679646018626	2.023262434790305	1.9804681551938406	2.180592729222529	2.203428472469375	2.313714976775063
BGene_0013	4.961421487449857	2.7983999302247016	2.8524243904583666	2.944153477746474	2.9905826403158984	3.1018547750280394	2.881427768012909	2.8631295023105388	2.8193326882331107	2.8268279310655666	2.8783753487106107	2.8247100616315968	2.8737826374499242	2.869134690407279	2.7673479797169924	2.700207719359176	2.7970063255152473	3.022371905257011	2.6150420906033447	3.119199338757593	3.115565062732498	3.121873228424748
BGene_0014	4.883730685921027	2.3275045813681827	2.748924818307413	2.6196747913370575	2.619064209993411	2.917248375844422	2.759855346462944	2.7073385340364564	2.705658826059107	2.755380194487149	2.8798624793254675	2.7814960231222705	2.2987959162264375	2.695012960347735	2.8377112341260764	2.5929963147254633	2.611467301241046	2.741465196122224	3.0968329823001373	2.602801950269298	2.5857259998578064	2.4971598604943437
BGene_0015	10.799948494140517	6.728328322610241	6.38214594014837	6.876849577034588	6.923141285330564	6.873321793577664	6.742649405756849	6.916471895453985	6.7372631987859535	6.876084825371668	7.012390170315926	6.659251164694789	6.824044281862152	6.738573347963342	6.682595862422401	6.807179625272494	6.950161314815491	6.86289206463399	6.8907239533041205	6.580336206269125	6.602022929457997	7.025296306790677
BGene_0016	5.379786427566437	2.750400457196805	3.133200372120024	2.560577911620367	2.852120985260453	2.858620075830796	2.6933762857000976	2.8581959657357956	2.802379274146498	2.6150200976634563	2.844967827560425	3.0791961408018738	2.62544837543706	2.9134696765897607	2.8310142535777403	2.951435714602909	2.609299625779709	2.787764934364682	2.6337505012331603	3.159198019264947	2.9655570479584763	2.863696174014365
BGene_0017	6.134329447793975	4.164466918460767	3.7847738647342863	4.1512838190832575	4.172587468858224	4.024935283952753	3.945339397105896	3.8100566653625	4.036670293108877	4.064912039034741	4.113791969262754	3.9654700453928364	3.9182863785650515	4.173679520719523	3.826693747228361	4.097114989285911	3.976923179416224	3.8405533959427625	4.206117708486961	3.7989438906196153	3.9961729172007336	4.05371579535527
BGene_0018	3.538453560519143	1.9809489856102394	1.799821106298691	1.9036970519352596	1.7141024345113502	1.9182668896830888	1.7590198741477756	1.8593644382809853	1.8696118548774092	1.9391105874046741	1.9346502389695777	1.9610111622280897	2.0671129255531175	1.6061877506568412	1.6844751939926046	1.8000731411103061	1.9730153493523337	2.089129067781702	2.0917355842565244	1.833684730782377	2.0990188189674157	1.760369642115196
BGene_0019	4.23555474047118	1.757529645293175	1.800609216135721	1.5659741463045977	1.6978299508898778	1.8550128266836536	1.607380405719387	1.9640700835487443	1.7778551169161325	1.587697912806439	1.5253338179408016	1.8289379742789302	1.7233996172465875	1.8698341521620403	1.9344319591523846	1.9568048894940937	1.6616877114652442	1.6591287213990762	1.9671405741915973	1.7053984172518388	1.8925700685961393	2.029672385763812
BGene_0020	4.802055083888571	2.7861755732666036	2.606966472046155	2.767049304580281	2.8066475354259386	2.6960924146185885	2.606969829579116	2.6216453283301075	2.8428471775083692	2.6307576316063646	2.9118273734621307	2.8096645110444327	2.8700474627046018	2.5108153896813756	2.8556536906387144	2.988947355511841	3.011079941233572	2.9384731768451324	2.577659116478475	2.7125604509992236	2.9294024927250106	2.743522049080499
BGene_0021	2.4096039641606906	1.236577570878287	1.626201028832632	1.5092599613139432	1.1816931033832312	1.4281263404228004	1.2617485173315215	1.2557537958222031	1.3835163305505076	1.1892490179015072	1.3965141900579325	1.3090107057715419	1.2145389809503526	1.4988088151937786	1.577361050903228	1.2455264974366849	1.6771348522975913	1.243241013840319	1.587974500966562	1.2762621662178693	1.5345834425415743	1.272730758259749
BGene_0022	8.16204085466155	6.2698776973991	6.059071736283771	6.346815484842902	6.277407862050544	6.098742568432982	6.11213505786527	6.357335985105032	6.357016000145907	6.287460142665384	6.2923987523153695	6.046220271640547	6.051320954653157	6.322100083860063	6.354096659718684	6.08285271255276	6.3623111974504605	6.171203126553468	6.341505716772956	6.397134495101901	6.056087748909356	6.117958912323602
BGene_0023	6.1165459786286185	3.3185984282289263	3.6577295756808317	3.293174772334775	3.2540981027226548	3.5043105902417047	3.298467657757013	3.563202769703193	3.3782856148880613	3.2919851517450316	3.4030841632366906	3.5046446535704523	3.180425715421466	3.344621245520616	3.4515909294860627	3.408588875147643	3.556881387567386	3.089006862671989	3.3341858467377956	3.756687339521429	3.442657757229658	3.626020318707134
BGene_0024	8.147249193509342	6.530864984788739	6.474253855536471	6.274476403186496	6.246447234443433	6.2453991969163285	6.331433135130771	6.289687756331568	6.371391267571476	5.931495035240854	6.332906964346671	6.366600483902003	6.3196835809422325	6.418494742911259	6.497800016778695	6.302578285771472	6.3196373027830575	6.502458670706669	6.4270772031534005	6.234565917930451	6.048171560076369	6.331146447469374
BGene_0025	1.4861760602190381	1.2386180740138184	1.1350016723898808	1.0298179293002427	1.1009391604650098	1.1941426963312183	1.1027464831129334	1.2957123031224682	1.348973799389852	1.21240950367756	1.1384115248755409	1.0572552734680072	1.0550993473259305	1.271705590881404	1.4273617679931672	1.1069585166675544	0.9913280314958032	1.2265172362945942	1.1876812354170505	1.0457323325904384	1.2869886038693712	1.0391459196177937
BGene_0026	0.48184086265643444	1.8734525875212376	0.38318057640799896	0.7029719630313294	0.4855990823467293	0.8856953448529035	0.7128723891255857	1.0167453163693192	0.8607378815664238	0.5577708691265996	0.6217156968908321	0.551381805150222	0.32911899638215397	0.7554216212133691	0.6244272116378343	0.6990077048976033	0.7205390632743401	0.35141768850606697	0.4463982836669469	0.604305062368637	0.910288798713885	0.6227802800072415
BGene_0027	5.11800164651799	7.450460828446773	4.923673559246937	5.314604554756322	5.133739749929776	4.828975820673192	5.142893868389922	5.221351311652926	5.028278300676138	4.859692282483241	5.260499667155475	5.2055177365506795	5.169482748635213	5.052672550177355	5.213643560021177	4.991492892317437	5.027287527263265	4.928577410790999	5.325683145229225	4.99330521968786	5.231141829122134	4.799449963104456
BGene_0028	3.3994503206734135	7.266138382442498	3.0707563109497893	2.8308254515898548	3.018104057149524	3.203049427535027	2.9487851257498816	3.0208423095184616	3.0601146059471698	3.056531978545812	3.1526157979340845	2.854626205612237	3.1353868088337236	3.0841147873913517	3.0671226070555084	3.0616661256177977	2.959723998310465	2.781802940001831	2.737415063563172	2.856008464996312	3.36236591599192	3.183725837154699
BGene_0029	3.463831972576417	7.110092991277456	3.154563567679045	3.169294743124093	3.0328249114037824	3.1707946974557344	3.339440884872633	3.482679543039175	3.7493396074506586	3.2286357391120544	3.266331621917847	3.347111748383569	3.3408439181348797	3.519742249117555	3.213865119701361	3.352691972749221	3.2699460969033383	3.3303233233091607	3.2915940758876183	3.4074020199043153	3.3823306190813653	3.51315627710113
BGene_0030	1.76741674857843	2.289263185305295	1.4655238371779196	1.6314232726023419	1.6438475933211134	1.5882888764855982	1.4813055269337752	1.3267323117552152	1.6901346296943185	1.6607984577258574	1.4654702126473103	1.5180484667717489	1.4759942719199626	1.4195616239846405	1.409605215506468	1.7297807636602143	1.5626477783014818	1.7892742331476752	1.7346088930424743	1.6985073628303482	1.48297947702474	1.6767342939653274
BGene_0031	0.22846807054545992	1.4577768809788048	0.248080501878309	0.19601982770630677	0.28372392202532515	0.24248064157567661	0.2685729222428706	0.2154041389091474	0.5538826743294872	0.43200137416959106	0.3204865746065764	0.37115008252109377	0.5138149267442217	0.3196365670521185	0.20178078136812885	0.31646036783470427	0.22050516717402585	0.21567425400759327	0.5059562320278843	0.32852849536955786	0.55891830857255	0.5266016988073098
BGene_0032	2.546866694552713	3.570523181648119	2.425068537490354	2.0851355798977567	2.489767544050168	2.541637098918934	2.4462470010110486	2.417828271124058	2.3395517686582754	2.4917964305129336	2.4901936715113675	2.463921657913855	2.504245400872715	2.4675521348056724	2.386717676860243	2.539736982165791	2.2764778628041893	2.448843223366413	2.4539006549802034	2.2039350929473804	2.4428147399774076	2.183834492379933
BGene_0033	1.1833635569683252	4.966092270441944	1.1512642827072028	0.713260877907422	0.8129875821396005	1.2921502962161295	0.6325414674055083	0.8905952480198629	1.0933005228620452	0.7996634593175134	0.8791389631439297	0.8124776211503213	0.9957653377706006	0.8966308060461428	0.6350722401842556	1.2405655847255104	0.8889242620055731	0.920720134662824	0.8956797455666126	0.913257573836063	1.1020865726624514	0.7690042235327336
BGene_0034	6.096283444579784	9.36324439159141	6.261872457720448	6.343183676514612	6.181304597183417	5.990863420355588	6.233815171208081	6.111752142613679	6.3800613811296705	6.3991919251221265	6.323155742197808	6.485034217546296	6.336114675319289	6.21508031963261	6.223375816925414	6.089984063850241	6.3133850950342	6.2246295334645145	6.151944056530077	5.967983738602711	6.220197972965548	6.249891344147153
BGene_0035	1.210645515784767	3.531789332686574	0.9850242859872257	1.08946455318336	1.3461858334040504	1.3751916464613363	1.1144597563871312	0.9248789324073896	1.2296333938549164	1.140703740058004	1.361121694587377	1.1429914005037582	1.4095668058173003	1.3903807178223468	1.347041542921712	1.4462611165365606	1.199324812336815	1.1757255679665504	1.2261423772216447	1.177961778561206	1.2043454755853549	1.4299948963687206
BGene_0036	4.682691913243849	6.02185303935802	4.2579344739378335	4.602482050078121	4.628266944968291	4.315998100882745	4.579358824583355	4.421377309909171	4.4078103135905575	4.397176137662013	4.748848757713419	4.475072504644189	4.453967721072976	4.6302890998738215	4.450613514659097	4.407567302022864	4.853426719129813	4.56127325183152	4.481066705083369	4.106481466133359	4.596923959023639	4.474187374132756
BGene_0037	3.013246081422608	4.48722459793844	2.9536711825560626	2.868011668759788	3.131627519396401	2.8564496884218675	2.7718068980183825	2.916346217360223	2.9278550833880606	2.844877225732723	2.6313063948450486	2.8992627248464187	3.0540458078634116	2.7521551275568745	2.8908566893468763	3.1002772826810663	3.102919019144387	2.863693882685475	2.9323528148010656	2.8223317525429135	2.890981616471128	3.2910532579638447
BGene_0038	10.630570749662716	11.87578199283828	10.392400591455578	10.347236922248682	10.599763433838095	10.302202183538778	10.560080475533642	10.426827090560895	10.662005056733424	10.488543571820756	10.26367197589096	10.503586324662342	10.664694135763412	10.610785460376535	10.446906188671605	10.621770676926257	10.487318439609298	10.612226985019987	10.102773962879514	10.400226601848434	10.420132346845529	10.199539205081951
BGene_0039	3.8197942467144013	6.201232198790211	4.056962712985768	3.7841518456486107	4.260330422144381	3.792055507030839	3.6921338196459677	4.286692940343434	4.165983770764518	3.67968880217904	3.9471507989611663	4.141546966240918	3.7360088150443875	3.712103057055528	3.8697509678434816	4.069768033812528	3.9777731260677336	3.8202919188695157	3.9079849693024027	4.020280099200655	4.168576645882007	3.9931357972556665
BGene_0040	4.072161567656114	6.35289788528048	4.215712912849396	4.099540183845317	3.6949118807233887	4.1216073165697535	4.052228561837489	4.375183593817467	4.227907092807327	4.028142340285693	4.01342190950623	4.014917789419316	4.168579564256255	4.053658658886571	3.9082814572162463	4.128083521794338	4.204214424048006	4.0226983022714755	4.004108592517342	3.963052519279193	3.868466071171825	4.1066416708598705
BGene_0041	7.399378124714213	8.757412575639115	7.408131504811719	7.265647169341729	7.605107009313413	7.138591230675398	7.343395680557122	7.356655599669471	7.35840632065454	7.529842916363043	7.2637248556908585	7.285031062213681	6.9181289958977565	7.397773016751569	7.3768155004552804	6.9830124683872326	7.397994084313196	7.399558158540638	7.327688341486965	7.437783857516485	7.417331139849071	7.421995401696076
BGene_0042	8.748905358576648	10.919565667390454	9.045548966245159	9.15896875491699	8.81658261622479	8.974435599071096	8.912887404665858	8.744695575900707	9.108833110369526	8.928023957221228	8.865387310989204	8.951153816197282	8.993764738333168	8.766804745933946	8.90243048107847	9.223119292602954	9.190070642457798	9.016596850663998	8.652393968133028	9.135002170364745	8.744390676596423	8.981507076164867
BGene_0043	1.0667688941597495	4.275089576365337	0.928221519612755	1.245393943350242	0.897772981662256	0.9681558879247215	0.9296880910188785	0.7702224711909853	0.9311746259626055	1.3831737157500597	0.9562232546378288	0.9529885699874976	1.1026226808727417	1.2706646549137288	0.9729975538803358	1.039296746975295	0.7980177312448306	0.7526296590095157	0.8992493208988839	1.1194186578657686	1.2598884715611618	1.1185454678930278
BGene_0044	1.5231962612657295	3.0831391287832695	1.25235204250108	1.2440090575840916	1.4685617230249304	1.3332894188269317	1.350340587838915	1.3329099973706586	1.4503691321513108	1.2357826596457815	1.595066453382402	1.471674855043332	1.0841688161153427	1.699418691263103	1.4927347649269687	1.4902785426576646	1.212243712332068	1.4197732076616192	1.1003233139711206	1.2040304507589104	1.3785625702244362	1.491016385580671
BGene_0045	2.74598903611338	6.5936877851619204	2.8303994836452175	2.582732200985304	2.6175159077132246	2.3088774903570872	2.6332613011823187	2.6742195620891067	2.588151848491587	2.4353031075632803	2.628456330663299	3.007271254207225	2.6940432894232678	3.0018393779229715	2.65771613970144	2.597615675448724	2.6168061795057485	2.585084979483983	2.640653254108415	2.660780502972776	2.919188069086323	2.689747268760059
BGene_0046	1.2942312252919852	2.9046107652224302	1.2235649856789717	1.4345048775825953	0.9916272331828204	1.4307176993845498	1.2863104222930175	1.283191503066825	1.0502417405180149	1.0622830283605287	1.2312610395887345	1.144841632134946	1.2647725582156526	1.076846745576422	1.0622684223221763	1.1150724290928422	1.2639965637890027	1.474087127950328	0.9563263359941965	1.0470130280912227	1.0386751096631144	1.3016063329479826
BGene_0047	4.132576778652982	5.29388298618835	4.052263325070094	3.7999734942616636	3.8955287680132886	3.9709887838729125	4.111795051231332	3.837496208199698	3.9318105881584686	4.27839117627477	4.038864224139736	4.270826310103554	4.018562704805971	4.338688103858548	3.9475115376124874	3.9656741514491443	4.116802087866787	4.227168922760639	4.0423150393176135	3.832313272640373	4.247145191188003	3.912144328847978
BGene_0048	1.9053219379343234	1.9879766891974944	1.8897380004131155	2.025692177293089	1.710662688117534	2.0211893806341514	1.957136050588321	1.6442439679564602	1.885341361524882	1.9872013293342574	1.7817427909171375	1.8719773045414294	1.7087671317303519	1.8378469352086668	1.927187557153639	1.689060669439901	1.8129440014204254	1.7128897305884434	1.9186595825193111	1.8889375833580488	1.7540968193539752	1.6766098504167617
BGene_0049	2.9563650606525216	6.626130291345039	3.0880349481613325	3.0235952234750556	3.229086931014843	3.249254601564527	2.8737028081511973	3.4741942329122257	3.0244270955781998	3.290586143140617	3.024076215119227	3.333105790307731	3.128220680318484	3.020237949654712	3.0610572419981	3.008220958610982	3.138351425523464	3.043116707044524	3.079620157909916	3.4583884340141244	3.246006981840179	3.4830471199572477
BGene_0050	1.5711713886768408	4.3787852438998724	1.4714678266428338	1.5663973210880986	1.45494541991813	1.4532079782270142	1.360868162005655	1.5458160205333487	1.397025241737346	1.4064207731729497	1.5017406669044926	1.3753146633911186	1.5152815912638213	1.1460058713569878	1.4506031798008785	1.5127077083462082	1.3181213088542858	1.1182379902523625	1.420264281476861	1.231922673363568	1.6759281947150901	1.50479190140591
BGene_0051	4.7939960189930515	4.962923453656889	7.98494133397934	5.0166524274983955	4.7997388053156325	4.9221175345813934	4.893835231288159	4.943557963141091	4.790593945063196	4.66999099406991	5.1824300586394685	4.924890343376955	4.940959147650944	4.959116719299318	4.92652912448399	4.930658181566201	4.91638094713828	4.952104978725338	4.812094484611379	4.870153477586291	4.800561657222814	4.769774727417176
BGene_0052	1.076379905500502	1.3374469728193632	3.8793560464607295	1.0787990176570632	1.1303723021411562	1.348139981734531	1.3965932745497371	1.2567994642869402	1.1740409949301625	1.153956835956086	1.14523814892331	1.4783690193182455	1.1340180826839008	1.2198348845338314	1.0805927610526485	1.1449885019600206	1.5108428203057405	0.912419832288034	1.3601263646240098	1.1536014278971845	1.1415972070155553	1.2141710027882513
BGene_0053	4.512850527063466	4.432648830206817	5.824942562690316	4.153319554246899	4.586028962165658	4.377688974033028	4.099375969742244	4.578289718037295	4.151974756884982	4.418255875522213	4.381386700915382	4.152276076230182	4.2834330387887185	4.608893321258994	4.1976256232575375	4.2566855767763645	4.705797083755039	4.323778881543962	4.5509513378809965	4.587141879901059	4.728786035459733	4.128178273944308
BGene_0054	3.871331370368925	3.564611963562919	5.1230715144982995	3.761942773289863	3.933119739239759	3.8752249803333805	3.9305367599228402	4.001959591991483	3.6909316099766536	4.043055068354944	3.7555993099201466	3.741372683099421	3.8270575067707355	3.86326419976569	3.7949604478591357	3.7918702678133607	3.803712429104323	4.182035443222811	4.031300492525096	3.910504877701562	3.765634105009433	3.8591851640753125
BGene_0055	0.5425504452223352	0.5766741568611639	4.282812145557581	0.5219550219425548	0.48865076250104716	0.6347143207396321	0.7628411976416688	0.6327315345132266	0.6753759708155138	0.37028673603923357	0.7317543173541137	0.3007435630828664	0.5371659787472063	0.6512826883363501	0.5122875574096812	0.442374329806601	0.33629083719531305	0.3953127335756999	0.6567912492734064	0.700670032050474	0.7115079897447956	0.5624653399562051
BGene_0056	2.1235065429457944	1.7139444836146323	3.7559996836288008	1.9857853165694928	2.0104588794866496	2.0539723575006863	1.8527304992324523	1.8162160107838932	2.064408904701527	1.8627278026717997	1.8343943531471942	2.0286747369602045	1.8823308347086247	1.9597397663553402	2.1396289481343347	1.727509133492434	2.1372741076294477	1.905755050437073	2.019918375786361	1.9606163060858974	2.089817959484717	2.2670364266387244
BGene_0057	0.5785158653554926	1.2176295694021804	4.078463411009998	0.6771150460596299	0.8166492367514817	0.7045036401526791	0.92998558669095	0.8815527608390997	0.8042338955444269	0.5077558609383634	0.8697868911394058	0.8994298453659588	0.8799710393973323	0.8793011417144354	0.7329032140173024	0.9703180387118867	0.9291733759219627	0.8514341244359056	0.9324731213542161	0.7566771218268141	0.541125788378495	0.93450489875726
BGene_0058	2.1023703462608347	2.081099926584592	2.6956503354075805	1.7320684008849319	1.7990781762889283	2.020497767343872	1.6902949846666404	1.752429560063055	1.70068648026272	1.9518838601814186	1.9652370912660186	1.9775215778333735	1.727668632023825	1.6383673312825944	1.6789719055055004	1.9426597626521003	1.7027458354051885	1.9359068604935596	2.2147797762670893	1.7636602207292145	2.0404486089147476	1.63204460099391
BGene_0059	0.20013302894490548	0.28053701228725586	2.892290429406923	0.16482992191763945	0.3078436397947712	0.4971628179528066	0.04797600966441043	0.2735703801778063	0.11705803980560453	0.09426039906341327	0.03298419863166102	0.47346680082102277	0.6017363339420512	0.4843325294751821	0.36422467672282843	0.18419684654231738	0.4305297694627328	0.4612598617825834	0.4628819422064309	0.2944818896382981	0.19698815914777779	0.3208253228913377
BGene_0060	1.3494072907840238	1.3860109043686277	3.3396494073438623	1.230824665105476	1.5325346821050918	1.1437713786765016	1.2248110664965837	1.2009815975672824	0.983091891467807	1.0137211686455871	0.8936439997722527	1.2729389197077539	1.321136867632859	1.5067219527418088	1.075747183152116	1.2443875000275606	1.1567425733572834	1.1739479999225717	0.9956287056785611	1.0880212222117485	1.0924235836405438	1.2465592910084544
BGene_0061	1.3896401020287785	1.159806901316715	4.513893620931999	1.2433252900009473	1.187143738530354	1.199053583212855	1.4514456056742084	1.1483285815502655	1.3664290708623172	1.427311353914658	1.4468527924300991	1.0535159134178769	1.4453034002827672	1.3996400751264917	1.6147803097407398	1.0509002828357565	1.1300469854533768	1.4618151053449313	1.2265694673460534	1.2587132510727008	1.113952233495578	1.2298989824082274
BGene_0062	4.8171000264895305	4.707330904901181	6.244699272906006	4.648081826157106	5.265178417301381	4.821530071120794	5.077105363574632	5.110716633246964	4.831300098424676	5.145589867080396	4.756991245882835	4.639051667493604	5.039442821984438	4.981348785184096	5.01486750249178	4.86714678747424	4.954677883443919	4.979536151499388	5.00104336257756	5.033414992763727	4.940006121719709	4.906203651052552
BGene_0063	1.2074537658371791	1.2094491964152607	2.6881544695070483	1.191695994965924	1.358494978447397	1.6085316411151291	1.2396941927989733	1.227504539737356	1.281426737643735	0.9626899057675675	1.228278729047152	1.4417773453246034	1.2580499583730522	1.4518720371563982	1.0926666912421084	1.206974328300744	1.3522069340664276	1.6481978438662859	1.0645547280396888	1.4387660660324393	1.2952425133710224	1.383849896403294
BGene_0064	3.0033487641734435	2.61398976506273	5.864904333512205	2.8963446519385805	2.5037197397004904	2.953398391291126	2.959791662477827	2.7415331255538633	2.582887776187157	2.5672553833811094	2.844404946303114	2.7033487842372295	2.7914568082023044	2.973342846028317	2.9439474048943715	2.608350618865924	2.860209479014847	2.854288266249789	2.7325256026495826	2.728199057446095	2.929043001411438	2.8651389855202383
BGene_0065	4.33870205068565	4.430406126367934	7.283760256766677	4.435104723783355	4.384795911970011	4.489390628463684	4.368748602243708	4.4284812991206115	4.4704736244090295	4.666226898976411	4.398410113250703	4.291034390728044	4.379717630417866	4.4812275731160085	4.322675467814024	4.466519870074229	4.321270250855023	4.553960011837635	4.373863388526828	4.6507684861999365	4.424004923951901	4.366520204651463
BGene_0066	2.4883421098023057	2.318371203045286	4.022834984676735	2.552783191516923	2.2934325037481993	2.285329247032258	2.0770169522015487	2.403615005393238	2.3167652374748338	2.0859181846701347	2.5127787894329296	2.336015934468152	2.327842380627514	2.4241298485284384	2.173986028734779	2.14050039213789	2.358276113330072	2.3433163748788854	2.287279947675122	2.321984285785354	2.2980220440092833	2.347383990560216
BGene_0067	5.200986487975498	5.099418774519989	9.244375750598902	5.15024013159512	5.287572806439181	5.280905007461438	5.246355983889181	5.460403954580704	5.3560710602144335	5.338723020626041	5.328558500547926	5.286965667949843	5.238753824775961	5.100365530024648	4.903505610589154	5.089909225562032	5.253660886161733	5.30345300640346	5.380572829752865	5.259396635566291	5.23607190707591	5.11339683530618
BGene_0068	2.3009379645610184	2.311747199639148	5.78662220793457	2.2754544821437657	2.1991342036773247	2.3834053507460284	2.3092486058714363	2.312687996540781	2.3430032735077924	2.154078442654363	2.443394114065109	2.286050854373881	2.1421916000520187	2.4521977191182343	2.320949128619359	1.987533675933367	2.354309598254409	2.4151388860088776	2.395667313040121	2.4070548608306765	2.330437036006062	2.3155706458900274
BGene_0069	4.460545871075843	4.877162789987965	8.085332256687728	4.7890459047909895	4.5629954141935345	4.582227555831566	4.780344987976909	4.834418242832934	4.983759262129731	4.668102384245863	4.888003941658047	4.784566753645975	4.600333474862428	4.744756854642125	4.514161419404427	4.520998989891567	4.826506353155901	4.725575496542278	4.6960633142646735	4.665463891133266	4.5411359420120005	4.39858370276075
BGene_0070	3.773006780744966	3.8722330611412374	5.856079058672966	3.906510224316997	3.6589704723857794	3.861333970248224	4.04532302525705	3.8613738512662645	3.7944860720003626	3.781884880809528	3.994703618232497	3.740472831344953	3.640121422521188	3.794905072434534	4.022068058681505	3.9185431894453315	3.816889744095782	3.8404734645029945	3.7837527746542645	3.7710085748201077	3.851013040249023	3.842183384867065
BGene_0071	7.745911043428216	7.661167082609711	8.935183787084569	7.883908763245707	7.794255565873815	7.704454599182704	7.821788366048767	7.905597574727352	7.648340442689171	7.90902856523678	7.617059756698905	7.695054376905162	7.7311150506502715	7.734855943637464	7.617887998900362	7.571998323240073	7.719859856598546	7.582294456106793	7.684986519788859	7.573502878599249	7.976087317891981	7.665948626916389
BGene_0072	1.3793950678786528	1.2918293780190238	2.740946120978482	1.3359184743589694	1.4493378681552946	1.442524334470437	0.9468830273682693	1.3230153876171098	1.5911102491351123	1.2855576216167062	1.4663539897435736	1.2308581189261405	1.3951771848490209	1.5894437464489102	1.4282032534680573	1.379230131366214	1.7089726862108416	1.2561476013017854	1.3237196870605974	1.6020025760648244	1.2007057795417169	1.468727875366286
BGene_0073	5.369166622850322	5.169807235904631	6.334661949064729	5.436247135231257	5.177621384898423	5.196564869269078	5.3948465392785065	5.121954264362537	5.348866621094266	5.226252383824768	5.121997421443114	5.5055466741691905	5.148982517354076	5.712588667338161	5.414331971605293	5.19944057432043	5.201353017011889	5.259776130902368	5.251774494183045	5.1971679709291	5.164013903427793	5.159335425528963
BGene_0074	2.3124938229106853	2.677843752905776	6.061671764005483	2.423134464925059	2.534924033509256	2.550972278438676	2.723210052304837	2.6657405526662297	2.5872562371085706	2.625611788181125	2.5747050857383185	2.631050944027381	2.61694256882049	2.500913428854734	2.976293855100805	2.589196886003654	2.6632361163039255	2.766018907220303	2.506157287764932	2.6496438914429583	2.646966507221962	2.7823272278403186
BGene_0075	4.554166598203289	4.471480242774036	8.121955292797225	4.701418610416117	4.78357074461448	4.736490061269147	4.370052229607861	4.472210077662307	4.585279885406729	4.367995082475122	4.54489680867982	4.458915471943034	4.343653322651481	4.418783705591793	4.504246581979311	4.625135908493371	4.420277870389615	4.282935695353566	4.1660964300091585	4.581862741138629	4.416689796983343	4.545528691987185
BGene_0076	0.0	0.4419029935794768	0.4020672540825382	1.265312654129238	0.2503815242676779	0.30784486992254256	0.0456026991708709	0.23410862893439288	0.42542877017059655	0.11441342909190519	0.24218215194355147	0.13244320065197293	0.24563819086632424	0.29228007833022474	0.11840527157115088	0.23050977532134817	0.216988191468972	0.08940402656610752	0.16646771062443994	0.021426575998820474	0.077877174151138	0.019242108665750046
BGene_0077	2.1758589490746227	1.6922723915788864	1.8496938777241114	4.7362006423299015	2.179335115390127	1.8692234125917855	1.9781472151665311	1.8429919877721743	1.9852331211908403	1.9369715823512592	1.9246480662203957	1.8768128398893218	2.020850965641447	2.1776569147064717	1.927168023191804	1.9760181815910438	1.946107298977318	2.1366050547788937	1.9591684089393429	1.9466371139970688	2.2467988721773557	1.711783678309579
BGene_0078	1.222685627482794	1.5368215155748823	1.1766827497689043	4.078067821224034	1.1836522208798108	1.237217747753379	1.0592945597969932	1.145802840445192	1.1897593472565655	1.184182554046748	1.0936037772628708	1.2602456581391845	1.3116114407882329	1.0103168759196413	1.4783613869135652	1.227295799477755	1.1772391745092896	1.2564716594334817	1.3957253397267766	1.1720839560872587	1.220970232178355	1.2280610277444322
BGene_0079	1.6256160971628573	2.079370016991243	1.6007821659360975	3.362803833393013	1.8275509859460848	1.7466102141442303	1.7065572454650786	1.7277420334016318	1.5506397340089706	1.827159321190219	2.0253153861084616	1.8850812075550685	1.8329893331307723	1.5936848139086197	1.5874504811886228	1.693432966430696	1.6969616912307657	1.7421577961243737	1.953815362415634	1.8107260753887064	1.7009925666893944	1.4300669291876353
BGene_0080	0.7028324832917016	0.4375755075996636	0.9752498862647963	4.1486603385119585	0.6825527520817756	0.9993961865832982	0.7598892580342628	1.0151893209915375	0.8721079535281849	0.5284260018029292	0.7932481743929725	0.8242584539878814	0.6470802802151564	1.016803077724087	0.8484214179043856	0.88054743384348	0.6006601936472221	0.7897746338114516	0.7518728502451008	0.7271929471247708	0.8407583439980598	0.9224057037501353
BGene_0081	0.6189703480175676	0.6786587597984302	0.7242918153516208	2.247433487044137	0.6810982210209564	0.7319139658461966	0.7653940615839395	0.9069245993019792	0.5731129587594813	0.5884893445004278	0.46531801696606995	0.505852882252905	0.6378675417092072	0.5819751915521439	0.3553561947633489	0.7744701982028505	0.6679453296245877	0.8560502652819032	0.7133124003057136	0.5522915537164003	0.44975334247871623	0.4926451870515721
BGene_0082	4.228597960540793	4.015405031630563	4.210455898645075	5.263177478246629	3.968443789074553	4.270749707887006	4.217543206785698	4.327098090114718	4.275120266439336	4.357517077679896	4.327401399578989	4.322713776277755	4.326520348934557	4.308538895081951	4.341062372924385	4.119600096321144	4.0832473314553015	4.213395878626439	4.432859196938631	4.186565228234059	4.454464625846851	4.178798172974729
BGene_0083	4.99916914978002	4.870990784413559	5.080147545790747	5.658437857173228	5.017748931108305	4.864909818563182	4.673886988165015	4.697262059567726	4.843575080445546	4.9168308526625575	4.993314821212672	4.956359964262098	4.855726307442922	5.067513398636445	4.671383768220301	4.797275722974391	4.940417539351317	5.030912185275805	4.9077404084354415	4.9649168255639085	4.913043196935284	5.067379877154743
BGene_0084	2.395848118555828	2.316218751233178	2.3598359790317476	6.22737641206372	2.276341944223047	2.2288296711208035	2.537734095383361	2.410123542428819	2.5212687803390676	2.3806930311720147	2.435808570261693	2.425237187139632	2.557082309489027	2.2024228083334596	2.4287508304987218	2.5637710027877074	2.531506598623829	2.570673003498142	2.2749904104187535	2.464115733821049	2.14006267854985	2.1765302799330457
BGene_0085	4.159525625096391	3.929969480577959	3.8340651769452867	5.711301988485403	3.8011914712398434	4.08530175603136	4.05511279348196	4.002727444775462	4.005180619344562	3.9369169252756624	3.716770094315432	4.336316105759847	4.045227799389306	3.8825572994772624	3.912240246013935	3.832225331779528	3.8837210895496397	3.8421318226940846	3.847389640432639	3.803638636259314	4.028884761539689	3.9729596276004306
BGene_0086	4.4618413743412875	4.361520815151951	4.076605092968415	5.651892592135102	4.210689945194419	4.459614888176902	4.6209730130995	4.304029399388073	4.5266458224217985	4.5455079299801975	4.434983785940572	4.508674494801857	4.408542138214062	4.215500963865038	4.456665969119099	4.160760371327253	4.385930091774747	4.407979799129301	4.4069645948953315	4.3373129921105535	4.206365304741394	4.404477762734776
BGene_0087	2.136494284539067	1.7237357402070699	2.1182631572956936	5.741458237367735	2.0015365058018726	1.8042927021460653	1.4484563627119136	1.8532043632164499	1.8363094149299608	1.8902975693460726	2.0268003602031532	1.584564252264052	1.839609391260166	1.7833703403530172	1.8069396506663136	1.8515527275665367	1.9203495817892755	1.6674432654662703	1.9683651145476713	2.0953990612058213	1.7916760658888757	1.8363438384038044
BGene_0088	0.6616754487563307	0.6088673812461656	0.48651697312118025	1.1433347321830847	0.5143513108659742	0.8338825737076188	0.4744019795690017	0.7130120317525249	0.7314288646355651	0.3480682973541283	0.4312650456897097	0.5279553646894738	0.44278168748015556	0.8189607505417654	0.6284881969385353	0.47786752459501913	0.27480273810637085	0.6548848184156342	0.6880050722284416	0.6446074973679867	0.4967348590679975	0.6476743115607624
BGene_0089	2.7490232695120107	2.7862470157694124	2.7462612913492177	5.220725860775774	2.6677117574140343	2.6921261932030176	2.8032798478260714	2.474279368815398	2.407300032721491	2.6748874789094903	2.7018864700308423	2.806136049430064	2.642231554851935	2.5711705571907086	2.6486051451198875	2.5514002551759796	2.8570993624688397	2.5179716438453106	2.7947300404543567	2.758065879802028	2.7120622508989176	2.524288404255711
BGene_0090	0.39361755960761663	0.34565750777418774	0.21713878675556766	2.0190179257380962	0.2294488975613312	0.5231817805425285	0.09282522108961566	0.5063694920115275	0.9481064974773148	0.3033560776222363	0.41560990201091114	0.7350420687848161	0.3839062695991998	0.2824753055748329	0.16126042509320057	0.5769892062612627	0.4191638941242231	0.5336429636857318	0.4356240448161025	0.16408391493264832	0.3805583671960903	0.19639150321249138
BGene_0091	0.9853442082722619	0.9034368503350739	0.6261346756503798	1.9526456487832724	0.6881647199246196	0.6161128668832025	0.902614242769476	0.7328157966223843	0.885819988205824	0.8811572769039897	0.6312796981867164	0.5493806134379783	0.8941881900379107	0.5793929291360094	0.6198481111001954	0.8476573440034816	0.8529385742156914	0.8532749298956727	0.573933896508338	1.0778604454265215	0.857942666835088	0.5493686734350279
BGene_0092	1.2243847296336892	0.9629695956762205	1.1854974623014887	3.9126520575308827	1.2555329865404212	1.0641661375143996	1.0035421574482586	1.064629156044391	0.958055653644939	1.1444468575012434	1.0295928386502071	0.9859319870824048	1.0286396412756789	1.3688539176999581	1.2705607892518698	1.0810941127821478	1.1227258204391595	1.1083498631638575	1.2409209789593527	0.8900869802865609	1.2633342606323474	1.0074430882082959
BGene_0093	1.1071329033230406	1.147559103199499	0.9143746093928125	4.47985303314986	0.9238406149423084	0.8448289360837098	0.9182896009007933	1.0614407574614941	0.7016938335099125	0.8811913245003133	0.8077477768945558	1.131464436614706	0.706689618237072	0.9739744133150584	0.8476366444562177	0.6926567270963151	1.0520386011331448	0.9146684755329975	0.9253622909872766	0.9158958064076771	0.7399469902810163	1.0053394400373894
BGene_0094	2.0179383342077424	1.869543033793335	2.173278583901226	5.12520229105152	2.4346239427516587	2.1137598793220778	2.148921758157406	1.928586897667703	2.4053648169836204	2.162053019595374	2.153756278535019	2.094566627245681	2.0415097593496347	2.1660651590194395	2.554949716209251	2.204329108463484	2.003811841377355	2.1190236995609877	2.117107873191822	1.798509650848493	2.276543686899295	2.172934918452823
BGene_0095	5.20041854466681	5.078810098183046	5.058607649224308	8.87063353423933	5.108961651507269	5.305022755256933	5.124114886539361	5.21556703304763	5.232819401424806	5.298291925188332	5.19970267498277	5.161182749472458	5.361189862435271	5.24611949211221	5.233857299145574	5.365701815166608	5.006150672691125	5.1159218399932245	5.326273243819084	5.40590232586372	5.3746144469988195	5.2774759098420665
BGene_0096	1.997351525651824	2.1039286868386844	2.1904706715423847	5.489975412068501	2.0941608135146144	2.307182582862544	1.9484406629829492	2.144536330999267	1.9782332553371877	2.161213658236136	1.929166682444356	2.174976520845507	2.0058503305445416	2.0000981107555447	1.8803544384599307	1.9901569635573173	2.095712462233311	1.7655367427032833	1.859187049608725	2.026922641665787	1.8099181510614293	1.893088270340273
BGene_0097	0.8955496852301693	0.8870013399308263	0.897101716580549	2.530143253284556	0.8351522098559129	0.6608219729608861	0.542051684068771	0.5386041477794017	0.5444961306244502	0.4502166743484608	0.5164704238084034	0.6626624882467809	0.6057757777356376	0.784199573693628	0.8420721604359471	0.8627135691362696	0.5412467740973703	0.6949052401876665	0.4842816814974446	0.47933845025641864	0.7916934351460088	0.5497111799847819
BGene_0098	1.1172484519373502	1.0336324962067462	1.0803728934700396	1.2946010218566195	1.1449133373336688	0.8846180863088108	0.8252839520761208	0.7671874330226647	0.9471017077043481	0.9391550278395568	0.7860937773402323	0.9811015514618371	0.790363197018884	0.8991421875519804	0.766958274342559	0.7853226579180597	1.1897029189398434	0.7337580945788782	0.5857765371218502	0.6013713696282594	1.0139518575203552	0.7879029810864757
BGene_0099	2.677694087937829	2.923144034704347	2.9261701906783464	4.16625226483238	2.8571140454703303	2.903199903428571	2.807732269104362	2.833513903013789	2.4972080206888987	2.6175402259255707	2.9977501813067633	2.9786326913670056	2.8643962450240728	3.004805793815936	2.8787027850600655	2.829806113339592	2.897800033809415	2.7250002522591914	2.820506340093452	2.7224900361539492	2.7102658939315853	2.671917381120417
BGene_0100	3.5408773886270763	3.5648944438985657	3.375270360098225	6.760070547274025	3.2978624592966987	3.8558442683594585	3.2138510086461083	3.5705896762868257	3.48677700522024	3.917484174989668	3.1843939859366466	3.1633195302020334	3.384026764862957	3.800763000567369	3.254137363005169	3.214798667832474	3.6478858317793814	3.4390229474175436	3.328786202276203	3.4143733579171642	3.5122996823514456	3.215623957766747
BGene_0101	0.7918212163239748	0.7794896096154601	1.0366385235672049	1.0063302073386178	1.9446753647485207	1.0149851695824237	0.9591921439498623	1.129131805760794	0.7834278634747508	0.7387605241379697	0.6784189777433363	1.0029892855533067	1.0191748661004	1.0677313943829974	0.9066819381510444	0.9495857265072982	0.9051953536427717	0.9694645800098943	1.0725195578494529	0.9773527436482724	0.8809717538661965	0.6930025327997672
BGene_0102	3.087363152787521	2.852587495102898	2.8807837010128976	2.985846712595802	6.773540285222187	3.1351800550461544	2.921028979158944	2.641080269503061	2.9360970289272053	3.050325387954121	2.913690631962668	2.7239466140568593	3.2184248012024663	2.8713617795131436	3.0536301581508987	3.036519599668617	2.8595451129805127	3.234620589445725	3.1287882958782727	3.415120769901867	3.048853813742152	2.9432666412909856
BGene_0103	2.430753461747058	2.6390880087796202	2.2039295614548964	2.556553752086027	3.8574606593521614	2.2762200224083387	2.3308761875603996	2.4454572549856057	2.3348691113353053	2.3049720241284475	2.5865064479531514	2.5296945868923526	2.4243078652448515	2.513837134285049	2.5387321407162813	2.3592489794634357	2.325101182386979	2.259315771207463	2.6042171830013556	2.446826667413904	2.5547845545442263	2.2748684493063025
BGene_0104	1.353446798665274	1.2482677373487054	1.3442628103474508	1.4398670684555173	5.12611393597677	1.4788357321947192	1.3788229431922285	1.3918043014366603	1.7452927132030112	1.4785550600801485	1.3563744917128504	1.319424345905281	1.394783751430662	1.232604751961345	1.446469533133869	1.410147901645758	1.416239026753402	1.239904031171913	1.3618559430434178	1.2809249636924505	1.445955932735239	1.5040320015174635
BGene_0105	0.585944770433492	0.3329814499511137	0.6443271199517041	0.6130884985340631	3.526588603192178	0.96525498755864	0.6470063784865283	0.447688760746078	0.40356069563261077	0.6514094809464439	0.6183463416561503	0.592875278961522	0.612528316055204	0.5636459889091603	0.6402521973992565	0.38290946272819737	0.40484921120917094	0.8706821626310113	0.7585834970893971	0.5524558469439639	0.6984264932961689	0.5712088713011382
BGene_0106	2.7024430863956987	2.818276435850636	2.689207370571444	2.752448684254024	4.626589549148747	2.9962389456930913	2.7501618939170034	2.858662982401008	2.786139255130721	2.88263460950534	3.011198873721787	3.0290884827522992	2.871009724354068	2.7281941414932778	2.7612432918540972	2.8863141814820987	2.7913471001874566	2.6305949025818354	2.666089359162594	2.811949166113759	2.8253723248509384	2.923242104795513
BGene_0107	0.7483894163183388	0.662530644564818	0.5810075750855783	0.6459279857338094	2.7218643822300694	0.6094737382093458	0.6353982314960739	0.4826025345366681	0.2580915744191922	0.8169565129267075	0.5939578673108699	0.5215963709453165	0.7541373205334373	0.7020684083105714	0.40610605333989425	0.6603627991163581	0.7220605230049928	0.35474046539109794	0.7212268004721641	0.647609288549718	0.42640424841753455	0.4658623172991441
BGene_0108	4.8167385791971284	5.00058092767495	4.8977226945945205	4.607469852303962	5.497263935805613	4.8955209774830175	4.894552832721578	4.765552874655778	4.72607162182204	4.792772101269294	4.5872804270559655	4.685989932281905	4.786986716811195	4.969096466074813	4.653818097906033	4.585602397218287	4.807485077858252	4.441942074641377	4.6116309664383115	4.923076359815475	4.598390917376142	4.743655935483271
BGene_0109	5.209683871629871	5.191432382295877	5.373537254086167	5.1251085451995655	7.757109383757764	5.20014466665642	5.259559351159316	5.290559651560945	5.136352550747759	5.038260208195996	5.033964197293437	5.42357253807987	5.025808667560755	5.10578776170729	5.266573409521094	5.266598046301412	5.116160589275455	5.112933803907217	5.255515792590892	5.013058010788363	5.193356081832157	5.064779595906112
BGene_0110	0.2858669434305001	0.4494472958391819	0.3628531467566327	0.3101292462767499	3.937211868133538	0.284302155086653	0.4887641579023346	0.42168480510642503	0.0829330031014516	0.18485169882896643	0.476621738526921	0.4538426083835356	0.2141447346132602	0.3427299822965846	0.16780426792354602	0.0838415837156525	0.41845063713819475	0.7030846479099075	0.29708188185757023	0.41352425794109815	0.14659679407829077	0.5803869747692304
BGene_0111	1.6644664855477314	1.8720067286676365	1.4942426765617827	1.884303242851452	2.794402785070008	1.5135192687292156	1.499995931053112	1.4662303984697898	1.396608178449136	1.4842333204327245	1.4964179925639451	1.5122423424131861	1.2783033105312551	1.2739904453605044	1.430202362682662	1.707700988537038	1.550286742199624	1.417837121324853	1.3833753839270995	1.5773058760994236	1.6949100704856277	1.4203428433576846
BGene_0112	7.3404761637211555	7.573166334467584	7.389698199130201	7.200313369191824	10.943882155063749	7.434654697475642	7.525672222350401	7.3621544381712045	7.394177061471854	7.49828238350224	7.4860822783615655	7.33798554359131	7.345317980743703	7.40531524417624	7.1966676776455065	7.3849721783557465	7.5714378157143045	7.289392620236923	7.565454917380611	7.282755961624519	7.404396144024759	7.516464125476171
BGene_0113	1.1321310985385273	1.000430032374927	1.220101656946824	1.302303750780862	3.493225313852456	1.1677073385922763	1.1693378932805782	1.2685051314187274	1.216741677466461	1.4381823216629555	1.1172346928296715	0.862843637778385	1.2291911198628205	1.5453518740955867	1.4194207469311872	1.23677606239822	1.3477798155509206	1.1736521103690685	0.9857635804671143	1.2178574972780833	1.2375333785419291	1.2316082314510848
BGene_0114	5.5188993816057454	5.590307574999432	5.354202077545254	5.4900128097637895	8.438433361155884	5.561474051589826	5.536781485314162	5.391433623352919	5.646244777747759	5.533894502298791	5.521485251394287	5.575908595120263	5.443404029061113	5.649690411557664	5.579846926096784	5.472075382977149	5.4774726902989315	5.680788678707724	5.400885099984455	5.513137435944194	5.38857388094294	5.800214503234087
BGene_0115	9.225072390342701	9.118254169018089	9.136321866626037	9.231055378855384	12.847369388731238	9.12632496463834	9.180716796544313	9.155673824747309	9.018328101437215	8.834860913051878	9.039294905899	9.290099176217309	8.89796063672965	9.056728286553096	9.119759040165803	8.718559179308821	9.001227102423734	9.096333681444575	9.117042183602319	9.037002015075682	8.886206321137289	8.843665613654599
BGene_0116	1.53073497628918	1.4877753636305646	1.581054467654495	1.8484044720120079	4.867810093339934	1.6055879290748913	1.6291422041534085	1.5224956352396877	1.6646038628950441	1.6945300689368783	1.540416875662611	1.831782068699683	1.5030159510496803	1.7580752974017362	1.672212023573658	1.800449499134288	1.7107330611827	1.7389389481221524	1.8178187313796528	1.6246102186879303	1.605722847498718	1.5861897610470244
BGene_0117	0.7926737134219326	0.7434383421154032	1.0320595045815069	0.837430817201436	2.39702045934955	0.9767704352605203	1.1071858003942314	1.0278807538719956	0.7826590515843065	0.8250661798015612	0.9118087289452346	0.6054573563340329	0.9702193768213315	0.6901278974017417	1.060582651831077	0.6455797350126242	1.0046895933713553	1.0133606574965026	0.8758397676418092	1.0856529414393659	1.0783131067853584	0.8450004289699866
BGene_0118	2.3388132687132743	2.3736018360742617	2.5647636806086207	2.67430185911094	3.5739794189636935	2.6084876965466495	2.622620142358044	2.641131011744904	2.187721358809431	2.6269030793831853	2.3888494832566343	2.513037404510643	2.4748732944568985	2.3109324260504085	2.4355842522882396	2.502908930181194	2.6079282195232114	2.7224500067552855	2.6046407153567475	2.6800529106561664	2.4815324129914007	2.5930737201004277
BGene_0119	3.1634746349065113	3.192991912495934	2.892549723595345	3.2295306153405154	6.831456783133315	3.3452847186227563	2.904881848984448	3.098975150977753	3.147858931932417	2.992115218925931	3.1101758441118172	3.29836564831562	3.1194818556271575	3.1583991403575986	3.199717259241158	3.0734569901567874	2.844425267202901	3.338028694216597	3.2078917673790515	3.0248279697609033	3.212562928837865	3.083404769304038
BGene_0120	2.2388110310645204	2.1526661301287215	2.2444122444244075	2.273748529167512	5.749169215859372	2.0754426297595483	2.344207710459168	1.9819949870620328	2.3845734697374223	2.1890468529155362	2.0813751250896884	2.183672794852015	2.1088858800492347	2.220111457681688	2.2482886265603175	2.3834231635630503	2.2063321810712773	2.2853918792017565	2.254910570974224	2.220164092848613	2.2617699836812526	2.2251720148037584
BGene_0121	2.407595408699321	2.508496632827429	2.6758276671921326	2.4709304315204497	3.407691163572932	2.604934756957777	2.4189754077259034	2.4734407379592938	2.4610020529229666	2.373932473453231	2.5411200770829248	2.593274175953454	2.518027945206046	2.4893726359024337	2.19191326832486	2.5129856786180778	2.496960456256271	2.488768064535954	2.3124820805954758	2.300085690828024	2.579211691582654	2.568430904552816
BGene_0122	1.8911187064202137	2.0270824572746986	1.831225661465094	1.8581098873842428	4.441368412107013	1.7381583392809787	1.764078758776354	1.838253154921666	1.456414020374143	2.104555061586514	1.7987582807078413	1.9023320279197256	1.8142710987731043	1.9730382406017846	1.8199903434624913	1.7065773621733802	1.8200057245966423	1.9194312649121088	1.8386404825195877	1.7956060262156988	2.2023866741801057	1.8907699607626083
BGene_0123	1.7114741120580428	1.4185114694967047	1.8614683739328537	1.5705927664203108	4.4308571965374535	1.6594578913865838	1.5957997516002398	1.7471367034784344	1.652025103583558	1.953417125635602	1.889100587494888	1.3500220066850124	1.8858172572986256	1.6331097514445776	1.7931505213790475	1.799072377330801	1.649289351187392	1.4732978618674903	1.3486298114686774	1.5754423148789982	1.9285926592194602	1.5572911971266925
BGene_0124	2.843077301923738	3.245583966463992	3.034774588842414	3.1125680840817673	4.2847134902031785	3.1124870900675097	2.9877947798711864	3.030666663011568	3.2354134027331014	3.0367455384917994	3.262819617005036	3.3486300468312162	3.256536484079685	2.998143027501166	3.437036699030913	2.95141927126371	2.995211837743031	2.9397210111411662	3.4884506855973667	3.1509042785661467	3.200469909387788	2.850097993762525
BGene_0125	1.0937450882943147	1.1102711327016193	1.0609244090629397	1.0382784467195214	1.8747935467707253	1.200309843911069	1.1535704053126747	1.0183051937627245	0.7512796715262088	1.2004097310632738	0.8094215027501728	0.9413047972162067	1.1059256316193276	0.955509528900788	0.9881063098922904	1.1412958319260345	1.1948451481208815	1.0608059817912052	0.8008886255067558	0.9686513790478972	0.8034995854188698	0.8270202295177949
BGene_0126	2.8215023738977068	2.877399943185742	2.5392005376544025	3.0522580486368804	2.9604380182685555	4.618421333070194	2.6336185300484405	3.1647786649271854	2.9164568418140746	3.057871756947109	2.8190940606458286	2.64518447984985	3.24724220660453	2.913460166913211	3.0951194668745146	2.8377341698362746	2.8395887312635884	2.8156086276589045	2.6195409427511964	3.235727134679978	2.8343917348576713	3.2252934098742516
BGene_0127	0.5001743880199426	0.6124168112765689	0.5269783228981201	0.45071864607267886	0.5477396806781655	1.8848428326531603	0.4558696897490032	0.2959489104970159	0.36206525478843565	0.24849599617313867	0.41752236122267494	0.6296126579175073	0.49901545197511066	0.613332471962981	0.6805672124501785	0.6757994868730094	0.44550219568382804	0.4703359495002817	0.49791551637235276	0.6143221436071115	0.4685817605446352	0.5968585047974335
BGene_0128	2.214870001002118	2.043946888502442	2.0842059869504697	2.08129621825623	2.0529643715563384	5.621365962500319	1.7636859730181549	2.3855613448313764	1.8476815880046464	2.1072908454286083	2.1003938409153435	2.2435076405584033	2.1616358967664047	2.2017230768519402	2.025324138705092	1.7977747219806504	1.8274358691043437	2.215743154160123	1.831570820358601	1.9120171967536603	1.9453787905461288	2.122286998873114
BGene_0129	3.9031112493439832	3.968713940297047	3.87390149120733	4.212800236409006	3.730406840395401	4.466426949785353	3.7611722283981748	3.6226217984621125	3.884971918259864	3.728100533471202	4.0366559305895775	3.630834846950958	3.819102549633625	4.0265187233587705	4.01655151954595	3.6068806267324143	3.8128338994365514	3.832354593100318	3.8682792724456645	3.9905011704785815	4.041517093229687	3.8532694610744813
BGene_0130	7.161779802947553	7.535355577840841	7.502652675652132	7.300847249144661	7.102229368238318	8.54506910925105	7.377461041720108	7.446050676925325	7.424780010064133	7.2700771109289875	7.380518802471523	7.395836239503036	7.373423627378212	7.370634127778142	7.376583376035741	7.5005698767650335	7.326650055014929	7.248975023020523	7.3630948951876825	7.418181076133696	7.41703799485253	7.371232642611802
BGene_0131	6.012517227400342	6.016549949592151	5.951579142640284	5.892333653894952	5.86810934050592	9.401206941856564	5.985229195209352	5.862644867168602	5.905223654728354	6.046648562783066	5.976133503036376	5.924551433373872	5.973501134294001	6.048835870999138	5.7135307333014635	6.089594326245056	5.840007727755633	6.15803763610083	6.09484660572494	6.03030783489927	5.929562310802067	5.869912514249652
BGene_0132	2.2138621187456224	2.157293061821198	2.182613163813424	2.299471805036401	1.810563949111042	2.5829565261301086	2.144849137208351	2.2926308021018036	2.1529135907545203	2.0408542394017575	2.245769954904571	2.0147290624382133	1.8725006407857239	1.9982495707546046	1.9818299360238791	2.329516804264445	2.209945542709858	2.4293202971486414	1.943398941426832	2.2580227422741412	2.115621254696537	2.065470636346489
BGene_0133	3.538322318270857	3.4834204066835555	3.4168178843238266	3.5596652585794155	3.5203175184670368	7.044972374269689	3.733634286812363	3.395791552729925	3.3777597206252974	3.655422752709774	3.4443405782248546	3.5632233608556407	3.5231417995504795	3.5174813703051377	3.5573687264301967	3.4782803014232484	3.674067005796919	3.3889012287037987	3.2253174991743068	3.3370260297789165	3.2834984573019224	3.367797944421853
BGene_0134	1.2523089747323013	1.201926423733509	1.4631466865381595	1.357745681899527	1.347793130953033	4.084537694203796	1.1843495438492244	1.3150480090520993	1.4117771779032846	1.2352364945917849	1.4329055173387373	1.5119804140823185	1.3227394701473847	1.5050994854415938	1.2893166028425327	1.3524273900673085	1.2641470432248652	1.2177828860807696	1.3787506092683575	1.0510447746166267	1.0168955046873436	1.432242765391264
BGene_0135	3.578547042523179	3.465776185479339	3.6113554601714415	3.3577372682034285	3.358989192155042	5.609470233822616	3.675952541071886	3.412454196276133	3.4773825592987717	3.4928816065196937	3.3942207194814475	3.6358120303818033	3.386914244213892	3.6243397611720423	3.248992384627058	3.3392412622130645	3.458112247390093	3.673602390414037	3.5301855770912387	3.73220920677175	3.5453246216968757	3.2834810618077217
BGene_0136	2.769413954665834	3.1400766291204487	2.9031337233802055	2.7273500703066076	2.787640248940041	5.990857141739109	2.6425755403360407	2.814744223038173	2.9748517836158928	2.9466127748877775	2.910085056721452	2.9474209827732767	2.960604097512329	2.8354186706577185	2.7574078724209063	2.7655649035550427	2.8405221648763233	2.7987101794489644	3.1390809706157285	2.980105370881281	2.867516794095933	3.0201406819605845
BGene_0137	3.5988315452942192	3.2738063500111236	2.861652743882464	3.0821507989184758	3.222764829583251	4.803367835094859	3.3850341089331826	3.167117224146296	3.1493586667054716	3.1904953599366395	3.2477402548481207	3.161757514288552	2.779604514506505	2.86861070245778	3.3465216639710196	2.983572631059217	3.0982432975956335	2.9922257889385295	3.116463596109797	3.0373533742709893	3.06072353831851	3.1146055221898457
BGene_0138	7.534087018595813	7.5918397283394805	7.521749681044435	7.233137763882525	7.405133308453662	9.33138216148279	7.169212229372013	7.657781476845006	7.391385609675696	7.256043385888491	7.397817390853608	7.27980664217134	7.267558155991739	7.617142568806171	7.61969849574192	7.243883095330984	7.624641841413443	7.532256851329522	7.355319683114186	7.2344119302003405	7.50010968544195	7.332413298162781
BGene_0139	2.449004101962441	2.706641018695087	2.6743586225804887	2.5613660007034516	2.614038181120427	3.3384423531830048	2.622526226021424	2.475672432356613	2.571857568087316	2.5509739222821675	2.6013469258716597	2.4555597095239015	2.1123167525326325	2.5393916078806726	2.3423516056046956	2.504139299965917	2.4741296241276083	2.391663136226621	2.4954964932077313	2.620372996706798	2.520392780692134	2.482845703531279
BGene_0140	2.9483988705682895	3.0166013264311133	2.946173337695085	3.2126535472040354	2.9599648625304025	6.180619236858164	2.8222378165399076	3.006890798034996	3.0022756672500313	2.8511640966976755	2.9408282172617	3.138693738339256	3.026783473523676	2.922575045327155	3.209773418114871	3.011221276741979	2.9347930069478703	2.6820303115819315	2.881159172282126	2.9885677583484904	2.730331377070548	3.1702039834261355
BGene_0141	1.4269838127509666	1.4632025032813358	1.5493028604330414	1.8238172506735575	1.5371956339868573	3.414082839842623	1.5562562907321484	1.3814137363020962	1.8363518761893618	1.497103381007793	1.832432175693366	1.9712234531266353	1.520604005663863	1.5290753235721335	1.688027392205062	1.7093033371408142	1.4622566801471046	1.8298611026700973	1.5844453117768835	1.659299605393821	1.6766344617701503	1.8857112050443494
BGene_0142	1.7099095958903723	1.5434423112874975	1.1708688186464895	1.7970684295624846	1.638821551515464	5.063364983048559	1.7729749514848343	1.7263008397686388	1.3465854706743223	1.7517948273758681	1.412361215155306	1.7860906950024429	1.541416530619423	1.572621094292584	1.6123618120267298	1.6599187360914802	1.9282806583153085	1.6555616176218375	1.5752758563590468	1.312462671069844	1.616407009138519	1.891151575141181
BGene_0143	0.9545148005174993	0.8186516186851293	1.0310521863105258	0.9181511297807273	0.9275565482024786	4.253642622839046	1.0789453448198552	0.8522147235130864	0.9701028606844698	0.8733205234162189	0.9265246938316124	0.9974658715497438	0.7543647444394954	0.9464323840514889	0.9877331647450273	0.9482569988423294	0.8055261629745084	0.9206590362147756	0.7907578665722566	0.8734727814066036	1.1447502372618574	1.065216728619797
BGene_0144	3.4528368284320767	3.214376572001994	3.176777862612108	3.2713585633069213	3.2120776203447394	5.4526764412858135	3.035834220456598	3.110004349082223	2.9512519717436487	2.983813124036706	2.9577549827701644	3.2436303669371065	3.2860734143309314	3.185570845978732	3.5674531713023963	3.0309341160841496	3.247227465461061	2.940401101748465	3.409976624364241	3.321153042914046	3.3004468016853883	3.3569551869123755
BGene_0145	5.87554919661365	6.1702234767548445	6.090550745275204	6.273050366322348	6.096561801438443	8.061862159360961	6.118320767241914	6.315288856641696	6.096388048538803	6.237007990263056	6.041297324858431	6.152592982503732	5.925307402925322	5.959447095389343	6.165246636505009	6.097933134506599	6.287496558946465	5.975417788463293	6.254867652887208	6.067772637459839	6.064318316649348	6.20815915705533
BGene_0146	1.5893165154816105	1.4173082409769717	1.0473041903060198	1.468644770153149	1.1386303773279147	3.085007765574608	1.0652420291517277	1.3486121414503567	1.0181343999275803	1.5936870572628328	1.2286874365463367	1.4917221813506207	1.502231588214753	1.280163888929429	1.2357797608312588	1.210488682902039	1.472389005472496	1.0288461165715292	1.1317352717217968	1.131856632813799	1.1666428512381797	1.2614036442010008
BGene_0147	3.436141766908347	3.5940038917635926	3.5893932032670635	3.572228965553348	3.5203196177595393	4.7939993256076825	3.4317921695870472	3.305555331981524	3.2371407369548852	3.587976614675597	3.102410885131792	3.2720467703098537	3.4746080255572	3.560818988602927	3.509637820567094	3.7196713398567067	3.4160617865242386	3.424265364559186	3.5145762092488173	3.5005731165746856	3.408505184243331	3.4879221488874155
BGene_0148	4.3153806500469605	4.5030204855532485	4.465355723374646	4.446058428709305	4.348435388666526	5.101896374134253	4.400747077548855	4.462378288341834	4.5452110557353524	4.43121820554091	4.350282555641933	4.574981528466177	4.507650883393791	4.408692715592666	4.601243815433553	4.318883436503195	4.376991073495536	4.723490354665938	4.559108484148093	4.4013759138465325	4.679090862668268	4.463799674751317
BGene_0149	5.181844380923072	5.397235359943303	5.157517279234837	5.167456156425349	5.179372028656879	8.317002806935662	5.385972164251432	5.035232681172533	5.355462483165208	5.314751839909421	5.484987915335772	5.250137957456671	5.164602983780825	5.511759560510749	5.477810091025618	5.0376313817303995	5.2420661595589975	5.266609107713079	5.366193431428985	5.1447996677886065	5.2551358748503825	5.094756777357817
BGene_0150	1.3629701500731743	1.3516042059035707	1.6653012603564248	1.580407257766296	1.3040208032021978	3.9429547863970154	1.4979198860998104	1.5950871246564495	1.7528897936808665	1.2469789449524622	1.658515381576401	1.6039998025664604	1.3904049810531487	1.6373830371417144	1.3186740674271067	1.3824229127276637	1.7181884785674884	1.6683229692762152	1.7243965942067185	1.4073704780240768	1.0425862788926659	1.341972567942487
BGene_0151	1.1892146379459818	1.1624436490076975	1.0464821218719635	0.9975666743112525	0.9468888874350077	1.0853963281197057	3.029213460141973	1.1768313304672913	1.037175602668891	1.2797071038794596	1.1716665495865843	1.061714848478241	0.9342192146923558	0.8977385260833333	0.9640520630574625	1.1283356482723337	1.0515270385033497	1.0884877126645034	1.2080743082808296	0.8085273956982058	1.3574313241431408	0.9468971798572543
BGene_0152	2.5149119689234323	2.4129974343438296	2.4835129433439973	2.4531888839193354	2.558395392884737	2.4735474574210263	4.272500011072619	2.6190783492420326	2.4876195139384296	2.2303098887978985	2.4623185892254877	2.5629098571432616	2.6476496738612996	2.7240884194971717	2.536723001887273	2.656622476601967	2.5121059190047714	2.709822681721472	2.748757930413066	2.751579420158456	2.631184320757342	2.56214771412929
BGene_0153	3.24490445312981	3.305660058639683	3.389080612499196	3.5069487930951566	3.3101390335848566	3.4924313507827187	5.586835236631122	3.341842211305733	3.3319274539493016	3.259468085863271	3.5443992020665283	3.2110567375292915	3.5382644266079435	3.2420716628997495	3.405133394505861	3.400081059469111	3.2209782851874134	3.229737611459253	3.4296506620803124	3.5145563490052387	3.3466257627240794	3.3523936287114737
BGene_0154	0.8084545341335606	0.895495761777016	1.0376578656579656	0.7451095118524602	1.0261345330613225	0.7649986589728198	2.2116012514927066	0.8647560850697675	1.0313206070727194	1.0075814707337116	0.9851619477341067	1.094023140145506	0.9231390377582035	0.6425152769689789	0.8130121717033121	0.7798572470681717	0.9689800516529805	1.2010094751350897	0.7571258460822639	0.8313662001390644	0.6782442737466086	0.6792520348456651
BGene_0155	1.805329274408252	1.662645020932104	1.5203013600873765	1.4190866119567078	1.6431262215787035	1.5893464670021922	2.288230258409406	1.6379996716604772	1.7680748903380759	1.6310198773934352	1.7761409914913169	1.8577894840677982	1.914493742128188	1.3351303772267666	1.673385774537262	1.5841456681343455	1.7486749704454816	1.7268113311538786	1.7645085443493105	1.8789989490420629	1.6450828132594384	1.6825933623519005
BGene_0156	1.9411149651943713	1.9482990454388518	1.712992233704996	1.7587267852427946	1.963662775861294	2.017257563146619	2.894835076232732	1.8705527459743492	2.0448501129172305	1.866167120430869	2.101399800592742	1.8732703455718183	2.07098497052867	2.0826485203809173	1.9701481792582	1.8405012754504448	1.9609297071697995	1.6075983731037171	1.8446026204363424	1.8818883464957716	2.1332797854153385	1.854787715244869
BGene_0157	4.711319382413789	4.683430951095563	4.464469946548464	4.450740287538122	4.774132575340461	4.546248478580465	7.356602478381055	4.66457264066675	4.63552788889594	4.806800967109253	4.557210295325293	4.628377259206093	4.5443655461776675	4.5356229587029055	4.526570383865007	4.500242539228493	4.494320423684318	4.868222428165821	4.607657862967915	4.760223547978602	4.878064974275528	4.459001135395725
BGene_0158	0.4495761236649844	0.7029859191009207	0.7169819149805317	0.516860098058277	0.297637802302	0.40370472805951696	3.6388413422432624	0.44534651737998066	0.6268484558099636	0.48763788204116565	0.5817997376914694	0.3892258033967232	0.45242710098919936	0.5236798515758093	0.5936678635753798	0.5333156053526379	0.5629514354350879	0.4709972978569521	0.4677913580425443	0.5459962441116739	0.7657919467537949	0.741045525328804
BGene_0159	4.543065385402924	4.415612219806226	4.646488182455262	4.365928803580158	4.448824254246248	4.803067800877824	8.417330062858467	4.885832147994348	4.483448324804381	4.703005818139513	4.574256207285725	4.703605617335816	4.494550433645246	4.672305634228758	4.894938726521984	4.564480547150948	4.613281609994776	4.47059797971231	4.272095916138709	4.573364777260575	4.631096982933141	4.5258873651161045
BGene_0160	0.9251077696231415	0.995690266203465	1.3268941312523501	1.0058696838317702	1.300802126619398	1.0479907522803662	2.803274844972405	1.095718449595895	1.0627890393267754	1.2653237821094687	1.2086049396049603	1.0234765471735456	0.9112117816410967	1.3331906591442058	1.1909060860493579	0.7444060043549283	1.1933735191126764	1.1310583340844371	1.1279644458570204	1.2782608172265582	1.2057350964126987	1.1718065960343047
BGene_0161	3.694995090914643	3.559062648504277	3.270001229059974	3.3631451796925003	3.571778366692832	3.7241918759088994	6.340345320854364	3.2378415974797345	3.6907941581425967	3.7155072193268133	3.4920617475818183	3.3460096819591962	3.4054060540195734	3.5731280581403397	3.592874360408723	3.5045599149433286	3.5377196098750794	3.288743003690085	3.522367984389809	3.536695006310015	3.527677394198591	3.505307861550144
BGene_0162	4.872477051054337	4.7329239684299615	4.600656525202503	4.641893836348234	4.683321747450347	4.811038558285874	5.982690524508898	4.987173320326496	4.899145223921066	4.770572546572579	4.53449236868879	4.99421246820098	4.965039606684452	4.853558050164421	4.452910280929028	4.942765834553416	4.752676638960933	4.844687311589653	4.712634531286522	4.477486987222119	4.577149758299035	4.633787818815379
BGene_0163	1.116559296091564	1.1163536396518774	1.1668383340483355	0.9150421149394293	1.0279052699095192	1.5147028297635183	4.3808944158036915	0.9856174744421544	1.1850952475198364	0.9535734508898097	0.9892017112601547	1.056559913721306	1.4239950743947771	1.216817238905417	1.0984255934299507	0.8237965767317776	1.1811922361627312	1.1335591449732871	1.295188276607514	1.271313741285859	1.0578241686379097	1.0213577783545924
BGene_0164	1.4175067033178517	1.684765462080831	1.675132314521996	1.8300047334174934	1.7664418160783923	1.4001655239905186	2.200705897870781	1.670832490564772	1.4774863874891961	1.5105071264647447	1.5202477262509804	1.5602131568024848	1.7214172806588075	1.3930925340770772	1.6250960389981177	1.6841195604230346	1.4781584067113234	1.836245263154599	1.6066262465363303	1.8159646504951996	1.4476829906268447	1.7121798929274177
BGene_0165	0.8832433657534909	1.0342511428746972	0.7459826337138397	1.0094182726757575	1.108119172517991	0.9440089169921663	4.735061520322808	1.1836750031080356	0.9217256940878775	0.8609104967486854	1.032370866055136	1.0090769432017352	1.0886504128971821	1.033970763426551	0.8561297169255876	1.1928278170042943	1.0672060943430937	1.0279063855942716	1.063624065108627	1.0029943006888222	0.6884307085300272	1.284612863454452
BGene_0166	1.5842488918356679	1.6352939927264514	1.8669009993580676	1.4779111299050758	1.7252944717431793	1.8174586343273176	2.2554840542065286	1.590932271187167	1.7073408972043211	1.624466529569823	1.5894740864684487	1.731252837017543	1.8434539792464486	1.5634604892866537	1.5007961759881794	1.7690252290747295	1.6119861847649959	1.4759119411375135	1.6106278655339024	1.9015589883241428	1.6577735978900041	1.4900865475626874
BGene_0167	5.627242129567503	5.4770112629341545	5.364608296166269	5.538666805064916	5.4081540369173196	5.370536436398936	8.07020140075745	5.385250382048859	5.3389097731097035	5.41110071195039	5.472775935986625	5.280058470473532	5.291322693351809	5.557896514812544	5.509949163893838	5.275092094267915	5.40415517629434	5.294385048879762	5.610846009145703	5.431167387707377	5.7128974448621666	5.596739329465631
BGene_0168	3.7461493910054826	3.9192968399583696	3.638546126323739	3.47357615264216	3.8614045971301345	3.4948472621664717	6.746849993426988	3.7993832261284792	4.07349299369017	3.730073428034703	3.9975216219160474	3.7158564080264016	3.968792681352545	3.972805028235824	3.926742071053818	3.8676080806807906	3.845521498376391	4.026767551393028	3.662219842509163	3.6828790297236425	3.9979241482289036	3.864636802283445
BGene_0169	1.7480428043039082	1.8480347530466283	1.8241083787815922	1.6865836200715576	1.7890387256708087	1.5073175808971113	5.503347045039678	1.7207083857143537	1.855851750741383	1.8313317132796594	1.8374483982407392	1.7794160767145446	1.860043360227544	1.7635865089223504	1.8979533293333009	1.6545160336709201	1.8975980155087149	1.9216543696967172	1.9835117754126075	1.6347917108537866	1.9726561719540894	1.697375213994791
BGene_0170	2.8899198333228355	2.831827402436695	2.803174200039034	2.8055190811584727	3.0564585562128546	3.0751760376855644	3.695026478589738	2.8355937083129006	2.803148584954758	3.0173285123238824	3.033242464071998	2.9057372671781367	3.0502271762294084	2.990376213898864	2.863689962567803	2.812175421723107	2.8878686592798357	2.825872618522468	2.947343605302746	2.771264547361186	2.8197537134329913	3.1054209383343427
BGene_0171	0.9686869247972982	0.2824459402469205	0.6458655700636142	0.4783386821886852	0.46049479292875456	0.229808140566714	1.8083704367359632	0.5192422701914301	0.5849169287397672	0.6061681349543124	0.5688764122788244	0.3567216395180358	0.5092223684653123	0.5898655042704791	0.6514927570263034	0.5867849595672848	0.505472957968113	0.5298373350231063	0.682057655558185	0.3802826902244668	0.3957400297411864	0.4681616959486622
BGene_0172	2.1719242556116805	2.25399034547522	2.3240665421206606	2.419322681727978	2.3381105212417626	1.9412354826108607	5.820799140382313	2.048350289604066	1.8842939627092254	2.333449618949568	2.197015840655041	2.223318513378697	2.015786351537122	2.3279389911837245	2.0811975495861366	1.9737446307617124	2.207289213470779	2.3006680555644223	2.3808236594628314	2.311393189072416	2.23791110471041	2.185367250796663
BGene_0173	1.7513407167335622	1.8551425723208403	1.8356902825355772	1.6202326939803504	1.5875590645066493	1.9517520529311203	3.3943316525151026	1.9322189998814132	1.521453451413837	1.890539621169127	1.6962108696159435	2.118383990924473	1.6966428893990813	1.5370064234369014	1.867801823241079	1.7523796606424902	1.9219099574716916	1.9909084152345142	1.5366338483634063	1.5627953691143612	1.5390053021727217	1.8272712365063766
BGene_0174	2.2018995539902555	1.7335026247679701	1.7360530202377427	2.0003575889036433	1.826826096102671	1.9736864533658036	4.418661791799537	1.8222505601758343	1.9964423492739205	2.149226052823255	2.1294376665493973	1.9763936185354611	1.7146278289074806	1.7356310484437654	1.9415088508867586	2.102038858135467	1.8888644528259169	1.8707046719872904	1.975469868129659	1.9511236249505244	2.307729223986487	1.9912755261697968
BGene_0175	0.9679409333872353	1.087993794756682	0.871541696221392	0.6392538803593397	0.7514918386303404	0.9126470384105784	2.8427357586424695	0.7647214393295467	0.8637100846466493	0.8326546920679561	0.8853306655770247	0.5814624895317818	0.7124645253187057	0.5870412754206396	0.8651039582148421	0.780495060665723	1.0466198830362403	1.1051316026576874	0.6373932141727193	0.7365253056359699	0.6433229051062443	0.7658707239862536
BGene_0176	2.7176048967834787	3.1929376696916165	3.073627945965809	3.002780033280821	3.0294635056236983	3.0172954098460116	3.181344239978512	4.955363173065238	3.219100711603002	3.187658048942954	3.1109809213440007	3.0368500409434227	3.1442757069520835	3.268466810782807	3.0449274770763646	3.0906011940480385	2.805585769032806	2.84084015286834	2.9905623816724796	3.336153690911483	3.08212869518114	2.980958386677087
BGene_0177	4.335209798293614	4.280815142772711	4.077102740917847	4.111634223456874	4.396824227652715	4.138509504127323	4.290659509818022	5.280549753363834	4.1560443700980185	4.203462789635251	4.291339758501966	4.449722668250265	4.223417910172745	4.308539007315591	4.213673694987857	4.227908562604102	4.246379938414327	3.890516390489146	4.13994858026379	4.226785395822364	3.8633186049714774	4.0559498536610255
BGene_0178	2.7630421663321365	2.6744609650660345	2.757854294068506	2.756965259128271	2.5460183716861784	2.5141761510631344	2.6563737566061003	6.674046417532045	2.795564354581609	2.5879169238934745	2.764554052271229	2.5316789364554753	2.856967363501023	2.790399438700121	2.643382490670061	2.5512714645616894	2.5806649752587103	2.869301972499858	2.847296469953749	2.5374838714051866	2.8590089903693405	2.6270023455878366
BGene_0179	6.913842847175166	6.488634569566824	7.197091623141897	6.557779387351454	6.842955816923767	6.932370621085575	6.868849247267085	9.941295083637726	6.958132057427585	6.863821198261204	6.835882449013107	7.086672555207853	6.752997745075396	6.814927524178934	6.80611429458363	6.767442913091206	6.756086483826865	6.775602069353437	6.679236485257775	6.815121003337586	6.986831569135571	6.700081634942347
BGene_0180	2.4468429245309014	2.513134338100071	2.6807088169372877	2.6965903281655628	2.6275852594280273	2.7428514302390172	2.7271309834100537	6.554344320457594	2.6365446559111776	2.6677054242301534	2.862420704103667	2.6554042419465014	2.365723389231149	2.8904673965518484	2.5701387965691556	2.761518596781303	2.7692784793155747	2.7965581317699204	2.6576477070301032	3.088855813634265	2.511593445316487	2.631513656023572
BGene_0181	1.438508873527185	1.5560771463446796	0.9717444104425381	1.576409653567905	1.3177773177070349	1.4669120690912336	1.3313651577478187	4.232197650732559	1.3935120936032181	1.392707487730757	1.2418517264044153	1.4214449381797885	1.447433184455445	1.1890875145496398	1.6412969108355413	1.260916769693164	1.1590712298550867	1.211184794996004	1.0498932693152625	1.1786689725636528	1.1659271016482005	1.6153970181238329
BGene_0182	0.8420916072395837	1.222908569102247	1.0293870044173834	0.9957892602065364	1.0530468294225082	1.0540508542911848	1.044583545419871	2.3355847756240093	1.0504639390024786	1.218220487584405	0.9581092144272974	1.0963535765093144	0.7426990467237793	0.8894202316343081	1.2708636010595955	1.1165980312429102	1.162604056639337	1.0401735700023447	0.9756503489752014	0.9589990263516258	1.2480755772432404	0.9717360646639347
BGene_0183	1.4226625333393887	1.0961989007600503	1.1898344442243072	1.3496829731671616	1.1521375591317946	1.1062772869148405	1.0678693585048702	4.606179335946917	0.9959195447098839	1.1697266694259858	1.2311394786554926	1.202800234874806	1.1602602108067523	1.278335534455755	1.2490003418708944	1.2745375073321197	1.3744518699856174	1.348775687776586	1.2554013082560507	1.2125788891798204	1.1397993243536801	1.2516228035406514
BGene_0184	5.49164918110457	5.229732753726569	5.497735739091292	5.317429367571325	5.5176198359892465	5.633494554384877	5.1223029964151445	7.408886061910992	4.983839753388909	5.47207388663357	5.039750859128481	5.18425447312676	5.470866440559011	5.436749334091118	5.2854726666714615	5.215875133903916	4.908625433718813	5.2121783834716116	5.407473234054349	5.402066014041483	5.1684511647858145	5.324395351602045
BGene_0185	1.6178522309942016	1.8195620304073228	1.530225695408178	1.5287340372750766	1.6127754154201501	1.9342134195670235	1.83835588169174	4.739391327651614	1.6735095017543518	1.8452528369424677	1.6439316649073015	1.6933334902698263	1.6743988209126341	1.7965747119786188	1.869004014847116	1.8808972205731833	1.7677598692399974	1.6058733232340139	1.9512758970310207	1.9652994113402376	1.6684245789021555	1.346322552843637
BGene_0186	4.793440168221558	4.9801796643710645	4.942869201350506	4.9888460317404775	5.181283240454647	5.130439045791375	4.862260169798276	8.820874535621492	4.881905827202577	4.823706449316612	5.007249942685465	4.955600490560954	5.029769776703924	4.849277048674619	5.225331889881899	4.917351144562471	4.534659215392103	4.862533619139342	4.884151233232275	5.071370316401743	4.822903647807072	5.221565191319752
BGene_0187	1.450894010042687	1.6881948046049555	1.8217942334701083	1.3587651595776429	1.2491077941125783	1.3525050498664686	1.5080769659609488	2.6902050232174823	1.8720789191368443	1.1404812167883396	1.9029790182782063	1.5779799623688149	1.7172131923033578	1.4874688531641806	1.5823469955500675	1.417645731662864	1.5396174773910611	1.4139385267545959	1.2669717421951854	1.502453933009351	1.4922830362684196	1.416044353038156
BGene_0188	2.987028237083665	3.0739032660582324	2.787922440778058	2.662603036860952	2.9663195100402566	2.7548706402933276	2.8924014184949995	5.770139749563839	2.6820333599826465	2.9907128969809285	2.743769433847322	2.900982844945455	2.8951740468312814	2.7295057353591847	3.132320909925038	2.697522520464584	2.646144218307943	2.9515501650192384	3.0397217582811136	2.870078362654597	2.736230095865794	2.8486956369100898
BGene_0189	1.8001849448606335	1.5923383376949491	1.8367536883328301	1.8145195330493178	1.9929306670582638	1.9145714948203978	1.8589274617461666	3.678614136152918	1.7856945904554784	2.121543348355262	2.0174324408512625	1.984267448667029	1.910170399185345	1.936748871964436	1.9240991577911493	1.6612530084538122	1.6751668529159085	1.8752756432126891	1.7673569724293827	1.800166372131517	1.9161133744260457	1.7781307757580036
BGene_0190	2.065075121316113	1.945078125520418	1.9851727215016923	1.8657124273002368	1.9272634339895922	1.878211349282854	1.9992990599280471	4.198669737306314	2.0483142005769723	1.974587623948865	1.8370818543405125	1.8916251760308473	1.8431078060295552	1.7338564419534632	1.8574598915526503	2.0398627049567324	2.0438170293643494	1.9216200722532224	2.1422096228283207	1.8293627310810878	1.9217848840107632	1.8875434426178992
BGene_0191	6.191030834346164	6.001588919032024	6.376455206330235	6.332291623187611	6.281200035381058	5.972928495797032	6.469427675045683	9.739877064186762	6.18799937496172	6.0654088659129535	6.418677605013994	6.081292835109126	6.086733330350781	6.319401081680131	6.224544467021824	5.893187115622396	6.186008674476032	6.402578048771506	6.045223151152419	6.172185840222991	6.166191014428158	6.0635779998529
BGene_0192	2.555675746476215	2.4299827817787856	2.3236901080621104	2.507152141232119	2.8275274180368424	2.4357258476614927	2.752633281628039	5.587360265146542	2.102956231656686	2.2353582048219294	2.5732966097553516	2.563738851476656	2.3537042128816394	2.647495036355587	2.9147453384678212	2.399132983300315	2.3284709219830604	2.6413470518759645	2.439365618802178	2.6041158359367644	2.5640801825266246	2.8312708733107437
BGene_0193	5.027656575565195	5.449545102336342	5.143101162151913	5.473846604230988	4.847502824005835	5.1549292835701275	4.964872347250317	8.321897107515019	5.160814304879568	4.76870574389968	4.917626344244461	5.0428353545539375	5.165976143728601	5.407830623478429	5.211283581393272	5.192778341256765	5.159345506738856	4.756774504648902	5.334707555546455	5.206701813553966	5.114355284133941	4.954328738557399
BGene_0194	3.0014331359959234	3.1972826221443174	3.155271526773324	3.2166288823619986	3.0480262367840902	3.0828109097549596	2.8488826279965784	6.865662538879689	3.0531608339971603	3.068663646268076	3.4417799161764155	3.3617797491298416	2.9051555379527376	3.014814526901898	2.864136872005404	3.351931581618221	3.344750078220527	3.2911542750853875	2.9865069584401116	3.241711032903044	3.156229668941573	2.9935415895068056
BGene_0195	0.4020947085515219	0.2615974694054021	0.48397783376539183	0.14013240000047944	0.3543045707925263	0.40272073462840696	0.2570231613124394	2.7772574512338606	0.3693250790893186	0.10541041709005772	0.20207544580384704	0.33428025695153135	0.20987365757496493	0.2757515192939425	0.3361516017831882	0.14737631082223052	0.3891802312444135	0.2838227699687293	0.46549787907208856	0.34119482980641425	0.08636756762889256	0.0781879996494814
BGene_0196	4.650104595964129	4.530106618801211	5.032536240339382	4.956799766366061	4.771485819120543	4.668931836875612	4.881575325268024	5.711426658795511	4.53474593712418	4.84046014917856	4.744043525894797	4.527545987871058	4.940285380566923	4.8556010247244235	4.544236167816558	4.878264444629378	4.716834635703702	4.511147330382279	4.960715153497281	4.7454356616852085	4.683913362575411	4.879776170620655
BGene_0197	8.352294435229302	7.776672931020678	7.983165371181405	8.004220372010975	8.034100147983777	7.868346249561779	8.220521641455914	9.572526515230951	8.034820081814303	7.931632788021234	8.153576621651458	7.888452800585322	8.088345559337686	7.902743231352867	8.092934421115142	7.828812875943876	8.19776287647237	8.102983007912254	8.135857331866578	8.123862878976757	8.11587554815726	8.498023198269012
BGene_0198	0.578416985136196	0.7758210892009093	0.4791637106801316	0.6041190118048919	0.8045774497131398	0.72201427719112	0.9298319167704014	4.48383721635652	0.6496506110398634	0.7161821798194458	0.771997375666711	0.7979571184418581	0.6860237517588816	0.6317627385537429	0.6711674664138251	0.7346492429780435	0.8344169353386012	0.623710493387482	0.9560102940915615	0.653809642531804	0.9332769538096013	0.678304439044195
BGene_0199	4.821584545482892	4.889594661386144	4.8821196828051505	5.026836804399569	4.730594669663975	4.9612683963118975	4.875093035839377	5.94249793333952	5.003021150512818	4.833617294671686	5.146351165247493	4.801478822432722	5.121144116877266	4.879531720179113	5.079631527778932	4.751469557196304	5.000549525322727	4.823407834462275	5.096637795900479	5.091064131063976	5.1826857713944126	5.165219767127155
BGene_0200	2.06423916481809	2.1893622092363167	2.14677617891496	2.1543743265796604	2.011605350798273	2.0625540994762113	2.1174100960445945	3.4350921778131043	2.3449400547651402	2.5145934738577274	2.0422315028366387	2.089581662989403	2.157301062047285	2.161850155898632	2.260870966644319	2.229637372106208	2.1342300521216924	2.0076393249152438	2.2182901636130308	2.2018191835239205	2.0726223560177126	2.213512597308581
BGene_0201	2.2455421222964533	2.2916378203019967	2.476543898892113	2.622294717307258	2.2669436351841505	2.332626086903412	2.4972799042384737	2.1759366193632284	4.512601936611586	2.434756958168068	2.3675176569083245	2.4008108397696235	1.9501149714755972	2.4308917744672125	2.0836712725234303	2.16933644744586	2.222600499224412	2.3607627991393607	2.2951665727747357	2.489952519900757	2.248929235164656	2.318356999672328
BGene_0202	0.9873783838740054	0.8291729435108411	1.0949264764197932	0.9339440439805559	1.1128071812990956	0.7809594985632045	1.060804754002595	0.9932923493881975	1.8257680256416335	0.9257056499551087	1.1068295016917575	1.1759055815505597	0.7030253495385264	1.2929897939557748	0.8757184181224009	0.9775850511989916	1.0112735723233401	1.058909657838814	1.24100249974498	1.009817384138493	0.7849681855170314	1.1917213108642644
BGene_0203	0.8912374383047255	0.9471921451037462	1.0160353740996007	0.9344253216246836	1.0594135355963714	1.5321003194387324	0.9490219710323635	0.9596304562741369	3.871350837934888	1.1026833388207637	1.1332176474055309	1.2144758422363982	1.329827646933093	0.8587703380742353	0.9299235591498058	1.1257986523627923	1.1938610372260388	1.1826788927963383	0.9708763096447701	1.0774467335443478	1.0600826021976404	1.2456725462467373
BGene_0204	4.916097549245801	4.680390292854954	4.564667640655687	5.00635522640909	4.801062278835196	4.894390166259196	4.922483710270097	4.840803893552879	6.324406227441024	4.8103789338043565	4.840035814673932	5.127631225766445	4.579990173117846	4.827135105057111	4.945355671935746	4.932104108003243	4.571668999514931	4.591550296762103	4.836878729727663	5.037246260998183	4.502008889033203	4.747473319884593
BGene_0205	2.249575259201695	2.0666362718253315	2.420975761009265	2.27361009650872	2.1803576804817033	2.2118756197518317	2.074098984876087	2.212649389238355	5.2832092420188905	2.2143273751755075	2.3796769627533654	2.2059346046980006	2.1567811058850084	2.203931539326467	2.052853128870692	2.108265841178656	2.0849608495326377	2.3808503616164813	2.0476324626870093	2.268471710385903	2.310202388612298	2.203273143431929
BGene_0206	0.10916988564420657	0.5851188928675947	0.21545519431833915	0.3568931072913652	0.044860867374268254	0.17652850935476042	0.17646833932901437	0.2328698535064409	3.026379794754023	0.3010493203189955	0.19587657715088225	0.4442229820264903	0.16004669082766665	0.2906808151023421	0.48676613625629556	0.37433842414529866	0.17454450610430092	0.1369444286792245	0.3457952232656637	0.3844431315122344	0.0	0.09090886700536921
BGene_0207	3.0154850387435883	2.997502909548253	3.0559322050402904	2.934637885208361	2.873583102431303	2.61592941553085	2.9028531550802525	2.7080980345284402	5.811775615355506	2.9436132407812625	2.8357455479091893	2.821450669975953	2.8367831164158064	2.6841783216702786	2.808074881375137	2.308776917999822	2.9864127165421275	2.979318274812033	2.7306014530965177	2.745825499277699	3.0570945557390434	2.8345751589145336
BGene_0208	3.431608501015862	3.7761472298108925	3.3926212858715514	3.226837886649581	3.599620383157829	3.532339599327967	3.4880183938740137	3.6831124226582483	6.071509698161189	3.687086156461069	3.899248065582517	3.4659381082401683	3.6195236290213533	3.4126528220362173	3.6735547848018952	3.4078402401166827	3.6400565012647434	3.545725077942002	3.4622133668014983	3.281484033577264	3.7531911867462964	3.4564950046805456
BGene_0209	3.0738157623061104	3.1068418871690167	2.8479350950306026	2.7735347597161057	3.00988460363456	3.1815913194543324	2.9715738572638926	3.0300322394777406	4.529680889178387	2.968775429488086	3.266993520439558	2.804943768211081	2.9078355760378214	2.9364613883843433	3.025128105127553	2.8205420513750488	3.197865746977006	2.9290025133150404	2.8971393917173858	3.094923273128951	2.869798712934882	2.9228505478662345
BGene_0210	4.533016432000972	4.3705313705591395	4.569095226667139	4.542162370782667	4.4987693631130306	4.59002244370813	4.56472495557163	4.673453905477474	6.854665962079595	4.7244065830674336	4.137343427397045	4.682093165625748	4.510651059898733	4.544451651838295	4.555282619821921	4.520833857951726	4.057767696700587	4.487521322774606	4.244079273976298	4.316438902501236	4.530344320115217	4.3867478886967435
BGene_0211	2.3469832681748977	2.47633748138912	2.548752798065147	2.422067452847318	2.4456335445089703	2.2055288970270404	2.23920991303752	2.340452979376133	5.0413540841849995	2.3779761420848264	2.432236328501352	2.3667725503445927	2.5009905504965158	2.5432293090615663	2.674309968299965	2.3730321932265865	2.2893586997070643	2.759856858421329	2.6904107129639514	2.3389308954204893	2.489026429872391	2.1753727713594726
BGene_0212	1.6109856295371434	1.45496324003274	1.6079656923394396	1.6908491954163738	1.5950941381365151	1.6323821535214202	1.6788537921947733	1.689536060877238	4.5055175498484	1.7004579025258348	1.7863909341022213	1.5146152017133674	1.8193552770465724	1.7339187213210931	1.614459854339784	1.5974454270324923	1.6310180115592057	1.845538026542548	1.4636395011144192	1.7027397042708863	1.5187079549581612	1.7359819594920554
BGene_0213	2.1093431265577256	2.4477592499755207	2.546009641100249	2.4504406344239724	2.224518361458627	2.7416633476239585	2.4298404878803006	2.3315021750774245	3.159865864119883	2.414119783137598	2.421863344839069	2.194260326468599	2.4534590463392285	2.273934799421099	2.3383943399120883	2.385947765348573	2.4156141658870616	2.476396849574899	2.4112809741030166	2.4037687338045273	2.577856784080804	2.3649117448764225
BGene_0214	4.007656459970054	3.852152250512167	4.08462645728493	4.141120277378466	4.0341747787544415	3.9558497984810606	4.150526317302811	4.043081400008862	6.923222257432523	4.281016984515271	4.036909628292628	4.349807397209194	3.8798422767459355	4.0315919003428435	3.7702698498067733	4.261752345867017	4.175349662476173	3.821237867089588	4.296497875296512	4.195433392196011	3.7500237253368525	4.058258009277089
BGene_0215	0.7114983682079834	1.0097987362273142	0.7817195115070268	0.7985549384986176	0.9813806337158955	1.1528401414774865	0.857185435545377	0.736197508296251	3.279330283707177	0.8997838131418618	1.10456912132449	0.6354945426118498	0.9187225874263445	0.7682105306938409	1.079867773334474	0.902980128032711	0.8987443197222656	0.8420602206757005	0.6802339050848363	0.9227748217655314	0.8252189440802009	1.0708380037147724
BGene_0216	1.9628969471749682	2.0470254552053473	1.8786976502457964	1.9313438182617357	2.109365326276657	2.0953081769188877	2.1257957062103214	1.8455482486522798	4.971340612804163	2.045925609232803	2.2197550245088746	2.081292286859507	2.1702994286656456	1.8790999862861295	1.7972530131638382	1.874990868105875	1.9094628309535784	2.0021068075464874	1.9810341219183425	1.7966528149056078	1.9668067837994092	1.7853856107807138
BGene_0217	7.23087436742108	7.237508640914391	7.00205639811495	7.209977511791099	7.091199063693594	7.146459858979122	6.923228582858249	7.27676099458563	10.390212065664121	7.2942366135155705	7.179557124083845	7.081620015271882	7.24463021134852	7.160390607944044	7.130594628673323	7.41183845081554	6.956956158810326	7.238293448736384	7.373604752661039	6.770495728177078	7.319261450890874	7.249381707746055
BGene_0218	6.252630716539157	6.3695842740005775	6.32457208813895	6.360475553294518	6.503651655257992	6.427025262897655	6.170636923528849	6.27019886446036	10.152542103823889	5.942916323362321	6.696357921900707	6.323993970035402	6.397551519200582	6.182489660463895	6.343271828855171	6.236450780495403	6.361559189093706	6.370412153267443	6.4244666426081976	6.2550298499666965	6.423433145184934	6.322815841715531
BGene_0219	0.6364548020310371	0.4893232663264613	0.43341144380995755	0.8105241075189528	0.7882874968284168	0.6106012053793194	0.5211922148922644	0.5667876907934299	1.637754429085317	0.6064987802474158	0.5558023623078482	0.9982415794414037	0.6383790888511827	0.8228949626177369	0.6834564730399457	0.3181091890778473	0.5041612508059635	0.6838971285519835	0.7036090447104961	0.43212554819419846	0.3294532897779	0.8450397673348393
BGene_0220	1.8132030327553343	1.474349884613834	1.7469368787966455	1.4675071592051732	1.5936924564388766	1.4771818718488763	1.3614900678971504	1.2902950315791908	3.74119164337264	1.6994202570031895	1.5074578804849723	1.5225129416115477	1.5492506670811428	1.7202845728756957	1.4222478734375228	1.735352413081195	1.4190809947497425	1.5974054552727281	1.5780514927490046	1.6654995682661822	1.2679314115907796	1.5608564589369482
BGene_0221	7.666236019054344	7.8290073185913265	7.878057150681696	7.907366880916588	7.881994622610845	7.786183455833811	7.889280947349829	7.943419719907297	9.637299529337266	7.770503551162239	7.854328904356741	7.708143349447296	7.636622996971799	7.800752737729315	7.923965909189178	8.02404566192481	7.69791402537149	7.785668155720499	7.98561426184704	7.900894248895944	8.049557122998374	7.63742124271469
BGene_0222	4.797288518169574	4.799037847598994	4.585936610491119	4.738595029317943	4.667526048436649	4.741618867623298	4.822304577896534	4.603812341739848	5.809001396633186	4.858187421206535	4.651274688463805	4.808934301516715	4.717441391496928	4.766638011474006	4.71211457630322	4.751242600566643	4.55510504132844	4.600006074213253	4.846526757070646	4.908300564553852	4.940065282329038	4.82624425773495
BGene_0223	2.300402900590207	2.0692380450293806	2.114873553520309	2.4313561694680836	2.1133097054281853	2.131079621672438	2.2185327550930873	2.0942181338937997	3.0316885271540697	2.171660560209375	2.2811659802318927	2.2883416833519585	2.296955814205385	2.3429600023224446	1.6237618135939274	2.0910270068298624	2.2261599837919483	2.4090701152859166	2.112144247672475	2.30580902695143	1.9862933154227105	2.385458507657929
BGene_0224	0.37199199269546646	0.29105935278395767	0.3141606032332739	0.05422580859073728	0.0	0.5726259449821041	0.17490510450212382	0.2400408453680905	1.5624303570220328	0.1729914751756685	0.3408490676711701	0.12398391349776777	0.09589595734410739	0.19554430563654598	0.40906052799756004	0.5331887874117496	0.09630281950958948	0.0	0.38877329972191127	0.08956892830344504	0.23114741539786288	0.21497508500852983
BGene_0225	3.412309505324279	3.158059259411197	3.104856684586183	3.006614448502639	3.115247228284106	3.218378129521402	3.1962763664525777	3.2415128241827333	5.943031717604754	3.18681167941711	3.173817276000299	3.139654525095318	3.3120138313243372	3.4960177824531664	3.333378134683024	3.186045147746324	3.227280843023653	3.057836900191515	3.257999372984385	3.219255676704006	3.4909722557181433	3.135109790211225
BGene_0226	7.852867100750553	7.940088624988894	7.748357307684533	7.696122065495894	7.948752528159742	7.5527375276214	7.696036565022033	7.627270588737957	7.544122786152235	9.636000115526562	7.636096310236248	7.763200384480978	7.7897912735572925	7.753465279725888	7.806503733581809	7.74399421814973	7.7544677344754005	7.4807306657954005	7.877738977945752	7.6604387648520955	7.685689104471235	7.766308950891305
BGene_0227	3.32189215642675	3.235949920439032	3.2459701549531084	3.1829298967378574	3.3128534530448976	2.8388754500713738	3.093823841895526	3.1253061432339315	3.072564142978271	5.972999496527282	3.28832631719552	3.2820637971607822	3.3467885210199566	3.3218731041204825	3.1945641352901446	3.3940133076943066	3.479713646783508	3.1754066442174067	3.2701921155619353	2.824239230369299	3.1795644100930853	3.4152932020223448
BGene_0228	3.386447181352802	3.465861391849733	3.3078002964563886	3.2012213690208084	3.4128050603292843	3.2633089087756413	3.525101631324402	3.486020818286512	3.3594632870543406	4.59263294027235	3.4534389054902292	3.2953690585072666	3.437457336805416	3.3803386417727532	3.510992128722265	3.3889355061736772	3.476918116494489	3.5186747496100264	3.503140546671355	3.35509800770032	3.23843903684711	3.3903747544236986
BGene_0229	10.313869646270472	10.447764874141862	10.077897849574482	10.217295292839669	10.391307082843387	10.36027553543862	10.52016772198995	10.084129760300629	10.318643471271036	12.572028761783036	10.352030591376348	10.2831543321846	10.328653731711396	10.122364949802822	10.08056044910582	10.2873971684043	10.3129341601874	9.963866085652308	10.209847061794777	10.294636662636567	10.273499036431572	10.002176673973931
BGene_0230	1.637412108291796	1.658456298201977	1.5672343959761204	1.9701053259119452	1.8854056617376163	1.6411940195826504	1.8714412033261723	1.6282488492136915	2.005637266288582	3.8707068268191116	1.941812561564903	1.8876658238698893	1.849574990855806	1.8122769081514798	1.6472751728830648	1.7201523642353629	1.613976242263127	1.7585980632347329	1.9445654011758646	1.7241314479250254	1.4683683116629573	1.8923756247184709
BGene_0231	2.5107777267659106	2.329883185739341	2.4294024716614486	2.4312214950141895	2.4585595131472915	2.9187721153110773	2.370117350908478	2.607135114790424	2.4442286129860284	4.207831092015174	2.7176112097694958	2.508307461141393	2.42111982188851	2.6583566194585897	2.337792085852316	2.744201397032359	2.8411369321349165	2.292854338357825	2.4001236329345685	2.2475712857311767	2.5358981516425496	2.5992932313533266
BGene_0232	2.711515036427339	3.096433804859151	2.856687901226174	2.511487300015461	2.8936564164565897	2.9399863494734944	2.8182712231346185	2.8118702672810927	2.9349264750240502	5.190167618217904	3.0591798622254216	2.594460357467832	2.8123598419350593	2.7868703291755095	2.7815315105789744	2.97157779010683	2.8291838822403794	2.766283272552606	2.7531056916132335	2.9606468520305067	2.5984386273963738	2.9653025636049284
BGene_0233	2.04850633314221	2.547496929356224	2.1755869961663485	2.065064930296953	2.0531736250194634	2.089120239163026	1.9154359477427296	2.3019569784473273	1.9240153225996124	4.006070779377629	2.070114371306286	2.1493541635898374	2.176292683225492	1.980764087146277	2.3662170190695293	2.313952518583195	2.2661656779271526	2.210625422838083	2.3605391307950874	1.7385498930829317	1.8001275271690904	2.1090221938565055
BGene_0234	1.2937730076139338	1.0854621050360966	1.3070766531163744	1.1162781746250843	1.6067462817764107	1.3170613084217782	1.4267839088210512	1.2291988312361135	1.2615290328995878	3.32017044056257	1.0805826087202943	1.524959344216835	1.4325818503186387	1.4369793556061636	1.0763761663113338	1.5533035995503626	1.1670759974546423	1.5003010154801277	1.2541745525426085	1.4710915764528993	1.543855650131731	1.390955993936387
BGene_0235	3.373926718664491	3.3391185441020603	3.4755540557873643	3.3796126593034916	3.390488511553888	3.388531214782289	3.703300787609735	3.4778000224976027	3.551184741007598	4.619078867436826	3.296550836115662	3.3252908741627434	3.3776125435940334	3.6008476060866106	3.571368463433348	3.3262311663364454	3.4838314360562186	3.4872137073542437	3.3838186794222977	3.54593709232897	3.350540025420927	3.545119466633703
BGene_0236	3.0006615137293973	3.515020788483808	3.597901974995796	3.6193997193049565	3.6108146056371084	3.3559990323322846	3.635122562890251	3.2077167355981677	3.46259203005441	7.510969817824656	3.3994997226045136	3.6492030047313033	3.728321697130038	3.5088137105109873	3.4548065744216427	3.7857615388943633	3.4413913617759877	3.757413444893244	3.551931823317847	3.5367369753725213	3.614803057435093	3.3801590593815423
BGene_0237	1.5310299287019604	1.48631710114439	1.3612319385364375	1.460369733505746	1.3222501041706922	1.4128237035736047	1.1689978850609988	1.1624708930884324	1.2830415364027346	4.772294568928589	1.3248248041377528	1.1762543676617858	1.5557913602725584	1.5069246617223673	1.4877495647704801	1.5776949105080118	1.2103139145299757	1.3921389823857913	1.436247563663489	1.5658015013870856	1.312355476104033	1.6321516745213667
BGene_0238	0.9024097348760948	0.6919354439201346	0.9348695404603264	0.7155921926449216	0.6531841794679933	0.9317784450991919	0.890170327031834	0.714163185756004	0.8513877844428166	4.482576661312223	0.9630443469215322	0.8777058611744867	1.0178972539389524	1.030792352641399	0.748783637640509	0.7659178683691631	0.6991653991678827	0.5927661079814847	1.1006483237476654	0.8988701811359261	0.7636075937842848	0.8318734218361669
BGene_0239	1.306939272321967	0.9722683798629672	1.365049120156178	0.8946043866337153	1.0582224810687177	1.1066740769981651	1.1290949573830853	1.1394809334115084	0.8550648239226137	2.3332623223874	1.1501777478267146	1.1081097256426546	0.9829427279842873	0.8517444496382149	1.2385717800714509	1.1475011145299023	1.033259173364131	1.0640748031540201	1.1890036525339678	1.220284561658451	0.9078633239914123	1.210061077847009
BGene_0240	7.888939906451706	7.939150333176174	7.816960285419948	7.672851068645527	7.680794107043515	7.755038574812648	7.86494850613637	7.709076866099884	7.885795313272471	10.027501584729928	7.568414271111984	7.931769058314722	7.818848531903757	7.637112373153054	7.821143159617221	7.731283495090526	8.067827129407553	7.635107056566149	7.785490297444741	7.736632813202298	7.958795850815537	7.865691333004261
BGene_0241	1.4890449363704437	1.6438703755059128	1.2190993735779427	1.3374401550677608	1.1412310239700085	1.287079310002996	1.5663626921755396	1.21498122329759	1.283164695030439	3.4071007637275557	1.054696523956386	1.4187946962074638	1.2544025900692601	1.2349954314434888	1.5215720124762384	1.4462836597099273	1.2555435891087918	1.4288245590361397	1.686257878412826	1.5366238603744973	1.3515670426354234	1.5514919360045154
BGene_0242	6.669350272922747	6.438281978413152	6.459027679115364	6.411433448332414	6.960295803226035	6.567920953751767	6.851774419712768	6.659723996877802	6.484932205505701	7.737683704059953	6.408536434959844	6.475289672913659	6.500562840988027	6.556090977189454	6.264477195059523	6.442383337952521	6.649451941157336	6.650806600868488	6.492092380896678	6.555360784732836	6.574578973982676	6.261386645865093
BGene_0243	2.287100025167608	2.0228762700482528	2.347034739207938	2.492851492741982	2.324799506594629	1.9528780641184142	2.2642021259869454	2.190779714201624	2.3624318196275307	4.3438953018859445	2.165043672498537	2.54461612611263	2.349511418218455	2.0750990953655735	2.2862813568995843	2.3153947308241443	2.3790783843871766	2.2334739617955144	2.090677323944285	2.325591873697853	2.3204056597747247	2.5441485588173007
BGene_0244	3.7813603255314927	3.954085586226739	3.975104368841674	3.9145361983028866	3.7434247673479395	4.063011704981234	3.927841768825914	3.954803577071579	3.906255224788041	5.18549083062639	3.97960369820734	3.8794687532544905	3.8011482723367793	3.8964528119502724	4.416410436703362	4.095804801796407	4.060125171902028	4.22724563095912	3.8236960522242747	4.055026192013685	3.8057321190503117	4.021910597543386
BGene_0245	1.5144410541101925	1.540249307956066	1.5086652911145608	1.4857664056000164	1.1654675216918509	1.3948300430532712	1.1762589653701072	1.3068401667763943	1.493555667856684	2.119669787683934	1.4279374955894912	1.1999832296307216	1.1805358415237506	1.4513936416786128	1.5531239695223946	1.4246698938324145	1.1659754947684249	1.095200814979249	1.2786669298798141	1.3142542203260588	1.387096174756609	1.4452759867342049
BGene_0246	6.640748517756047	7.03112968324109	6.887158354391958	6.830139857335413	6.9184473264296225	7.169059454243458	6.7398221404051615	7.055026190324443	6.737885690277473	10.767741478387471	7.084735490127179	6.766495094788812	7.00733967648695	7.219786104561607	6.619602987208914	6.847548293173419	6.928755637336836	7.00409734215798	6.84763352635518	6.715929798926115	6.85172409006085	6.994481099957696
BGene_0247	5.817954798270642	5.835835326661344	5.76583686052804	5.370687557127222	5.869593296151902	6.157319081112795	5.951932557039738	5.831982611483146	5.615533853409238	8.409056518827127	6.0038136719702715	5.858854323879327	5.886539782612247	5.6915830969741865	5.895728921461586	6.0022036854613745	5.797725229241147	5.953222661358326	5.836069701521003	5.94747222854256	5.951024073768267	5.67735810774498
BGene_0248	6.429545154777271	6.563006787909755	6.585431403340222	6.502951003802625	6.363022451848006	6.326659354287231	6.52905264999289	6.540249573904924	6.439379662375313	9.192499996665054	6.387045916554495	6.551579784170207	6.31320892024011	6.827957734337395	6.514424281236337	6.579715791491948	6.435296347190244	6.504186535836205	6.128935283877167	6.595347182670944	6.653658278678779	6.518903387075278
BGene_0249	2.1362559906766396	2.345801836407553	2.165657783911219	1.7814844824087432	2.261579699192746	2.230668926523657	2.308495629648608	2.3068260520030845	2.0719602589386166	5.607246901159438	1.9588484100065258	2.1021264548017755	2.320017744878706	1.9646481880591335	2.0546265627214697	2.23761041516158	2.2596236177606612	2.022767928771497	2.45602617431525	2.2028456227509734	2.2802741871854577	2.2526462727035796
BGene_0250	2.5861841499037563	2.3528252681015673	2.446815544552557	2.4256061890251406	2.411440594160793	2.582912048811692	2.411737175945298	2.334921149472054	2.265145457522771	4.883625174128362	2.668640948123066	2.7965114976053664	2.5592403714974146	2.4223528998563855	2.6424437928635243	2.6517686498827735	2.492595314533534	2.639885087817916	2.3164303058437614	2.3137329998253313	2.5639185312641777	2.150757540892062
BGene_0251	0.4501194690004716	0.5979444174802053	0.4941335662693012	0.5436074634556287	0.710125618980825	0.8561481193948356	0.5628656821463022	0.6242688018121139	0.4651893451357597	0.32058938055008884	3.5601219111908224	0.8458853713757031	0.5339021040462864	0.5871702824789392	0.7962606082552152	0.7821290343720775	0.8076369188319561	0.6456001333155152	0.6798566827412466	0.9141950294211062	0.8632889712226717	0.697666360194553
BGene_0252	3.120032636837089	3.0044053385606615	3.480114500910614	3.3166630874693643	3.249783842847566	3.475123303323478	2.9910710799320097	3.1321933520972167	3.3527117470611776	3.150712431833184	4.6781847959312515	3.3401866188905287	3.1730913068058673	3.0414321971857756	3.2402360894522166	3.2540677181607074	3.1601107716519605	3.375299457421467	2.9477812317031677	3.199139640025023	2.9707859388716833	3.190968186149401
BGene_0253	4.932683491414199	4.96301787796169	4.99732801452187	4.897094330459839	4.999246335872485	5.086776921280068	4.776406598354718	4.716080880026782	4.680451967551915	4.885987200067736	6.7759271202505795	5.029500106590211	4.784554351731584	4.740717151148895	5.122642190665717	4.861336260094975	4.666300077004534	4.999616778454526	4.8483249385424365	5.141496388136941	4.949262306219791	4.845574766450272
BGene_0254	1.4510959223671456	1.4668992178319817	1.772942371425748	1.7198031860648155	1.8764952115710356	1.9037896106157333	2.0437090275729126	1.5354117013402997	1.8669837613916878	1.6338161328255574	5.327201320624866	2.0634336488753235	1.7542932525145998	1.9787984142908759	1.7000796523721728	1.727076655725269	2.116002146728257	1.5626586687800295	1.6737421883661263	1.8821836972953685	1.7036740425880925	1.8602234414504903
BGene_0255	1.8262172852807048	1.9483618388100075	2.263129766511792	1.672052991128062	2.0428142146999773	2.0782584411176064	1.8877739408840621	1.9011054370912819	1.9983967308874584	2.0460779246264345	5.462501539173337	1.8698276893547923	2.005620699946283	2.1253479934258634	2.238301745614495	2.3684914891361672	2.0970412644937664	2.2439334579212646	1.958590978037608	2.1208949714217855	2.202210771569261	1.9347974002203878
BGene_0256	6.062082597150909	6.398063702055814	6.3433091815409375	6.412042132671639	6.1601388923916085	6.198784435949983	6.567587651667804	6.085494174296543	6.449347455572738	6.147455476518619	9.160875351615843	6.141549025587904	6.380444024022494	6.397003632985633	6.441656636810277	6.3980563396827215	6.2602597795735155	6.255326953409788	6.390851366573082	6.107903654266142	6.298323051567686	6.407362833039414
BGene_0257	4.7358021868649605	4.820568829803762	4.840378271951826	4.9161063295720435	5.285244432456746	4.979417960960903	4.883722015664708	5.043525488786754	4.9511512097240304	4.71726836980161	7.455093756461923	5.234668864403706	5.081858446698761	5.015849230786112	5.020393490794563	4.807217081066697	4.844926317528856	4.691142369305253	5.064481478769219	4.79357964642266	4.955156355338006	5.24965604430815
BGene_0258	1.4104140339758302	1.3582732822676171	1.3582535420614559	1.5890367753823094	1.4813149471606564	1.2126066399560034	1.682087799712158	1.4745323998403868	1.3471560332724024	1.2275305562164769	4.701882538191234	1.4149940499026905	1.3092048274834152	1.5948110464206382	1.2976786128827114	1.5912771437936715	1.583595897920513	1.4397190501866837	1.517175813347787	1.3997212716269833	1.5778153108115354	1.5172654483836683
BGene_0259	9.231094917672454	9.293735823702859	9.104378636561792	8.948281230216647	9.395895423842255	9.231741152469718	8.871174129171001	8.829041922472227	9.07207424162496	9.389716899082922	11.241056674614233	8.902732736424538	9.361336378355023	8.954706258347267	9.23806752316506	9.05023945126939	9.130025022698621	9.196685649311055	9.110572757107235	9.059168616670172	9.06979111432715	9.043001668892137
BGene_0260	1.2187243734014874	1.2554685920935018	1.351433217558992	1.4135983314478333	1.3551467759681084	1.5373861084459945	1.056669161476945	1.2283616103517987	1.2694052199100303	0.7654657862599761	4.816163902664093	1.2891924519041822	1.3320650762677606	1.2786755086780792	1.3601377693612315	1.4554667086678466	1.0266918361120698	1.2282030724362456	1.410484920923016	1.1680117395772092	1.0917180724558748	1.3719349467944177
BGene_0261	0.9055879986925254	0.8941780548523731	1.024639750364354	0.7862783863678762	0.9386354535484991	0.8513452244383497	1.127745006742923	1.0386208627162454	0.8180417743284178	1.2031067709103422	3.95149730706239	0.8050266315979492	1.0295649264428168	1.0273038595860644	0.9817280096106129	0.9069448224079498	1.0456633368263475	1.0722670710369644	1.1453459221430218	0.8757989724615646	0.9530865990765653	0.9651985555123385
BGene_0262	3.0503558070536245	3.460689442414016	3.157696597353101	3.106642888965463	3.265016660215477	3.2294531730105893	3.142491883655961	3.394953532977542	3.4279582814341505	3.0099115892116757	4.186972537756495	3.3797009207453583	3.327795031625169	3.006083478279123	3.1521218976359076	3.181464763565582	2.834771138006809	3.21053338093871	3.1856161272969987	3.3080972174500305	3.07893828036319	3.1415041294554045
BGene_0263	2.6641670738559	2.6477636342941873	2.422744964948019	2.6922756349445915	2.727443599219246	2.654098854423975	2.4865589293144392	2.4302548945741873	2.6582944735888145	2.644264546720401	4.451281649019678	2.453967964583031	2.4524974550325482	2.805171245083945	2.3070571871820236	2.6911377937008703	2.588865104500194	2.489921541707305	2.752541940624724	2.792882567995212	2.711296855068082	2.8470469654309394
BGene_0264	5.599644496117705	5.55166534891146	5.263863003033329	5.461341067615393	5.679819929796007	5.597626780738561	5.60294813501481	5.792615041797967	5.674355109699385	5.501765386296793	7.26073892001942	5.420250613183975	5.521943878979861	5.882521860830246	5.790370721562468	5.505834682162596	5.289012210664429	5.847900618530555	5.467548829804972	5.496726951352226	5.254595907002005	5.561162608790917
BGene_0265	1.1833100394359357	1.1612080389627804	1.098634309526097	1.1219465388867071	0.9858932350821095	1.1287127868291267	1.313067443936924	1.1909845364805804	1.0352799231665764	1.3285756053893307	3.856861535265892	1.3102507130608172	1.1801813825423215	1.2730469845271284	1.2068322687655515	0.9826459057862034	1.2107269151090265	1.093733284522468	1.208109035538552	1.000097914283299	1.5905411717637108	1.2313186580201434
BGene_0266	4.069027924436135	3.967576102531736	3.914734917584477	3.6916072410333944	3.919917516275305	4.11480762074027	4.150056690342492	4.039061643174862	3.79972442466688	3.833948196462086	5.2175319839357615	4.202266375112888	4.093736124087873	4.027092131436169	4.270811612239254	4.245704336191161	3.91321394491809	4.0589388384618506	3.9679383951704974	3.7697817303002688	4.176176835837103	4.196750369905206
BGene_0267	3.7470658332426496	3.677782275457318	4.007829333120341	4.079548006120835	3.652132359742243	3.8792131832806334	3.860200882800075	3.9924923826270633	3.956970719587222	3.8067082712169156	7.751248497784813	3.9139003487575574	4.026950862624458	3.9988420153542883	3.8747682228749656	4.02244771360962	3.7566694952967556	3.945641931110093	4.004837665263707	3.8948832635481208	3.961944253095084	3.66942456103528
BGene_0268	1.0493796558097315	1.90328288120333	1.534270442990317	1.3503954320533345	1.4961290326084584	1.8479133744270573	1.6746073820979284	1.927392054022934	1.7357468321668397	1.6630351612126697	5.299977132885595	1.5839716009642257	1.4628164573304985	1.7672715486625559	1.6242110359031436	1.655958922482587	1.4758016464995238	1.7470070113234404	1.6501604448375782	1.736604425177094	1.5322753494474248	1.4857562347609825
BGene_0269	3.45403507383905	3.199982990409751	3.39002891354935	3.4370002466549443	3.0371145203263903	3.2258736232216516	3.0958686687849513	3.009563836957942	3.1254987251909503	3.052564333518645	3.924680432855101	3.2817209099152036	3.0924087979131647	2.9563132181469665	3.3758070574103938	3.3151077069623853	2.9854174537842737	3.0580244442745217	3.3575042265425976	3.0567948789443404	3.33955036827159	3.0448755197103736
BGene_0270	2.490493265628311	2.6722413738783772	2.366321554689645	2.4750231677793044	2.723700225777731	2.534687888405972	2.7494329928199956	2.2743520069754135	2.2031719112732593	2.696403699089834	3.7691633778632143	2.416711190451875	2.5266917997987353	2.5465753552724	2.5448171316000865	2.60131882608921	2.3312302284909516	2.551878428513582	2.3089820964850287	2.5852155181932592	2.6161754806745567	2.4792825063019643
BGene_0271	2.449209538994382	2.5317607056928892	2.541573608739766	2.174984034845352	2.5475507029971594	2.4988638484821024	2.476212817631685	2.3430046796833293	2.3416026040126843	2.425676987323034	6.488861283896754	2.1711809228685484	2.6761305687714083	2.6753203892806514	2.347257775437642	2.4212854535441233	2.238916704368002	2.4767225078275215	2.3121513936676545	2.4191343072601	2.534411791648117	2.408078635916453
BGene_0272	1.174122875754486	0.8756863414893582	0.6093368424792036	0.6063675065560328	0.9214269598144802	0.7795570809530501	0.9422558469219251	1.186797997975361	1.0065677507155848	0.8984851432396999	2.6867404205443863	0.8770592343089526	0.9723591694357144	0.7581987459019806	0.6581005890635248	0.8760365426734102	1.0212958041949438	0.9234433642900607	1.0892772438781808	0.7598658025207292	0.8912458573181198	0.8649731041663633
BGene_0273	2.3440343020305376	2.425185809250658	2.5560066767383747	2.3429784057422167	2.3108111234586617	2.3700486895227795	2.2521839751810724	2.3949842994807335	2.493749658387773	2.322896441885416	4.8415784653797145	2.4734889925350303	2.153404897127173	2.679579150464215	2.3722460687513482	2.155010790981498	2.291334493296566	2.26812225357486	2.2650185594384262	2.496525823709862	2.2442605831898246	2.1849998073055263
BGene_0274	2.3400025792350774	2.3103108428113326	2.2453264902132966	2.396838491216907	2.0178334021109423	1.8194714718405878	2.1395832784146047	2.298841352101836	2.243405669829971	2.5391146942642324	4.4782715724997235	1.9600665531067594	2.035223160801826	2.1491624424938243	2.39383356800172	2.25159894737175	2.5396173838839857	2.2494548626036988	2.235000279893499	2.183575684450192	2.3156021627951326	2.167387730457518
BGene_0275	1.1473341543178555	1.1061465210601422	1.0853308969931772	0.965313753981896	1.1162656296449456	1.1111090864550672	1.0398319458756184	0.8899222887318793	1.0710988055443647	1.0704628978194517	3.0834192749449763	0.8680971165738633	1.0277781289155676	0.975880547387357	1.203465028959339	1.0755965032770345	0.8411918026124303	0.9836061800920906	1.0588032782516175	0.7767219257980882	1.0126735047779372	0.7998513333127859
BGene_0276	3.818837677673879	3.5735909640486487	3.4917961362929444	3.7186826854185213	3.6598353286968863	3.5138492854946044	3.9475350144925487	4.000740833399938	3.8676877140755757	3.6584761296272217	3.6280781341780712	4.932917243881795	3.8174501980870867	3.389836403164075	3.5794882556042014	3.8296720334931185	3.5591034271887674	3.7735279226929888	3.6624177651019827	3.724992744947102	3.5397138789581923	3.8408534193733024
BGene_0277	1.1707086235197028	1.0393021256509514	0.8686825726918826	0.9574541202056869	0.8745545189567447	1.3110556799297748	0.7332479611818649	0.8946821667251459	0.9369056016410633	1.0321028346462957	0.8789609568229888	4.6764904279011	0.7742845654217357	0.781229687086949	0.739304124523721	0.6017715716156857	0.7214747092415685	0.9270660916941376	0.9208860447952566	0.8547716425489954	1.1533651024289844	0.8486664253412531
BGene_0278	1.723630873435283	1.69626164837637	1.6313124272671844	1.6418292954069427	1.6430447676209503	1.4201426139817381	1.7784064461671514	1.5527753077783368	1.9540642963321806	1.9897284533480077	1.8713764070890666	3.696044872192868	2.0008839119352575	1.757002735624504	1.7935705516975042	1.5589439139689178	1.416800529506904	1.9859847356355755	1.708692414791468	1.7970893980822271	1.5104182121885859	1.8854948548449453
BGene_0279	1.220255519516749	1.2665794234617649	1.0922788728460473	1.2430468528619434	1.5155175662214353	1.2973536935401861	1.1538675925685886	1.311229370682839	1.1669107446725606	1.4388699509891751	1.293088215725982	2.2172059463962395	1.1536417142421955	1.0962393399380799	1.3773954552768475	1.2529821123686198	1.2276798867194196	1.2186201007046238	0.9975053793967419	1.162555340459725	1.4284938074843385	1.3800418484758985
BGene_0280	8.354436187770231	8.178444885539262	7.9527143480099936	8.274707475349153	8.245475669749096	8.366101265085042	8.024800984668556	8.479101052685749	8.63012415423049	8.406679701873395	8.418107636710953	10.202004584109671	8.0253251133738	8.582577304821434	8.37049551437746	8.47374281787565	8.323706126702149	8.389464403857179	8.439941943200102	8.323546456396262	8.443448403044057	8.356936669846098
BGene_0281	4.138137477055548	3.970429206825501	3.814526237042972	3.8755196939633514	3.955171549342212	4.039932713024222	3.7536628930302647	3.9052897489049223	3.771262909090748	3.75867843867455	3.9300846885106564	6.0116116459638045	3.732942370140888	3.7275539336653694	3.9816955400590146	3.8262996661170585	3.8126148977497003	3.8270619467345464	4.103836534309482	3.920765599598039	3.665439303325112	4.018271946091717
BGene_0282	3.543387674662259	3.6000940871578826	3.4801456333679543	3.4869065069796203	3.4978610755431	3.5319133780820997	3.269288707324371	3.455291283892653	3.681488665605838	3.3894407020877515	3.2740349269310856	6.879688263264577	3.460388533594605	3.451575520075564	3.509677626328154	3.329456757862164	3.316386031707022	3.621889320383302	3.3837226355161323	3.50397792177309	3.4943786819716185	3.3216039231138024
BGene_0283	0.6954376816085869	1.00950845921109	0.6836213668708881	0.8779167628626663	0.744178890947361	0.9086178213808098	0.8044805068586293	0.613581853838734	0.8037626930376314	0.9409934158461587	0.7720975462261732	4.0997335508453725	0.8167345131835223	0.8277054542903115	0.736211188061189	0.5716924482856448	0.9451522303976718	1.0881548339159142	1.0866341122823249	0.7183719979336654	0.5814062698896648	0.8430569423380128
BGene_0284	4.300921100554199	4.201962972453315	4.366585875349349	4.20055465631933	4.3750925946943084	4.388641011766606	4.18734317716022	4.00197625754412	4.383845057736716	4.238883342869224	4.43029332082032	6.674655218282664	4.2618757169260855	4.192204284595614	4.279560226880218	4.21933621631028	4.278661685291738	4.2891195259675845	4.035871389479774	4.143986880484209	4.097072418421222	4.340637522874287
BGene_0285	2.9303619713457754	2.5118264456417077	2.8034958495928852	2.6742602801876663	2.966324895406011	2.8241983840047733	3.057951151366828	2.9162032506741973	3.1250634625823093	2.8695166830938197	2.9868487768495977	5.219110232550038	3.1368443045939296	3.2256877490941807	2.8675857403554774	2.6838958459670845	2.8034455041238058	2.89302791383731	2.8676959161220497	2.62564237418915	2.8732070224476995	2.802064813531789
BGene_0286	9.875222711909963	9.906420569572454	9.70135794014358	10.072948824329155	9.918786129691963	9.683054535025146	10.028943684309894	10.17737821986352	9.79597864429307	9.714723825775904	9.839302479633762	11.857347104122548	9.692495144554185	9.957968696259044	9.870434667348636	10.246933969012776	10.248987553292853	9.65726280466876	9.68230855083667	10.034810917047563	9.805764567992561	9.81198568483013
BGene_0287	3.8662485638649984	3.839406638308141	4.089377571034338	3.7472602543503406	3.8037081008637257	3.883656974369841	3.996539825250099	3.767731804228277	3.9391643635931617	3.6580448799445633	3.770768548927263	7.44122167220088	3.9115251100650723	3.625112301131933	3.5695567346024473	3.8996067679424886	4.115088887991612	3.6851974952368343	3.6746952086915683	3.825614118794795	3.7930714701876824	3.957673664307859
BGene_0288	3.182323572988022	3.2026883875764676	3.479082735120004	3.251109833411622	3.2226489389846513	3.301373736949781	3.2817248294296073	3.475814847980624	3.396100009026654	3.2607738451991115	3.2969055470349864	4.38922192797524	3.4362206585661546	3.3429498708816565	3.3369238277907685	2.909044615805136	3.196705704244575	3.2141207973374284	3.3106356482389923	3.456432872368033	3.3205122905336992	3.376573595215563
BGene_0289	3.6263839565121323	3.691209068915812	3.5745435515629307	3.8622857760048555	3.9233327717341906	4.002917258855346	3.7494096579637355	3.7641231775741644	3.839740841162887	3.791748120242489	3.7044697567606355	4.674239995901028	3.526209880241721	3.6683521571765363	3.909489007436157	3.7970099345762236	3.9387253122170507	3.823174240946594	3.752994642455074	4.072783881112265	3.800663655703915	3.4890371247317784
BGene_0290	6.057971287116942	6.0204612335489385	6.055764017199712	6.163651658149447	6.102659348040005	6.230845502576877	6.097674915025501	6.348185650627148	6.1700314945176125	5.79669311292811	6.357040402190772	9.142836645449304	6.289210953770811	6.3277806305064095	6.074443381891897	6.307118368047255	6.075830759809455	6.117994393925943	6.352272539558773	5.869038723204092	5.881185524815033	6.251377418573646
BGene_0291	2.069270302487573	2.222654269100166	2.0219363972619284	2.121021070034299	1.5979699374496925	2.067996170270368	2.0660872769429353	2.1920194713731957	2.17579969638255	2.111691376305569	2.300229982435426	3.819977802752053	2.192011044420146	2.0245588885465162	2.073838667761417	2.1243918209612445	2.0903103317999445	2.3245886218991374	2.161563170103446	2.1774619058390607	2.2891275475239974	2.3289831814246735
BGene_0292	2.5833680661308898	2.633522362402663	2.434189105020414	2.2698744507497626	2.370773341824531	2.1797800602160358	2.41486547840886	2.61660474849053	2.2197608190766878	2.4262094050578558	2.4809256321576036	6.081622273842425	2.7181311168896745	2.262294713867026	2.6327880758585893	2.2469847516117225	2.4787417976007586	2.4141197151746847	2.2260767692940817	2.6603836102740424	2.5365707711994947	2.2662511072303606
BGene_0293	2.4333320104857292	2.67385656773472	2.3508874422160475	2.638362151036373	2.369841421916589	2.5961721453050743	2.412342900663789	2.5908614550198372	2.661171607596868	2.6193122668971442	2.5997269455325216	6.022542134011579	2.7310883073892875	2.423345407697021	2.2861005148883753	2.6644036037189207	2.592884421703859	2.5958758031989264	2.3928011170383976	2.6965482767775586	2.4772645119433063	2.6241300554977265
BGene_0294	3.1044563318971212	3.6914993227124397	3.612018657532746	3.537715886389548	3.5587816976445223	3.181982521731337	3.414287014350476	3.2991977537967787	3.482957609029222	3.3898807424689914	3.703304724168749	7.372836355086975	3.7261777451002716	3.4841897515044935	3.367595600702379	3.4199846128206657	3.586974988849092	3.7452241224689327	3.6133198330483425	3.741029157343615	3.802153876122472	3.29962323842539
BGene_0295	2.1195078435338757	2.3652046630953634	2.122178575482999	2.3229611815853364	2.371339908918557	1.9998134212500593	2.0828899017825853	2.181499116669105	2.145932541584919	2.1249743622452355	2.1174714332425277	4.741761735725136	2.0721342644845753	2.090141049061443	1.997761462214941	2.1642159992989285	2.3428097672691983	2.259526737005487	2.1691717089785354	2.3846329144120966	2.2292381406531243	2.471674286424703
BGene_0296	3.6758009653130213	4.092809004420032	3.824975297858468	3.8046007960038692	3.8050112738267274	3.6823499632365153	3.9646214609961103	4.044022674230593	3.9133184280731936	3.9181727506384916	3.923562686702865	4.574371715947587	3.558894300460964	3.655143108262627	3.6780620050506343	3.776977671995614	3.907023409280638	4.03270718214597	3.9529192083963043	4.158693725325483	3.8968224056499716	3.828687224413739
BGene_0297	0.39704743111970964	0.4892740525987432	0.6316220885481603	0.3850672541523088	0.21883662607605325	0.5200481060869041	0.23856736395745864	0.44107835835110243	0.8186491090329201	0.444675958921922	0.6718812759084912	3.204190529674484	0.406949361277535	0.622904092864799	0.6729955018911495	0.4373894512324035	0.8310714751644386	0.4825226430334434	0.800758961715738	0.5560449157128358	0.6210559403116219	0.3137445274979039
BGene_0298	3.2967626538403922	3.20108044713202	3.5175875903973233	3.4019649554630536	3.3264979247694875	3.4111727462262396	3.4999744760632305	3.4962364826628374	3.2322215454792453	3.4013278508710427	3.4618659105493994	4.23780181023502	3.458792886377515	3.576649295823322	3.387134036950624	3.246233260184913	3.3027757533312068	3.3120843856547175	3.1167576132598276	3.281286983082742	3.2721772135380482	3.238498052612254
BGene_0299	4.676863301284885	4.520829527892682	4.589136894137855	4.632716172295274	4.574205057825233	4.633227991192302	4.345276590595769	4.532873859622572	4.538914724189823	4.842799700008778	4.374458716678943	8.144772969766379	4.459035849060052	5.010650996382716	4.5908259379255565	4.676031183959331	4.658878424298979	4.357680295305458	4.7731687349449965	4.221690243306704	4.625392719142347	4.649242296689659
BGene_0300	0.49929288123347526	0.5740254892634582	0.4449634743767742	0.23372360485851704	0.3806420938873726	0.0	0.20937778581060235	0.23682202859462984	0.34287468659440684	0.2923086567161511	0.2515340655504373	2.9760107185662115	0.09572052266136657	0.3475203241762745	0.0039711201684982655	0.301347106638502	0.29934500736467023	0.096141751855539	0.18083337625647958	0.2887131230209537	0.13627858790324204	0.0562466985114185
BGene_0301	0.8546869255884398	0.5635036068847651	0.914979949790278	0.5505664986945147	0.5588207857999514	0.7467269494530856	0.7585383725541264	0.8630906871422855	0.6762862002665949	0.514124742310065	0.7838507189377094	0.593121641216751	4.496988046393517	0.5701616218040282	0.9833410589809715	0.4456997805966424	0.6596431516883959	0.9633878337873956	0.895588086322195	0.7757349219471279	0.8686628593620004	0.5765608207198917
BGene_0302	3.4618025133228185	3.6801795495303753	3.816581909053429	3.8325604270102356	3.593633727433158	3.6541955407268456	3.7687761077102824	3.6216192743429922	3.265683967465546	3.7248602452164308	3.3500221317210763	3.7065633526976915	4.169873613725181	3.482578140684436	3.6550417827490973	3.5552054803541995	3.575499392221497	3.7071833900940394	3.9718588126355976	3.5321478418416614	3.6001344729592732	3.5141218530699248
BGene_0303	2.5559292923914003	2.7461280083099173	2.8633505551563494	2.4683290478682927	2.668508303401596	2.631073910957466	2.7648563214551825	2.578242135254714	2.769368816624191	2.3722452583941713	2.6261702816064694	2.625370596530527	5.702850310811042	2.2722734661017325	2.8219182513099876	2.5757599684613433	2.475333321801959	2.6104237879052885	2.68540633340396	2.7641604402472124	2.4383853859538847	2.613633640183772
BGene_0304	1.346219153652613	1.0738519004867415	1.243451553676246	1.2299410092684464	1.2742752901563459	1.3805529412978408	1.4538272079608565	1.2912603684146198	1.2144584405488146	1.3736297714327637	1.5644343792579014	1.2197966144511214	4.944868406314727	1.1413276658815334	1.4631879443296625	1.3671687610460894	1.3972009497120441	1.3934129929646546	0.9987130406554564	1.2701628416490205	1.5586882871826353	1.2388856542522566
BGene_0305	2.3481375889845846	2.503911065317173	2.4026821241836034	2.3596158983873416	2.727312075265206	2.123470648798462	2.2974417970248093	2.267496009143613	2.3444122285622506	2.3251352623616097	2.386478506058909	2.3642494970262833	6.454572333486243	2.296160785694531	2.5016274585545726	2.5331221309418512	2.225344769352356	2.5654880723288116	2.393982407118734	2.4092351919931603	2.242339643389648	2.6256621727221656
BGene_0306	2.4424037810666217	2.2950100961619535	2.6338409287944637	2.25010216856187	2.3254783983724527	2.3599786704722825	2.297645156493252	2.3081891908753662	2.5258277411496737	2.4776665687475634	2.362381187274633	2.272306575239204	5.687487886470555	2.6088253459621185	2.342235371095125	2.3040178154369326	2.446735364147043	2.2419243196705305	2.0969312513189493	2.234714364526108	2.2756934781265157	2.4450413239116857
BGene_0307	6.6418687512261085	6.761652126175634	6.547356300132612	6.882074503061639	6.725166546915061	6.85627121021436	7.013504198309598	6.709445227997214	6.776510378380267	7.071741218395637	6.761416252263408	6.790458047350791	10.827904750348804	6.900899482425567	6.861899443239374	6.7918151434221254	6.454226304809726	6.851464844644454	7.076090949756819	7.0366480283949535	6.836057619949808	6.596809665117129
BGene_0308	2.6463819668576214	2.2231256396611094	2.6946750059184152	2.356964477475456	2.2374006266511377	2.571934232870164	2.6559418261910146	2.3184684645469193	2.4666240731976585	2.220149390701585	2.070457134782268	2.42500096434768	4.150632925580509	2.0541764939960303	2.1368014320929025	2.4407860782761777	2.3093634404368624	2.175472911155431	2.1373853142177217	2.4647567855164096	1.937691161600737	2.3874625852841187
BGene_0309	4.205155374819043	3.8347630869995606	3.920485083859037	4.150197269409938	4.122723212761963	4.375396979475561	4.075155641592434	4.082181900188513	4.315756140296396	3.93180266976514	4.215233105517945	4.163717405022904	5.4979464944762615	4.035324200010954	3.94346540396278	4.207141111503347	3.7851493085006807	3.9667904072404996	4.389833815727101	4.14739801941157	3.9185973875639464	4.173158304872243
BGene_0310	1.319705569866892	1.4596931402756934	1.3999889250259139	1.0931238485149843	1.4726942336562392	1.3746572758698894	1.252088109316818	1.2100519659004334	1.4407650875282005	1.2694495623566495	1.437328903477658	1.5729935019675974	2.0839696458599333	1.5102831385410196	1.574678882175799	1.1607371186085722	1.1034227030519048	1.3991370005858708	1.0287799986333162	1.4725609993372413	1.2696343161888013	1.4745945023552718
BGene_0311	1.6116287192429055	1.5576524117993633	1.3868859390368107	1.115770788506377	1.4675863908415545	1.4626930155517635	1.6637199327507117	1.6016840503404424	1.4112781407986166	1.439199256392531	1.5704480243265342	1.3531456118716174	4.315634859998303	1.4375464653988643	1.4697320953170296	1.3805291268997943	1.5709620465495082	1.491473005478564	1.518136863882754	1.7662016532076108	1.4443914322728189	1.1071747181193479
BGene_0312	2.651981629912693	2.8131247772922423	2.6105594718177727	2.7881864986626694	2.65858829344223	2.713603699453123	2.7801062783578523	2.923997374461031	2.9753492088601523	2.6207295966561293	2.798998638475011	3.1732188443268905	5.516511736682769	2.94821313654175	2.7235871023914084	2.973067660133296	2.8772815590329786	2.706488973552138	2.589759062690097	3.0040015663016497	2.5793742478409576	3.0526094314349104
BGene_0313	9.219791397701421	8.91615968828895	9.050333590660284	9.508344643642802	9.002889687749892	8.930611002525515	9.244857529545795	9.120726375595085	9.136128129793523	9.078682161219783	9.140685687254962	9.194502619163538	12.430211111193767	9.047351482473898	8.927964527616867	9.175348948261517	9.137352577969818	9.357978134001753	8.94575903007195	8.871611927705725	8.898484478886743	9.193282858500048
BGene_0314	3.114153100707326	3.157026934639392	3.202922944122965	3.332514067090376	3.2727694981907565	3.428127455144266	3.0034302501897843	3.190713007961452	3.3365669603196793	2.847509908648901	3.504095137212033	3.277117451366056	6.19027732532843	3.6001990912170205	3.211123141933201	3.5197126142062065	3.3036652334180667	3.1012836877365313	3.307920409291847	3.3308713382731594	3.2062538410130705	3.296694797057755
BGene_0315	1.4684029039714313	1.0575835811285712	1.1886279979177723	1.2726452770940786	0.9297108848103715	1.2803569091322011	1.2564799696410704	1.0313213557410794	1.1807586101191736	1.249565232171873	1.3530986278665798	1.2330275365376253	2.9908454042400274	1.3005179361801646	0.9577731421097806	1.130935635718544	1.379117580753224	1.2830101275833257	1.0634991146013257	0.9275499977417696	1.0059238234520538	1.1709391086723544
BGene_0316	5.149123069476901	4.924691938692352	4.976422965422644	5.228976788288522	5.028266143073258	5.006900240361295	4.9694467025767635	5.023005398949192	5.105299230841768	4.855427684542156	4.984200556446115	4.971998611943561	6.440933401271883	4.964546875122077	4.984722204975259	5.148394894151347	5.170408290269423	5.123202054466457	4.96182122084996	5.105641744060863	4.882254704582414	4.663549725668143
BGene_0317	0.3930993452464688	0.47480214296966966	0.421800471893897	0.05682037126076045	0.460893551192705	0.6305775179220363	0.4556575271635027	0.45337728022839763	0.5048196599000425	0.4700869588581431	0.39136398998675925	0.36963859755459805	1.7953795897887352	0.27305257069436684	0.2191184490554497	0.42661182399928704	0.20647084361822116	0.5233318460361174	0.3347330868868168	0.381875249419522	0.17698648072677098	0.38961238631619766
BGene_0318	5.48413520995356	5.534421622508816	5.270169808080784	5.539660952475533	5.116800199707816	5.460376635104673	5.624510997823755	5.417824279918426	5.591887477476296	5.519026643758499	5.288027143244587	5.448266916153324	9.372095939273034	5.414035166501921	5.44642854516604	5.380904622499885	5.412791429693366	5.294847619238492	5.4511376434743415	5.5847831007239765	5.54307572534832	5.286963741788603
BGene_0319	1.6503416604556147	1.6064780944739792	1.8345778355763818	1.7223311964223553	1.622137505265576	1.1990348698649762	1.7640259153121383	1.5935038575332028	1.5010684210966942	1.5119110299513403	1.564025401154908	1.6880674635815207	5.5212769685390395	1.6385780125510032	1.5329324519783925	1.534983150193207	1.6303131338317425	1.4905299729874273	1.4283781693200825	1.43677041534725	1.5737943618908212	1.4345632470696823
BGene_0320	1.5319146410925049	1.3867163611776905	1.4000009863417877	1.4781344820724045	1.5168775212662953	1.3490793218686186	1.6417751332001889	1.5154702487317684	1.2004878387285185	1.2686939180524155	1.2564230639386917	1.3469515472945526	5.21567464210392	1.5539579034987556	1.6815332186063747	1.656768144824677	1.4598029807668087	1.175636002826519	1.3529114878852397	1.2719440790332026	1.5484029826508101	1.5281861277200084
BGene_0321	1.7120838703118089	1.7243741562767863	1.795530993494901	1.6537235499881027	1.812872155806709	1.7789935343070564	1.57790723787769	2.22713060323297	1.782263521720051	1.9263076438616369	1.8516764021409338	1.9390261625638083	2.5221248433710706	1.857618459981368	1.7822978056675074	1.6603634316603926	1.942010076602409	1.7877352195432699	1.7096681844159465	1.8489157784375563	1.7928495318813906	1.4083308198848241
BGene_0322	2.2728357250852818	2.6430660260251218	2.343863496011377	2.31328534510974	2.386427003013376	2.5222754012914366	2.2543631498050782	2.5522762573908393	2.590553156065114	2.4432197446941237	2.45532903804024	2.4587736799718463	3.913535031985102	2.577677455799519	2.674547044249005	2.556981333394874	2.196545648594033	2.478281280698023	2.272534000937515	2.271682787924807	2.2723697725813636	2.4415767953354814
BGene_0323	2.7634950368021327	2.9301166969976133	2.564181753172079	2.628459247578815	2.416941742638331	2.3845687326507887	2.605858315334006	2.415023856917106	2.3807834935294396	2.4412022049877864	2.4421532871307874	2.4366507603415295	3.7933227504482745	2.4541200815884467	2.460367915561602	2.467904369371464	2.707931251664905	2.3856279269355887	2.617007844852874	2.617207181996409	2.6776457391993618	2.5120164468138593
BGene_0324	2.5627759402711	2.9254078150743643	2.6142095489612345	2.4248080588355614	2.59908635859025	2.6697442979217416	2.4330794293600784	2.6954576017073757	2.529077852790657	2.442557329122737	2.495097141817708	2.7023880849214783	3.7766405060488086	2.514473575044942	2.528655304629738	2.634692404672617	2.56140668078573	2.8004806156068227	2.7440277808765736	2.5260932979731483	2.5804360588139517	2.8202466751460467
BGene_0325	8.983411273095706	8.596835753877949	8.916298025188585	9.039247844970951	8.762485505212073	8.753671239318816	8.858434859366483	9.102967119969865	8.894228634838369	8.854518857207923	9.080657780265188	8.665029804077001	10.588264739587297	9.095523396464804	8.850122996963197	8.901051915534259	9.031680371526914	8.870545078533342	8.755333480333839	8.997319132306014	8.952019786184408	8.869426118439167
BGene_0326	3.1587910317038843	3.432075390790986	3.3428667115159096	3.2216695121627943	3.4939509883592845	3.0845830368014253	3.3226238776813135	3.2684203667161067	2.9285578250871893	3.115616734931756	3.3794977107486437	3.107398546145726	3.315769790444865	4.890142666284112	3.279033220860843	3.3504650546690966	3.07344524322754	3.0874819479068316	3.2468356666701585	3.276897072011202	3.2343257702060026	3.241647223989545
BGene_0327	2.6754899969658754	2.4947762544558203	2.6015439791857546	2.7900817029402725	2.7689043268655635	2.575222338386178	2.6340448405555503	2.8123447715363055	2.4883872344271754	2.548704542675208	2.6903725030446544	2.8594572928799815	2.4347140147341437	4.48720288210318	2.476569138774362	2.609446282150401	2.5312140891140387	2.776867927974006	2.692640061272101	2.9581717785688646	2.6582253003945073	2.3784733229215655
BGene_0328	1.7784838579506612	2.2167595313775075	2.295816601021989	2.0383013018139473	2.242254980249106	2.2950246413877333	2.0411573290564506	1.9176190509703863	2.0313046003581054	2.0939046429380666	2.197721767290854	2.001439536145125	2.007482793379363	4.448641307993879	2.2325704754352445	2.359011838188903	2.015429750519402	2.3347175755354495	2.020256607578486	2.309267287635607	2.068117701818575	2.099398001084414
BGene_0329	2.032416269837546	1.8513657590238368	2.1449415113642942	1.9524283358938306	2.2578513571763836	2.0890271919793735	2.146497013499646	1.7532621780166888	2.1105028529923815	1.8733458926608608	2.0394684183178593	1.9104550840302494	2.0564272921329807	4.687602206931815	2.078113846059897	2.206185890995628	2.21461908231094	2.3186783215071776	2.093751833378989	2.18208468093305	2.067874440783357	2.1447279974988067
BGene_0330	2.958511723720729	3.179388590285556	3.0046401039653796	3.1895921322880736	2.857925559646451	3.1833595744848746	2.9182459957466147	3.274914617571919	3.065554627052874	3.2020247850441526	2.9892252503452306	2.8399131088622136	2.975835407484893	6.8538633154471835	3.109629158970217	2.644606581934918	2.9570815843137392	2.9944726308358294	3.0340447367624543	2.9892060555927276	3.112958771789635	3.1216756606755998
BGene_0331	2.965626844197447	3.097587309037282	3.0586716085699774	3.136613731514151	2.9338427157754676	3.291426498827106	3.1743918003228733	3.3176348568770546	3.0120401269508434	3.046317993952076	3.1483028891450036	3.094026499027883	3.0765245156202052	3.7255055477890777	3.328436665428232	3.0817101255001234	2.7923280450459065	3.0311107585868933	3.0846953495729332	3.273578553419814	3.0345672645776074	3.149069529008634
BGene_0332	2.1597516593821595	2.1184479577205617	2.1426728023713437	1.9325193045616105	1.983220263851211	1.940687661826474	1.9945249224628678	2.0460214441969726	1.927745531680397	1.805478387567652	2.0773756351726287	2.1236055331481642	2.1660188874683284	4.328284055940979	1.9270486790295507	1.849352875975477	1.9411651931639682	1.7889332244841276	1.9147913235204488	2.080292901260657	1.984814052167308	2.018976752025313
BGene_0333	0.6589756390104134	0.9051645887388386	1.042470838630851	0.8597429585342621	0.8504895230478221	0.6144634180818633	1.0370393718325197	0.8634450011600528	0.9966989716925698	0.8960455448251549	0.6537124993139531	0.8782876995994252	0.8019086113262937	2.9283138336662233	1.0472733480857725	0.9419088394808851	0.9556036772017086	0.7364926882277568	0.9977001155834928	0.9540982012444406	1.0147124281842952	1.002201057550363
BGene_0334	3.163353779834214	3.010544356681413	3.1638906905862165	3.165635609239882	3.2176798660911623	3.147331460441914	3.1170991472400704	3.153928952230026	3.433738699652063	3.4462669128297674	3.378163722724817	3.1994493215384217	2.9322074182404005	6.018251035255724	2.9779701851669134	3.461328755955623	3.28325608275394	2.8222672591406313	3.237138719327302	2.9071010988380093	3.151572519990019	3.0626216812372555
BGene_0335	1.3508285962072126	1.4040667632662136	1.4395717144230187	1.5553279351074643	1.7193881682960654	1.3940954139898483	1.3508297444251223	1.5188980998580073	1.3254587683245713	1.6010373200628814	1.5846384874498862	1.2639853380311303	1.4620488761135373	4.456186627966317	1.521625451861972	1.5471200258677613	1.3465246761651744	1.2847090250981394	1.6135369425789003	1.429016400288777	1.5146484279466392	1.6341557618264377
BGene_0336	2.9246483991483263	2.8368668386022766	2.638517708268011	2.3976948191395757	3.1082676281474146	2.9196487605079504	2.788513337280083	2.786045453398214	2.438137649503837	2.5824700889174603	2.7783171290587636	2.720473917770772	2.7818024894898703	3.6488343142019697	2.9400649268732617	2.7892713052632243	2.7035934394100374	2.5912117172307756	2.903358395540995	2.9886087332419766	2.760469679156047	2.468292279615063
BGene_0337	3.278327446084374	3.557190375645232	3.5773961451047147	3.5844138112480204	3.3375687452936664	3.507566089659807	3.4122074483528424	3.522509203609004	3.440192880330914	3.6323755982933457	3.435652721545988	3.3697563255835905	3.4344328787337983	5.634639990418298	3.5564142088310478	3.538611044111768	3.2484768918375155	3.454781937542633	3.5160772303273533	3.266850564981439	3.6326361020312663	3.792297442939548
BGene_0338	2.5418263579180014	2.3208898818662136	2.5485262129646373	2.233501532040153	2.404265371216371	2.6122296570922887	2.4340112094971715	2.7293290170020734	2.6346539242891307	2.2743094826084733	2.597216620890218	2.8023902012301605	2.50434472693465	6.413399359735787	2.523315316143532	2.3285177788924663	2.506361111591676	2.4046491215197454	2.5749897521551848	2.4975416905041397	2.5074283348027717	2.4915467029847
BGene_0339	3.7559412547379276	3.677173982633652	3.567688854816414	3.4803894912527675	3.7873175281384692	3.3501422490177393	3.4422523349762395	3.659135218328987	3.493438756764735	3.227295090101951	3.7017804150825464	3.347320292287141	3.518700859726262	7.415786449785024	3.527882135833097	3.2931374933795814	3.5301368844552563	3.3845139550164833	3.369795452949474	3.7467429532327357	3.202060464950959	3.5939371368706357
BGene_0340	2.035003131602711	2.0828257041663027	1.929764958864631	1.8334050578078653	2.042255143902851	1.921190581271434	1.7598306812288063	2.0660410698520786	1.841050098810507	1.7093448616300677	1.9504991335900306	1.8774560300168381	2.243668649123301	4.74976081838347	2.3342539151913595	1.6959443835633472	2.0254883193453472	2.1949796497041154	2.030095959893704	2.109785369983156	2.0622001495713262	1.855519404482785
BGene_0341	1.1828242758980474	1.1894789721253831	1.057501086901101	0.9997010091199818	1.0605241218232868	1.0310709583835833	1.1853568277871696	1.0645397671281913	1.2054365952588604	1.2690410947005313	1.0330793162770648	1.2225509610591676	1.014823286698384	3.6126240112928247	1.0592426123108638	0.8408713944120345	1.2544250841098528	1.1548010165999132	1.0657887475893835	1.1866763817902615	0.9996980652875588	1.0336521824663816
BGene_0342	2.2347409510777902	2.143315102940015	2.618771180104834	2.303977572284999	2.5537751126781707	2.281586140226385	2.4175767294191353	2.321422860109331	2.2741393404257324	2.421110366072965	2.2900325127658654	2.1178348849487163	2.3827739141586854	3.2277293795516733	2.412079533771198	2.4584561454650116	2.1245233941575203	2.0930296488090616	2.367452724414406	2.2979461608609264	2.085076144991891	2.3037812125654407
BGene_0343	1.9459610897214694	1.867659865285051	1.7962766702150708	1.8268198533953761	1.8481674690930618	1.611419610669789	1.5936363669284273	1.787784080580168	1.8231636798323287	1.815669428325387	1.78803160395707	1.7709341427272285	1.8193116478950462	4.5113378453450546	1.838118893413573	1.7832304594410262	1.8830115771165734	1.9671661596563428	1.967157718239865	1.789881316029642	1.739659893569436	1.7552684835531134
BGene_0344	1.2766262779782727	1.298114388596111	1.2198846485863921	1.2146746481773896	1.2249137798482674	1.5072721479324809	1.1782145160621884	1.2197521112802814	1.1060627151541838	1.5544567681651618	1.1731754727451513	1.2152972498602226	1.1203722856116705	4.240225908224695	1.1838051928547086	1.2523199657505728	1.3667120120721565	1.2377259784179817	1.1522959398375552	1.2824148003470306	1.1501567105898518	1.296927518018954
BGene_0345	0.9629477887233288	0.971920206377934	0.8485535737844354	1.1845985643275327	1.266139217740778	0.865183369954885	1.1482528375975858	0.9514058130117663	1.1916456837107763	1.0374366470447007	1.1147072493506274	0.9711505731550697	0.9709521967003508	4.3511965636547565	1.040261087982629	0.9584066097645011	1.15210311500782	1.0456470035090306	0.8378427873108787	0.9990218079422823	1.0235427750433672	0.7840039028442053
BGene_0346	1.0131844475429288	0.836098651442269	0.7808944262370465	0.8895227071362406	0.8488671269636046	1.0306358590582572	0.7209675975795142	1.0514811725182291	0.9539568799206174	1.095377728933945	1.2848518737073753	1.0499453759460897	1.0817943279699227	1.4264785025018436	1.091441400717301	0.6562861018244843	0.7739793455777669	0.8955022543111016	0.8161461966511219	1.296784336943935	0.9715149732644095	0.9805657319240486
BGene_0347	1.6011801103490295	1.501915170335144	1.5728327486101452	1.6037957731840011	1.689368624758657	1.8199375275701024	1.693387510253037	1.5463777770974643	1.8886188560999067	1.790573698015684	1.7072433135559906	1.7212826351567219	1.852141614963222	3.4667621849447157	1.3514812471824436	1.6118818441649754	1.684566194367554	1.7550757968713848	1.7343405245402208	1.6882292108824246	1.7228338575530422	1.6368153291312197
BGene_0348	5.3704841155403935	5.210205618607005	5.350387826498905	5.510043082289427	5.39289522399951	5.565524282823113	5.578878804838538	5.2868532912940625	5.532841419977243	5.348329177809808	5.619748620275921	5.521118150289748	5.633586974806445	6.733819369126492	5.56052187024895	5.382603137291368	5.762141636754256	5.629119605263841	5.480753981517996	5.303455544956981	5.65360666405665	5.522966236244977
BGene_0349	2.2486019046042878	2.2854864784067037	1.9373161272653183	2.294108595667635	2.068878251249577	2.3895682674467063	2.5686616960348108	2.369033794621946	2.165154086877276	2.1311549630615523	2.338864674246966	2.042489455655832	1.918211993296144	5.872786353465704	2.36378697983303	1.9851789429274966	2.26954639871544	2.3618652948219614	2.213885104046482	2.3147591794677345	2.1882936920709066	2.147243005911887
BGene_0350	0.3015244479121326	0.49156689327878966	0.5183051994981343	0.36348405137592826	0.24458543539137792	0.36987061365085266	0.43319274786460155	0.1933055629001057	0.39612989452685615	0.5496642917019945	0.09014877397123633	0.4713590589835097	0.16938334011150857	1.3493974610195725	0.47894846600796526	0.4234765841384138	0.4010185984030101	0.3562284340986939	0.3620865262126007	0.5461825784487239	0.29769380682532764	0.29674946535186286
BGene_0351	3.032893519307463	3.120893118973912	3.1288193689003454	2.9064974808039055	3.1808705800596817	3.1073845171492422	2.870579786455235	3.0800363811437683	2.9004414133839833	3.000158895901057	2.8753745102358272	3.3329715146396977	2.976841312272321	3.212621561819418	5.435277433112963	3.179556058180647	2.8857806120382175	3.0700354749025256	3.102914638189975	2.911837498130094	3.154285506264188	3.186738937775459
BGene_0352	2.3182343793617637	2.552950567634127	2.5448957744179714	2.4947022732487354	2.4303515668857	2.4145073477606376	2.6035726484082367	2.6244345108018967	2.4970377834251534	2.4107871063533133	2.420589482063745	2.536597819469742	2.5167580875402047	2.781642810292304	3.274648453737911	2.485722005397982	2.622441603916633	2.5742057137908523	2.644299131860583	2.3113851230220614	2.1941564573311267	2.550152124329889
BGene_0353	0.7898552967895976	1.1508112021986165	0.9774156029019133	0.9646974146630902	1.081725240896504	1.052770805310539	1.3622342933640725	1.1304271158810202	1.0810269790662173	1.023801154022239	0.7473872197556499	1.0073176089919944	1.0317159509380913	1.0779173942052347	1.567312848668974	0.7482789695504855	0.883373017839715	0.8262795291734437	0.9238774532920232	1.3406898923084432	0.9884828429264482	1.0689627002235442
BGene_0354	3.934847418157333	3.95082113110164	3.7800427309206155	3.7390390142414045	3.558579842176868	3.6150518528279396	3.7152540779820398	3.7658520654906136	3.528133249258402	3.7978173906556867	3.7262111937832465	3.5528092985027087	3.8531490078697854	3.771686210090599	6.7077523188524015	3.368402314989656	3.6063751965110726	3.777259170971251	3.7021820606393665	4.000850298261474	3.6004887801086247	3.721002343899938
BGene_0355	2.5897889473202826	2.5156086077654964	2.5951291604598663	2.794554651884707	2.585080461006055	2.54553037279358	2.713421143466532	2.595650561764945	2.4933894069508766	2.7528276863568713	2.513787735133961	2.577117139722555	2.9060787529154557	2.439596887201399	3.722721207269955	2.3887251939115597	2.586454722943565	2.7184545870014754	2.5463479814703027	2.94877232011338	2.7058117685753857	2.577003761608334
BGene_0356	0.986270006220558	0.7317359004420201	0.8266174989459698	0.8651320347956152	0.6005553933077867	0.7995746950207272	0.41575305768683807	0.817439816766927	0.4466296970309205	0.824221237422712	0.59842916840925	0.7808454185727464	0.7275785369701993	0.6107721156714325	3.828000823579152	0.8106863508491605	0.5294242100513487	0.5073193439497172	0.46249935251171925	0.5687794345880599	0.6070514977415384	0.8765935098804345
BGene_0357	0.3973265746105708	0.35724839254724255	0.26458563408336255	0.15513978128506492	0.0	0.14908024776592282	0.1954923536380733	0.3992467536449177	0.2869232950664404	0.38416129870280386	0.1766633457040349	0.11132067939236595	0.28077807698165225	0.44444836739130245	1.9998798078850566	0.2917877992795092	0.4074481789029825	0.4294530986564483	0.5144707401985487	0.3268575229243494	0.2972360087655777	0.40082372360425833
BGene_0358	2.7528749052139823	2.77855388313725	2.8089012380151788	2.7566194583510577	2.571256217188679	2.3309540675719096	2.848529484354928	2.7407987497735475	2.7802189176598753	2.769598945764676	2.5642554498330075	2.5363964022633807	2.784676474510167	2.5000707615091127	4.59483822816611	2.398674145881129	2.876595451487915	2.61365156478001	2.4296400169007413	2.5791265668736663	2.5172983079840825	2.5280403826221782
BGene_0359	1.4608987278177403	1.6757702829040018	1.3753967806604863	1.5237749058781933	1.1346702842040723	1.5389850304934798	1.4320257768951723	1.5296744022913278	1.7644792242901945	1.2575513943564673	1.5676012611767467	1.5328067177240168	1.5062554372567505	1.5224132249030242	2.2665938391033347	1.82564662295507	1.4547613489769922	1.2072357005418584	1.5927591307696904	1.3812753750259132	1.6153964621443428	1.5100932893598922
BGene_0360	1.8870417275022389	1.8457710936423048	1.8203216611869386	1.63351549868814	1.6676056487846698	1.9138574875914471	1.857857083409669	1.6566873150799821	1.8555715171173655	2.144865329837729	2.2182461227268178	1.7511870679879602	1.7759411893323234	1.9784617248163097	5.659627826771105	1.9309640237723282	1.923485530349332	1.686298756550836	1.790676917224935	1.58369932080313	1.5579228797867444	1.7518948208474223
BGene_0361	2.461772976624334	2.2572007634151707	2.25941301310636	2.2017930220230126	2.444869994459712	2.393345297275611	1.9875543798937603	2.257742290147545	2.3705633939655706	2.2430192261254445	2.348777207828951	2.1628619018980966	2.2728264793305053	2.245943462553553	6.221544466465274	2.481726013188747	1.9707910523307128	2.1503075607541935	2.2371712213501875	2.264621396577993	2.51902633828402	2.2634460456408334
BGene_0362	1.4965507987489564	1.6803031806607516	1.6404255854849725	1.7916923006665277	1.4517248471717887	1.4076774986543419	1.8372701949015058	1.5150257221999561	1.626696434575946	1.4270597760828663	1.7860433337241302	1.400747816984795	1.8526797556963617	1.4679219757223527	4.130975623230001	1.6716154999529258	1.4133512907699795	1.6866263597382767	1.663972225933985	1.8021881150030916	1.589518222629479	1.4885978379556175
BGene_0363	2.786862147154405	2.3499049099292444	2.5921397467008362	2.51775122977081	2.285332817309584	2.345024459176988	2.6757586345268574	2.626520270867011	2.659905867290614	2.43688985365824	2.284881394293524	2.4862333537694803	2.149490492143169	2.446624775290372	3.802312609766096	2.4294911317067465	2.344931808258791	2.3107738367473956	2.6256049122442517	2.576492097290265	2.2900156758214694	2.5319869342427506
BGene_0364	3.8308520267638424	3.7865997361873345	3.7132802402974687	3.623490273652512	3.6700063118827684	3.6073325194535983	3.829969387185429	3.6389937385501665	3.6332010307830798	3.8459716074690053	3.986639227621355	3.733135656132604	3.9698604950224254	3.8022409916823325	4.455987429724215	3.4663511208966873	3.8758253810556087	3.6582797417107105	3.5742430820345112	3.7510133983663176	3.719194713518864	4.2518914347934516
BGene_0365	0.5657524712371147	0.5666800358046308	0.7541859823271204	0.47879468317999935	0.8697529807033689	0.5169204138556867	0.6531284490535271	0.43103714470502863	0.5312418019353483	0.6583408089667501	0.7353567229370487	0.45220994725681907	0.5726110865918608	0.7270471691309252	2.3414951835547626	0.7011384497767151	0.34040760870435494	0.6056178559706413	0.9751195316818324	0.46787680577410135	0.6047150807105734	0.6540741951092093
BGene_0366	3.727839967949558	3.437399744137623	3.5419672655606393	3.264556495750466	3.5347509460342037	3.7687386417433326	3.817017428559628	3.7669413867036177	3.5497661886970393	3.481355371765824	3.5526713918316837	3.786849998023679	3.673913828010911	3.6495365548301657	5.11173265682716	3.4689461073260666	3.568148796622037	3.773145001223525	3.8460916918884887	3.835139682024259	3.559074189082646	3.5129448039308406
BGene_0367	2.4085885423159716	2.423007382308419	2.8498465447667596	2.8215269121685913	2.494303578789893	2.626585577719266	2.559316206483388	2.7730459570308845	2.839179608480053	2.655308540987067	2.6661473360472576	2.47283311071016	3.023221237252591	2.4641931935460173	4.534313112948577	2.6857221084336316	2.729584813304706	2.4011881080829847	2.5974278638108106	2.716945625365466	2.6550825323478766	2.5512164719460153
BGene_0368	3.100988174188781	2.7460963881507734	2.9592175838532815	2.63767687614077	3.1801408090922214	3.120639569298589	2.842387274656221	2.980591725484135	2.6572579555832383	3.0825119208336176	3.0005612569248967	2.6814958488931513	2.8364382773797816	3.123190387844323	3.4598527167565463	2.8721282104771313	2.8688508199147376	2.902050080306491	2.953483630438269	2.8203459507082322	2.901982249653243	2.9471772138452073
BGene_0369	3.017401683331151	2.7714159959582583	3.08487272603598	2.6479300105187593	2.641497082461308	2.9278266095527825	2.8512838389129636	2.747531727111912	2.608814612898274	2.8205964787856597	2.8836984512048884	2.9874810690277354	2.8202550461594433	2.690188809843464	5.430422551490551	2.741409276701158	2.8435615156237852	2.815514080620334	2.751464281951355	2.6854228753433125	2.5242698324442507	2.8469443514990864
BGene_0370	1.5222836862607836	1.753775650738585	1.6096035846353987	1.6281448474658162	1.6644824242387055	1.8607929771343115	1.4570207101246726	1.443378248949398	1.6326138876087717	1.9152111818180533	1.7442646376323012	1.8751167566282445	1.9228365686914413	1.8923028991718471	3.00074209684822	1.7020663178747304	1.7478815000748473	1.6706554921466503	1.942901826004863	1.9421674515455793	1.7319763187099626	1.647261862890742
BGene_0371	1.2956617665847703	1.434211404802014	1.9269982193626258	1.5157587553119785	1.5999900333183155	1.5624852332867594	1.5793643658203436	1.6917956267316663	1.3898234191955936	1.6317307345219625	1.6645496306994114	1.4159575505666118	1.856555750189303	1.563465745521188	2.545334108803778	1.6311248438360155	1.817632269149254	1.602003253316717	1.7393971401756472	1.539111927095895	1.7207881997865888	1.4525535936765248
BGene_0372	3.446995833388934	3.6257652369685474	3.52197990779491	3.5788612443885452	3.5403990729932007	3.530455455397398	3.570171219625243	3.555379202013818	3.583494790745426	3.6080526711821808	3.3627413598684215	3.403575955856465	3.4719270479492836	3.470721080541579	6.69731345354853	3.503023875449569	3.3219662443861946	3.3577975892963225	3.446493543753289	3.453776942184232	3.573889882978814	3.358930924615209
BGene_0373	1.1643910260532075	1.5154027784700514	0.9335979900490887	0.98742117194542	1.2662943999282523	1.018071180614243	1.2359865485078534	1.1755388419932182	1.223814842895642	1.2380470109646444	1.2444377492982432	1.271961024342871	1.1020968163044056	1.1846250164043792	3.4013522561561405	0.9726479086426572	1.3836825954290048	1.2957483309167606	0.8357798151276781	1.2996389499758125	1.3135701008829068	1.264237499841503
BGene_0374	1.2131066091211664	1.0931569261728222	1.2179210627639085	1.1885848917053807	0.8576177186368721	1.3687144695912734	1.4551479304447412	1.2221949944722474	1.0201147160038653	1.0876022858884862	1.2965048052696644	0.9893187641877887	1.1071448522903773	1.2177191194102555	3.78071640587105	1.2279740016239475	1.1297662097068826	1.0287744201897036	1.1139842840978016	1.3168865354558794	1.1443159315128735	1.1620475498988252
BGene_0375	2.1820165700116605	2.168350801565666	2.074991728931098	1.8919328550674157	2.2274838241700925	2.4268624982509635	2.6443432345385522	2.271341531993538	2.4165361403038035	2.2545647254625774	2.310739243784059	2.359933187571492	2.083234185238093	2.345784489786879	5.304334572738255	2.1943971547358876	2.442916698681999	2.351694533556877	2.062588497401959	2.2867716649366097	2.433094803071278	2.021853822582189
BGene_0376	3.2493872050840733	3.515566671228966	3.4550280217393103	3.45580574344591	3.242210912141381	3.310781368082805	3.1602355560945967	3.5146461404260654	3.264693739767687	3.3495264744935493	3.4338713407077046	3.5783415819710482	3.2437095017104967	3.5565904999902505	3.2867973010712856	4.613990693352486	3.3275470430488814	3.548460526056779	3.318702186533246	3.5268877730382955	3.4564964703929935	3.4895323087415213
BGene_0377	6.844372203008268	6.815545952929517	6.9619177931732175	6.795300179651028	6.590374779739754	7.090707612079359	6.732095284520268	6.545056231218487	6.7320256127886235	6.814567161273436	6.8365026931608455	6.829691575555646	6.81740495315416	6.626401220791289	6.983630287069856	9.565010452738022	6.810502843112614	6.725151670309245	6.889019891329739	6.735326631739484	6.85341665968848	6.644236849410301
BGene_0378	1.6578010237580167	1.5312038820133573	1.2268067546396462	1.2292558630309602	1.6366585890460255	1.4070348358744338	1.1450409237971355	1.605286949217855	1.3711684461171045	1.5024052916810984	1.3138143788326462	1.514310016702942	1.320220472960859	1.2939720323077024	1.4621765027178872	4.672953245587729	1.3861838119301726	1.7226356875253144	1.4082243298994008	1.5692480157870259	1.3677839204910558	1.553813670363768
BGene_0379	0.06895476911645035	0.23130511030211898	0.12352375185182626	0.33879682385789633	0.44583005535575504	0.0	0.1340332161622518	0.10034622098190332	0.4431836700521873	0.29233782462677005	0.08438256366740668	0.19149440019265918	0.45084153414983014	0.3116021308392169	0.5401112487434854	1.5712850107445964	0.35662402567207063	0.14398248900152247	0.37496105199537644	0.2359482760383483	0.3443269054159985	0.3813576813548558
BGene_0380	3.0657814314319283	2.881727348634575	3.2016592927838636	3.103612784716322	3.021308915963122	2.861054666702686	3.0142255611445927	3.125311455675273	2.901760071159483	3.2599236024777216	2.9634680933915503	2.9625549787896857	2.844899698182631	3.1592369095977233	3.146850611117566	4.904124211824956	3.2728841730730394	2.961764774400916	3.089970042552823	2.9431161827744665	3.1635612491950305	2.97690321020655
BGene_0381	2.5848493144538307	2.3053066205604984	2.258785997972343	2.3108883187879594	2.454842231062192	2.2125045481234595	2.453983104533869	2.2553086500423376	2.614930253878273	2.226956199107561	2.4955033305638907	2.776704469115719	2.3723690773608013	2.3141609296483914	2.6560255922843243	3.924075551376831	2.3913824292594845	2.589679478116863	2.4982423536151432	2.579252060024512	2.3710946059297044	2.255276371477724
BGene_0382	0.9139302064329753	0.7502548955484354	0.7299525819596434	0.7564637630432997	0.6142562163187717	0.5450133779464843	0.7621899727903622	0.9001210732813585	0.7306641466959113	0.73293946543554	0.7488690966826372	0.9265058415536943	0.7438628712342354	0.8069705847710487	0.5709339940430901	1.478024214978945	0.8184017706908184	0.954293867657281	0.7000143589420876	0.7061570835692756	0.7842246202708365	0.8841564508173755
BGene_0383	0.9406304758506752	0.8082386476082118	0.6996447431476738	0.8612485193177327	1.0057943405555176	0.833054434705471	0.9095765471339171	0.8551898576386724	0.8413006809935626	0.47759844624609515	0.8444646918106485	0.7094667160985205	0.6907805766150127	0.8907962904738981	0.941730025541246	3.7447901591957113	0.8072221196105345	0.8173501044835887	0.9042355438590628	0.939443813528592	0.9114464558357609	0.8142042914670591
BGene_0384	2.604919160746979	2.3638345883904304	2.6765904893432584	2.546959519202857	2.147916009728492	2.510705332756434	2.417297054582786	2.5314287434774694	2.4219115159034796	2.526911049863401	2.3505625490647017	2.6026619712581436	2.6934029038392793	2.4965588179949108	2.5038592351624818	3.909152678815678	2.5085972654410114	2.425283010838928	2.3696995005562367	2.5282992458749565	2.3682049659245097	2.008204273592837
BGene_0385	3.754571995227279	3.8021048635376165	3.454069783372934	4.084194310831981	4.041677725054077	4.055405217194072	3.716648116880617	3.9841559420425945	3.890025011840978	3.865387752613694	3.808926077123203	3.883821736078483	3.9280960122433304	3.5575194046131853	3.849233817434854	5.641060332328684	3.7682388334603085	3.7911536196758626	3.777968444219904	3.8947713745470987	3.889524111459002	3.94926566191599
BGene_0386	5.011079369758095	4.661733675431287	4.815408665644471	4.779141236592662	4.861289138090208	4.902908089804693	4.995061724131225	4.97899914559947	4.7892532899643605	4.990025485178386	4.764154326552691	4.937943764254086	5.037749528415711	5.083105672912295	4.937000133743158	8.725470018908636	4.777550672720942	4.873527878001612	4.478414708168934	4.871752086442941	4.730885067481521	4.7102330771936
BGene_0387	0.9645253851183528	1.4305077685365655	1.1292189783245223	1.1646482579282011	1.1646456359745925	1.1957880138849377	1.0670633580609516	1.235896964173274	1.1841406563997436	1.040798117957726	1.1455211222277968	1.188366102053821	1.1762685853508656	1.4524583995148537	1.345668328313109	2.237338880850274	1.0873841884989688	1.1321957918136714	1.342829142597774	1.2770487489269255	1.1149620711976227	0.9687030825734672
BGene_0388	4.980044539954512	4.998827149607741	5.262176867677227	4.977431492391675	4.886127161251269	5.1027749240380755	4.985323712968955	4.908949727393087	5.041042665424761	5.234512953266343	5.003062672037479	4.858139669932188	5.288274740909516	5.030461592076541	4.944432638336157	7.629318769869881	4.833940924574108	5.0762750930738285	5.083945069692082	4.998248325834317	4.8625201466678005	4.8633207214139365
BGene_0389	2.447898364221828	2.7168166645402936	2.6177160965982385	2.3258863602540876	2.4126978689817733	2.8260578703939028	2.6006614647754005	2.8077502326124093	2.5571632647356766	2.698700888577901	2.687800979262017	2.370513076028758	2.6406662815070585	2.5123339404570477	2.5292558231728566	4.789288690701426	2.685978181538165	2.285819569831878	2.9447147165462444	2.58813377313411	2.581428137951226	2.633558255241135
BGene_0390	1.089537465211419	1.4758663623656803	1.1657457735816985	1.2498741857276066	1.3992989660183746	1.298037104281062	1.2588505531260168	1.3410986269592482	1.1415404773078295	1.277391461156161	1.3335422432919215	1.16392601269202	1.1135609180205774	1.3804952311290877	1.2495088761128608	2.7401387972567255	0.983337097948911	1.5147687890892045	1.4153169029412123	1.2920288932517305	1.4009260418184555	1.1993147654227811
BGene_0391	0.5011326973860343	0.4435353636868097	0.3942894051255116	0.4313446021675656	0.2971635538516425	0.32558962973532585	0.4364166378581346	0.42829777843074507	0.4913330190174065	0.16399620606389687	0.42706465342729993	0.6102170642224598	0.2071147042342056	0.28830706882347124	0.2640018370700914	2.078734372612446	0.2132725557395151	0.20415703000592847	0.3142657796083499	0.4263525988052087	0.44341192750639535	0.44101888448630805
BGene_0392	1.8997290295739406	2.218475133856974	2.330117036164466	1.791443866607344	2.0829203496027944	2.1647680152528763	2.158307035310223	2.304186604332941	2.0398717619238664	2.2782078471678213	1.8719674154132555	2.096084593410568	2.035255152353706	2.1613392028169196	2.1795112141894593	4.059555528803318	1.970548027817552	2.1878121643292268	2.0474987576779973	1.7168520283648085	2.1657542227142765	2.2829878728683917
BGene_0393	2.3902056103962397	2.034910232030731	2.228399243745515	2.295672436732716	2.3150641318940353	1.9188319556141034	2.460413733454556	2.455345452049359	2.299517125197653	2.435777207685364	2.301644018068138	2.2222782010373385	2.0637888468660415	2.516907306661771	2.359103757262012	4.461276845313481	2.403669469092079	2.127264231194953	2.3344718235823336	2.302076740864683	2.5410338738437797	2.3230125559034733
BGene_0394	2.31529983225842	2.097242414145156	2.0611649563100403	2.221628903460106	2.016141888377384	1.9246021322413478	2.023631123624354	1.766989349832179	2.094350314708147	2.17406759700411	1.9813007994142158	1.9212436807194657	2.103956030068153	1.9810487694337386	1.9150133827325067	4.044429878274459	2.3318192349623126	2.022939928374076	2.026754386110008	2.366102957930403	2.2111301644916996	1.9876444056229783
BGene_0395	1.043980937340155	1.4709110865312836	1.5852712177156694	1.096327154988863	1.5920927073114748	1.4786604484152732	1.3617449257280019	1.1953608913677156	1.393019663120779	1.1034105460903176	1.1688955998633377	1.0770939823174022	1.3762123673404463	1.1816400421392053	1.3759626419849904	2.4478065080407476	1.4740990159048961	1.0319562341783182	1.3465883778161498	1.3224393193318054	1.3975516549885931	1.4720022266798574
BGene_0396	2.2443958345502955	2.430108149486589	2.3306065979071495	2.2892104338609744	2.0948704932899385	2.103472110099136	2.1664943444354385	2.3377511808232647	2.3246738003770733	2.350972824081314	2.2751141361086	2.260093930246997	2.6147338503179887	2.332001895607753	2.3832873713448186	3.8638661611264	2.2277606970745474	2.434469944662384	2.391883135741977	2.224723633248121	2.45073439111023	2.4564548666825994
BGene_0397	3.399155948660247	3.1949489840468988	3.361149584248649	3.3989952269763886	3.3626186499148916	3.259925926685068	3.3455966319550785	3.219021251180017	3.4434528768495714	3.3121844215104463	3.1709614048063175	3.2117625799135694	3.0030386520119396	3.144722407693094	3.028481963799219	6.2665709440214075	3.2409380477041685	3.186174157286331	3.1901027853597306	3.338442509538144	3.4834990216148123	3.0623619620056113
BGene_0398	6.360511163106887	6.487730615334185	6.520283516997757	6.557099675996946	6.36908017770889	6.2821936653792365	6.288526197764755	6.233176903783545	6.454217839307989	6.480351887981738	6.369519491254465	6.583995275771047	6.388973366312175	6.47328865106711	6.423118542290364	8.304338121773982	6.448549028561318	6.308355190670527	6.432303297304864	6.673502613228593	6.251811171481641	6.723651933672722
BGene_0399	5.204691662660669	5.243154418305404	4.858025009062888	5.033930593883192	5.301070413906647	5.034325090693336	5.245589169203387	4.854385223596471	4.953036296119341	4.987173671997063	4.874725043999757	4.872949430500438	4.86825244699941	5.268830852894095	5.042903674485847	8.513770663880411	5.191027949400054	5.142496326580633	4.922201216157843	5.192139998084217	5.06654990224734	5.1593007393566195
BGene_0400	3.9441098293958072	3.7974075628665926	3.9879630104172796	4.012099303431866	4.203561511701334	4.006320502369191	4.121924785162418	3.6991227172369676	4.263924444916403	3.9747918589625906	4.101608242944534	3.8987854305644873	3.9315736375775887	4.085452587153738	4.11748686965314	5.006809131716494	3.83548415044667	4.0542770970400905	4.159287986955161	3.9531491611147733	3.775147572802039	3.9915604974184746
BGene_0401	6.67359834332014	6.579315965724497	6.695215176027385	6.366838774463326	6.685490250933503	6.69488895591998	6.564951728096723	6.398121187766437	6.3867973214902305	6.456637616979529	6.591448730260889	6.789857258904829	6.339376715193609	6.596406668576026	6.481647099392802	6.696416239114175	7.319334862115984	6.763870460735284	6.7459390043833265	6.579552517065408	6.59889961736192	6.528123640964865
BGene_0402	6.163066232248197	6.421529988851512	6.50212775823609	6.5239154453241746	6.585761542777606	6.482453283760751	6.419205745026597	6.700226364319403	6.455362010066922	6.518051440501576	6.498178026103053	6.603439847617387	6.279278137108535	6.479017522133476	6.270647310503268	6.636321178432668	7.7530475042596265	6.429581772738926	6.368897401810973	6.457434589550793	6.584677337252391	6.290174057012914
BGene_0403	3.451254635326953	3.390766388249876	3.606667476211551	3.5839494262159066	3.2883928102901807	3.473708786587545	3.4119119548673247	3.4999960016335563	3.403273397920259	3.5402639713659037	3.3731049385000142	3.4236962055893128	3.283824490634148	3.4577473581192577	3.201227649280713	3.385934571180254	4.35467752828658	3.521355456276231	3.282495409163873	3.226600866159185	3.5975991481381717	3.2813628703128646
BGene_0404	2.693929457195284	2.979671469923007	2.9668426569470445	2.805094054343235	2.72116488596739	2.7495691212671693	2.852105843838495	2.965426280568253	2.669619636116142	2.879604763177329	2.7234467528813715	2.978382226392468	2.716679680112088	2.8124307901486794	2.8083165697412356	2.540492170401507	6.771736834354903	3.118299886007562	3.0457602421584262	2.8237161076162605	2.5888907522451157	2.9529296562892364
BGene_0405	0.7834377101961242	1.0299432447446089	0.4878785865356302	0.5792596108097702	0.9050495665049222	0.6240527491156577	0.7556324204159677	0.7638774438234313	0.6823677627943099	0.5436317942792883	0.7129046740172055	0.6509439406545339	0.4237887370493333	0.9303553964832345	0.7777852677931377	0.7847487472890593	2.186663583098122	0.7672969910016547	0.5107665216969322	0.5513840002542775	0.7101298349121965	0.6752117194443576
BGene_0406	0.17627890942502408	0.18854619606091905	0.14262027846355887	0.3781750304268744	0.13943057691401306	0.15784603388876892	0.21959451036306507	0.29218047782491124	0.135720784493294	0.19337092009121937	0.20555800678920857	0.23786781489162584	0.30103147954110876	0.16743719154454567	0.013760141843478069	0.36379324120879813	3.4465738423877585	0.4114721160931886	0.31772356278134617	0.45763450134379435	0.14993688210153808	0.16342010730623835
BGene_0407	3.1093547528674303	2.9462530651066294	2.9609421815203185	3.102950343678156	3.11012438597394	3.2679927990824016	2.986143882701323	3.0554758290261943	3.0561249016354353	2.9275438312362776	3.3017429457338343	2.9813785176479533	3.0963717302172005	3.13607840616135	2.757791559274405	2.8899148419463505	6.900988472599621	2.9396843518118585	2.996484729688797	2.75948316379908	3.045480765417715	3.3132651987562385
BGene_0408	1.4230496856734667	1.1617408764749024	1.5784804553886411	1.413078184981875	1.420640280182508	1.7498701308544695	1.4887667703520098	1.3044166129791208	1.2936438909620578	1.3801957270505043	1.3541414057656582	1.0714462556078106	1.3130664349275956	1.4375319615143936	1.350355215177913	1.3343847431094034	2.6163949298505225	1.2890987452254914	1.459255475030578	1.4206917673993522	1.3982263467399847	1.5517481037989926
BGene_0409	4.910340843881407	5.109705871129345	4.953468144621331	5.11395338386394	4.819115947733486	4.719291066162632	5.071356398340587	4.891623732078483	4.847962475325791	4.786834764975772	4.808762572748723	4.677498723697303	5.1275430984805555	4.922035853606847	5.077806325789364	4.863014907659648	5.9693507508681956	4.91775543165832	4.926286888594113	4.812647914045574	4.878895546967905	4.84682456294719
BGene_0410	4.911924179530039	4.765589493792884	4.542482422588865	4.439771051065298	4.592854244199698	4.6176501614086805	4.80447423175416	4.841635620310272	4.506324659510863	4.558700594500556	4.9030272332941065	4.5533223682881285	4.69478376503037	4.875927311083071	4.656425340460325	5.0083276984713105	6.439639089858017	4.581372197195502	4.793521421431697	4.674414763285853	4.630338339730635	4.534861197410911
BGene_0411	1.3075780943387572	1.6898573343989225	1.322124132717564	1.103677378017289	1.1227840996883311	1.3764125397612417	1.453192970740266	1.249349270945828	1.2934042130046128	1.5859098206539959	1.5269418837159845	1.2247792320682678	1.489000928814745	1.6113583372309743	1.4956171312532498	1.2543366277133174	2.4814321881569343	1.4739313017657172	1.1499328732812657	1.3413444626264566	1.2018330957612864	1.1984058688904131
BGene_0412	6.262367678763691	6.48935395436824	6.279870611266521	6.005910597584558	6.305520707265799	6.2990687110300865	6.120418270578722	6.4658580946835045	6.220040915028288	6.208158321344598	5.95153128181562	6.280082048723686	5.983357338503133	6.421545921597701	6.049629232544924	6.018691747820514	7.454516175830386	6.296966641865024	6.395244798312786	6.204137386912985	6.191140839593315	6.114524348597314
BGene_0413	1.025728006303951	0.7425728348429312	1.0343223746117405	1.065358603516121	1.2443451410610624	1.1367500287221486	0.8029688660677984	1.132261104122038	0.9136349185132011	1.0923658863635748	0.9395605745787307	0.7159156069972175	1.122754263921688	0.7852308527221147	1.1654376024532547	1.3493803017861379	2.660663924290523	1.2496866016098074	0.948012684801094	0.9174065214520903	1.046224858562905	1.0766689017659308
BGene_0414	0.5449796042968145	0.7012355923547795	0.8348003621968207	0.9255156535592333	0.962621512481894	0.8382351634245295	0.7063730695393738	0.6913822235612818	0.6862755039757746	0.7991603354596617	0.6247274980657882	0.8601986860334252	0.7836255931296702	0.8536254145438338	0.36053878782848864	0.8019504760778091	1.6698851790132654	0.6002721693258559	0.6891733747194132	0.2602745969907369	0.5380406083316344	0.6745016347683351
BGene_0415	2.180825915760552	2.2583578557689665	2.386387112019384	2.174494209044472	2.4643251387544978	2.381364693649697	2.3477929732219085	2.327518722675672	2.3613793429091143	2.230486362382965	2.344558618299798	2.3234682702288625	2.3473524494033073	2.426993448507571	2.183942162777679	2.401798217315008	3.544673858538971	2.241344237117837	2.296580544521896	2.597302964080892	2.5374106395125158	2.4194426332461663
BGene_0416	2.920377277969976	3.1348866589363147	2.852876637338436	3.0733187880081863	2.890741422654492	3.161299078782179	2.950227878219867	2.996887524607226	3.327540078954134	2.734131631497589	2.7911618455178377	2.943103995248655	2.9831348243020206	2.6951366580292513	3.043596851892541	3.1836280975940516	6.506217354767059	2.6648781050836745	2.8643395059532035	3.039636313588733	2.9014340951042463	2.768857963927284
BGene_0417	3.041819752579994	3.1082669697103746	2.963069128973841	2.9517796397650518	3.1775455186185253	3.0719003983064055	3.0140922298164674	3.106206532154541	3.2490648304741647	3.150377572280426	3.0519208464443404	2.9181958200850273	3.096254404812697	3.176592199299383	3.198578618754839	3.1542678099460963	3.7507884768319375	2.718041682435193	2.730035657582609	2.989655857398392	3.105215870841544	2.904629584028082
BGene_0418	1.3284757650065502	1.3356858130434115	1.6500462510033589	1.5362246203798522	1.5054618986317325	1.354561110863753	1.4092735431781362	1.5489378157592826	1.6048424750489905	1.3853972128188652	1.1466418671418723	1.4793358460771773	1.71741936685095	1.3083788891650867	1.6981639992921587	1.5600125398650604	3.42365200919956	1.3040043494843974	1.6974641862787956	1.6274343865501637	1.3342800931318108	1.573252568788138
BGene_0419	0.23636483279915768	0.5961182355967254	0.44494098554326683	0.385562030501155	0.567821511444099	0.21685049475126453	0.41476010315780026	0.438545464879179	0.2493314415331039	0.5693458758452983	0.4016359764012548	0.36329864218261	0.548606124880665	0.535786129661414	0.3860062690117831	0.3432061961559786	1.2554798409007788	0.3623813936744578	0.5672119993662603	0.47551456065455705	0.6312957257556249	0.35258818995907215
BGene_0420	5.624643333117926	5.509824247787017	5.4863924008633616	5.387515762682575	5.443252284696858	5.222211231803311	5.360039648874006	5.537899065934398	5.551958409499284	5.749450067321669	5.16271329013236	5.60210502314888	5.604987317394409	5.49879109570542	5.330728238673066	5.596437312452339	7.32488154983179	5.553981089130193	5.322455514308686	5.6155555884228425	5.4474133482264016	5.417715650215364
BGene_0421	0.7151844506465311	0.8958036029190062	0.7603589495070137	0.9238523082715983	0.6389809532467234	0.9284255076938448	0.8389860401854974	0.8108993004528864	0.7952949280598036	0.9711010270162276	1.0271440103584641	0.8376080117328091	0.9010881478261571	1.0652613060851488	0.5820648861998892	0.7716675362761223	2.4581496796124003	0.8001092460879993	0.9311685737487597	0.9192373219943263	0.8193230444966503	0.828237402061657
BGene_0422	3.99235394699576	3.9709293728848443	4.207992558866374	4.015026798774216	3.784146432230083	3.9622110277368616	3.8152481301870904	3.711889983670482	3.823128643417126	3.6774172396287046	3.812663216421758	4.112316165438929	4.031218357160648	3.9614431119538422	4.0051586106240356	3.9447731548096945	7.326123559138448	3.7841434919344454	3.8741366051813952	3.9523194590174566	4.048618270126476	4.1307470167667955
BGene_0423	2.1784790110842724	2.170085977910434	2.4174441572384637	2.371603582621888	2.2352637742675596	2.348224786079033	2.1126847131035857	2.148842925255285	2.3078469274803464	2.3117356128921323	2.182780877848721	2.472046698925159	2.179339891177247	2.3550151745630274	2.0274258934605185	2.2616092324755486	3.7075748140911107	2.250424159252629	2.257657487156481	2.0545510697161156	2.432084374542986	2.018139482173694
BGene_0424	3.684317816870942	3.64771410188589	3.568793309617933	3.3924596575915777	3.4520441152192434	3.5491822343115382	3.562555891058789	3.5791427820567927	3.3340629738676717	3.705921163668105	3.512180509398989	3.430026617521377	3.497215116094985	3.727179797662508	3.4801909832124416	3.4120152327998405	4.907094577724648	3.4715441319360916	3.671828279785032	3.599842308724911	3.6685035133321655	3.780869986795761
BGene_0425	10.389502167476468	10.492198023144164	10.433227537677041	10.470706051005436	10.559311881797893	10.534578940792853	10.678005293179973	10.223772795148063	10.616502267575129	10.646665276099487	10.492981494852819	10.47466397124304	10.460478268806714	10.610222631685673	10.39926861568276	10.39045622052672	11.959418424631721	10.49494126210092	10.345287252944182	10.449091848753643	10.357509453706442	10.499321883585393
BGene_0426	1.4769150326048281	1.712199654348062	1.4850553656879941	1.758468784828174	1.878898798517923	1.5433264784718173	1.5389933206437516	1.764734449702611	1.7891546485046081	1.4965966440776093	1.692587184927917	1.6884009072043809	1.4372802479060087	1.4445316321413935	1.81923997064447	1.3602690653859562	1.5012846451395452	5.1682605170652085	1.4495465226604092	1.8723098488250085	1.2911090561291823	1.6753632716053628
BGene_0427	0.10891661547505026	0.05445572096440576	0.26725147565746216	0.2870258687681827	0.07559876031143854	0.16857361884066305	0.12629974345291012	0.19395029820571183	0.4550609137244597	0.3296021847895064	0.23314214250883092	0.3467445895021198	0.29777627283063823	0.22604314724560684	0.1983967069439183	0.19608378870884696	0.2698056318053021	2.9058849606527555	0.2755155448928548	0.20571493006202668	0.28675712173162715	0.6324033623403291
BGene_0428	5.155672556364745	5.295458660455539	5.375186050049506	5.098949450139136	5.332774398649068	5.093155694388171	5.131628051417189	5.36697570310671	5.1083408487564155	5.182565959997441	5.198252858469878	5.224797832243187	5.014041295920646	5.093015020946168	5.143070128352191	5.221762722561265	5.184822011534227	7.73848526896575	5.233738750184651	5.2088325009441965	5.2919089657437945	5.290108123484112
BGene_0429	2.2684316452470643	2.2014069337095665	2.0921896440861447	1.7360176840630415	2.065874898973891	2.1243707460750323	1.86715277137945	2.1035621127700406	1.8927855117604069	2.0833707324706934	1.893443710222824	1.8437260533815834	2.027963514272694	2.0963072029003476	1.9484124003092922	2.0470412301132845	1.9512548537041319	5.299591601773816	2.1866222512567193	2.0032938818997486	2.1759039603836934	1.9500075266551506
BGene_0430	5.059122508934881	5.162047943915849	5.458077111214294	5.081568310038979	5.03112880121194	5.207118356784582	4.920060864257034	5.108573633163233	5.33225053998439	5.2918406254724095	5.116133082400571	5.168930078821463	5.149988858536529	5.217324661221727	5.025445048065025	5.049707668981107	4.952126989411177	8.922078426860006	5.112648572593124	5.262528798974846	5.029632897928588	5.0586878128174675
BGene_0431	0.11718100617962272	0.07128783005512832	0.03460262654389422	0.19494199788332714	0.0	0.04726940629123061	0.017408604504076663	0.0	0.12953248891401173	0.13004185792379053	0.03490170224631513	0.09062550555556592	0.10631591888125626	0.004240402210423183	0.0	0.11924399116272205	0.2823709002267466	1.3039059368575385	0.07607277496341042	0.05611499582561353	0.13278194342292973	0.17727840647637388
BGene_0432	3.6442384668391377	3.3442756777413543	3.2978081791653575	3.7732711029190553	3.5295211919092835	3.625579364075593	3.367552763784582	3.170830327102311	3.5680991441211507	3.3160442060430455	3.2795423395580725	3.694388680398193	3.548714916126313	3.285207983751995	3.5689412610170352	3.5603874190479026	3.38625958364081	4.280496993089549	3.4754346371756424	3.5306219809636525	3.475262637970505	3.4526937619642606
BGene_0433	4.3476585055949135	4.141719442017963	4.3574275269685145	4.250711639378084	4.295484073684458	4.320468090356573	4.276907137409049	4.208018307831593	4.300453941644392	4.207614024839045	4.2101903404279755	4.21753703684758	4.22353666937077	4.362966708426099	4.105576507174972	4.171389912461115	4.133104759516507	5.993321651643712	4.03991785013016	3.9974602994869146	4.13353347872323	4.3932701921264945
BGene_0434	0.7642430699132412	0.8107227920862967	0.9057467126252438	0.6368830621222539	1.0311929646116793	1.1759275349895069	0.9967703578538841	0.905554297047184	0.7282972926055862	0.862401927663426	0.9826845331711959	0.9349147406311235	0.9922689014429158	0.9763209537984083	0.9256198949341736	1.0274095151980107	0.8298916972851008	3.072068367198528	1.1226206199495454	0.770951642955591	0.6897730789249386	1.0329366718190576
BGene_0435	1.494428960868203	1.3291311478131136	1.166245954298927	1.5840926208517956	1.3798279471923074	1.1872721065789364	1.3616366999197331	1.6776444098285008	1.21103597719567	1.4309352263428199	1.5035899524865242	1.3094728168757472	1.562168639402678	1.2969793924176531	1.2967591729955796	1.4007745308754977	1.332117891154277	4.725050971724843	1.3563841151928187	1.5462811728067007	1.3791215981251441	1.5342352252098233
BGene_0436	1.5553852275135636	1.3470266294297044	1.4306972380837801	1.6507732836361975	1.409966523042484	1.49487684667808	1.4904496515490913	1.2130439980180365	1.5309370871319283	1.6865501661404343	1.6509153344968523	1.3870219975618163	1.410067638052157	1.5432657501241698	1.1778214911979994	1.668078767102051	1.5791634313369016	4.931241883276916	1.1618107996937455	1.6851081453590808	1.5574046549011387	1.4262615648993575
BGene_0437	2.8250299201582982	2.8720976622528096	3.1301121929438596	3.129204222906874	2.9080668903338784	2.9214496010670423	2.894530578484538	2.8387311627452534	3.3400769837920588	3.133783681786786	2.918691496688531	2.967288964958885	3.0740844296797034	2.970747286219035	3.0477966780958177	2.984498040491065	2.9123789882170708	4.2672596303366195	2.930282306934406	3.029874611341173	3.1839853186923324	2.9250508231334815
BGene_0438	3.7893679366254625	3.885760961682493	3.784972364974836	3.747043111769752	3.8630896717816032	3.5356252030221986	3.9274364859583777	3.7107987068868424	3.7550210419176633	3.8007151253873928	3.689821852083026	3.969237598801258	3.7422138642756817	4.106408988865084	3.9946203434460106	3.902543845061155	3.719620542591534	7.613194398411368	3.837814791330958	3.950214267467003	4.08039512589368	3.884973599397942
BGene_0439	5.471858390771619	5.451571551224147	6.027244004968454	5.44649067198699	5.597555302239404	5.625631134119978	5.622449320396771	5.704646598255601	5.711701485586696	5.814587623312526	5.558936608343174	5.428477896067402	5.861352169819782	5.389218252768823	5.905053707444166	5.484883914667181	5.703739131089071	8.66005038659388	5.670695965017849	5.739945538321479	5.607542238627814	5.759908089768364
BGene_0440	2.7555929057401345	2.4941688405202753	2.9220456152793224	2.9926089093887422	2.970844178331727	2.715270661070911	3.174415853369772	2.9362885396737566	2.8724809394418487	2.809259753423956	3.164389163887197	2.7420618681660205	2.972458440279095	2.986127645278337	2.8656735918714777	2.4343476327296596	2.866786621202434	4.625908298189105	2.630827245624186	2.9521138783238126	2.7603425181070924	2.860368298929631
BGene_0441	2.8491453211493227	3.1517309698776934	3.209214891357162	2.9032817436455893	2.726708246557356	2.695539368039354	2.8981862767628606	2.9117543815007796	2.9994216930108104	3.0576296237770113	2.8025248604593105	2.896817012361033	2.913640532730108	3.0620090469476926	2.9123158046410427	2.8664600426793414	2.9502874956795204	5.870948702778039	2.869443612277358	2.933486024588835	2.993698791314182	3.1992780122629156
BGene_0442	5.018644580951507	4.911911501502292	5.071907198022866	5.110235931302016	5.236649994303534	4.969247210088166	4.929630259823129	5.1735462128905585	5.0524758677961765	4.891284465451154	5.026843296854075	4.852540021073978	4.917013308930045	4.997441618798359	4.9458126990045	5.130313536933163	4.963366975775333	6.9785909673990805	4.897060972287084	5.26290944706946	5.137021918740838	5.183869759279236
BGene_0443	0.894080493255675	0.7402723957493998	0.8367682399594429	0.8260825722204269	0.9265014154179686	1.0261117138504527	1.1295115444432113	0.8570128543958633	1.1247548110408494	1.0794752465937676	0.8858347191987693	1.2390877717408721	0.6851053656038542	0.7175454363178478	0.9530802387635273	0.7979401861263102	0.8439015057507162	4.585284622473843	0.9194812310672796	0.9960775875890602	0.910552112472821	0.7795729070271957
BGene_0444	0.5949048393917927	0.8937281736046906	0.7210491060940961	0.7806928868330592	0.5239054478514507	0.6655625913056773	0.6788430482650318	0.714544044712365	0.5355715170409662	0.6435030209025887	0.6736437363861812	0.5344519710206075	0.6770565885359331	0.8172210878435399	0.619466240460246	0.9196084649274501	0.5473964668649658	3.4137994172258948	0.723342129916903	0.35895097216737637	0.5350185014023455	0.6851669960764117
BGene_0445	1.9091864300985595	1.9815654038491948	2.0168601133601913	2.1824550833419774	1.9928434082908046	1.806104202858713	1.854857910487765	2.0224693648352576	1.8929180432949129	2.091463520217604	2.0599634890539065	1.9401769277711782	2.0454166671802665	1.9704517183089036	1.7431390388153312	2.1498922318809326	1.7181689915718998	4.610112036574459	1.9987949227855075	1.7986499368305564	1.6977413374494559	2.088159666298055
BGene_0446	3.6335000793321925	3.694353520337826	3.7787228022157886	3.6819840724150303	3.9487661799264338	3.6563335247367217	3.951747455686819	3.8064234846694047	3.859815752331237	3.5594203535645934	3.805589464251958	3.6957263675813903	3.570115973015066	3.5852588402088132	3.5538612568402583	3.832873405584133	3.5688174691658094	7.434796743096162	3.7444633264984737	3.715707801746927	3.898676619518973	3.6846690101349213
BGene_0447	1.5495943645037522	1.6402920516528505	1.4202288611179135	1.3843433098277644	1.2375738766932625	1.4599281524474366	1.518292219948227	1.4113008463461936	1.2570622471085284	1.3790201040681183	1.3943315000863326	1.6562791217665909	1.4827569434204555	1.2770116275421863	1.212394065834222	1.6587078106306221	1.3920938934902432	2.2457735606879687	1.537719819361782	1.5527698360561615	1.4156961447538514	1.43242546787255
BGene_0448	1.863834645611459	1.994035842387643	1.7337828376306943	1.6580878249099245	1.9931034743743357	1.8651322844699276	1.8974974875843509	2.0692605325955027	2.1529199217094988	1.9227713469025098	1.809002415137262	1.8045588402903112	1.9002856803647838	1.921881814489258	1.7783927804370745	1.788712349483321	2.0193860058756745	3.5489477007978354	1.8977391417853926	1.797354618653461	1.91916652508015	1.7059106811748381
BGene_0449	1.7364880979085264	1.5565724420172606	1.5460077732649913	1.3217362945069873	1.563560673257866	1.3386617275864008	1.7535745550630724	1.4804979523505972	1.6898745240466824	1.416862154352354	1.5863686961178496	1.2733831080620635	1.4894246169922678	1.1449799906969034	1.417663912289388	1.5968843958556527	1.2837036013440708	2.628434279413307	1.2018376338536692	1.3006998628388315	1.632313179348391	1.4758083788013683
BGene_0450	5.10608304182218	5.131078136313968	5.049498724953321	5.003536640516277	5.136644572710453	5.067324082529089	5.118397242011816	4.95600605132107	5.259892748926535	5.0742147577047865	5.190305821539789	4.985874533011006	5.282588001277573	5.164329976929351	5.190224430335753	5.322494249160019	5.2028235775167895	6.719980346043499	5.2020461249043715	4.9785754051951585	5.148179902517659	5.227306678382542
BGene_0451	0.9754277821566495	1.0008478163596903	1.2843311218587754	0.9668626686368842	1.1520847796765736	0.9799187791779332	1.029818450860879	1.0910468671420024	1.2780197736322636	1.1842350876583698	0.9036966118495395	1.0964988755915808	1.1987738817609737	1.3278634103303928	1.1021610798647583	1.3893153949383605	1.1399496998219185	1.1881856605828178	4.349592476323559	1.2722792201226816	1.1093469880046924	1.2153444183411688
BGene_0452	1.914797172483261	2.2780712743344087	2.348300408806518	1.9589047247413416	2.2246013635249486	2.1081049430384478	2.3629534842600384	2.0793091735521383	2.0351462977219366	2.2065754540398856	2.325135479533215	2.2063367166806063	1.986707572736698	1.8876972505055805	2.212778012081617	2.061368279159599	1.9926205951200333	2.0232247615286427	2.96439308637489	1.871349772822973	2.1831737765097503	1.8297530006685763
BGene_0453	1.7628073624915115	1.791759735059651	1.4000802250227604	1.5138967126924205	1.557682090571914	1.5164886203557826	1.570965915997699	1.615162984047901	1.5534292864795936	1.6763265665147498	1.9093640695481149	1.5401226066810858	1.4929885116701143	1.654256343677174	1.4784176076005338	1.426780880380945	1.3188949726918309	1.4006000153902982	4.355037731404844	1.519167786318849	1.3064062794525884	1.4683622819172681
BGene_0454	1.4096101706267827	1.6580105984028137	1.3749701620161663	1.5460819629334435	1.126670296221663	1.694328141088185	1.4412249881001336	1.8852217708289118	1.5111350848069307	1.1867514662896617	1.2676566658687238	1.4214773390394646	1.4688179906640555	1.4233284817346175	1.5416596749709783	1.560018946680195	1.5807071476167263	1.5558626695422255	3.499357279619682	1.5964491300065164	1.5971046851767268	1.4389087011524704
BGene_0455	1.489013513732483	1.321665731524209	0.9774382286323304	0.9414042937659506	1.0671129822436531	1.3206110877694603	0.981219401257495	1.06454267457246	1.0896575902030137	1.079084176913117	1.1973250153582524	1.2231821771574212	1.24801800405602	0.9857669799201851	1.0655661855033236	1.4974187098205598	0.9191407739278233	1.139666219618034	4.237475513529867	0.98130643868511	1.307930838770965	1.4358131265934462
BGene_0456	4.897753766943192	4.922594638767287	4.648820653525883	4.986743056140101	4.531211101148554	4.949449841577036	4.622006491136826	4.882078286163499	4.692831028983017	4.99532487322087	4.550912480507343	4.806311874905964	4.527599932704589	4.85124042348923	4.77227993174112	4.781457891574687	4.553249496190364	4.536208880211487	7.153508443013341	4.578865240630209	4.758191711646525	4.433707191255455
BGene_0457	9.33067569465923	9.591712230603012	9.326757271994905	9.466739452638107	9.447365964643282	9.475169172252214	9.347870532216033	9.652057983894348	9.591725340754355	9.295233464469979	9.382005223959696	9.352534209661094	9.27945841899819	9.451866967177532	9.260337896015995	9.506512145422892	9.513981236918342	9.551462814669556	11.339716029640103	9.480114503804955	9.329275544990557	9.503047310043335
BGene_0458	1.1027292839679657	1.4622165108093508	1.3103323784569925	1.2687256351059337	1.2540637774784609	1.2491591104010247	1.4168608420221585	1.1823493068300834	1.1572259640600706	1.3009238348809395	1.1090222350473764	1.4685257282327469	1.1860020733913668	1.274494176656116	1.3417864736866194	1.339064104860107	1.308421894760865	1.4337070734252324	3.760757508034883	1.5186906910053202	1.4607538168938157	1.3387637816232605
BGene_0459	7.21089794535927	6.919224738576004	7.00215856577747	6.900733409539097	6.9124530343776724	7.049281307169326	6.782758984278145	6.764919628515215	7.165492117061688	7.112492927061679	7.22750719405053	7.052713859840824	6.751658890266554	7.156404003660445	7.096391810240883	7.107495744596886	7.211217225577311	7.010868928259751	8.145018260651678	7.056778927183707	6.811769652798261	6.97337914672259
BGene_0460	3.83745150801452	3.1058941244244522	3.5469867257156498	3.7526782570765325	3.4805534595789402	3.7441514618625416	3.4175052751352175	3.565588504787494	3.7477547233986153	3.588167838469548	3.4472775374478215	3.419956162956783	3.661758115932867	3.746342973521057	3.5034778862095	3.7782292275152223	3.4060592245829517	3.5477415520177233	5.641132669457335	3.5591087366835548	3.5951171856791637	3.7746784718589708
BGene_0461	3.200221740902886	3.4199287777834786	3.601175841819026	3.444703800497942	3.384527253159257	3.2204388193327316	3.306521318592247	3.110124773540811	3.0109469776673534	3.3508637876939495	3.1858862321142447	3.10623340513921	3.283223863414837	3.1901594348876583	3.048832049301324	3.4237279572865478	3.1802978014469385	3.0961795107758734	6.522257065300898	3.1304468142854196	3.5094444188558716	3.229962140347392
BGene_0462	2.4458199370403566	2.3272558611473753	2.5553450725663645	2.3526224265144915	2.658645291538206	2.6672504776305366	2.5470813652353907	2.515316238226493	2.683740341036033	2.4693995049346804	2.3116926150047736	2.5228981258999177	2.749634722795763	2.157370364893619	2.069016847740967	2.547226922244639	2.9349326955540214	2.238238855853861	5.555931316978248	2.504487423784856	2.516605335085119	2.4098265324310355
BGene_0463	5.08672322297966	5.153256238429068	5.207800855215118	5.190670346240676	4.980534869288348	4.953353990549225	5.134630739011625	5.035611006610778	5.130169468584908	5.136686871501627	4.725749719932658	5.110383878705288	4.969779950584137	5.023316054056261	4.782630695235481	4.933595552529916	5.0357540726767605	5.0514360862402174	7.644874539799224	5.068684847580878	5.238468781109845	5.273417898863334
BGene_0464	3.7122830300688454	3.6093789713633804	3.582231939469136	3.7970368479284895	3.781215699477773	3.8567542523902536	3.6400250831997827	3.7863070461503607	3.5633853344645905	3.4043959077975505	3.7820610795971037	3.608972010141197	3.587484842520027	3.5018622960967862	3.657816901358867	3.5545244867377876	3.5999103299808612	3.6238654974311766	4.580399565243909	3.8440023524762363	3.8914611177053096	3.6627749551588433
BGene_0465	1.1506555369847917	0.9392250741448345	1.0007026989938876	0.8166084540776523	1.0405736790455142	0.759770421678361	0.7289659411159868	0.8804678682326216	0.5638932308638593	0.8126331466490067	0.8045254477305489	0.7484136673158174	1.0848738296063378	0.9209237724625831	0.96128198249186	0.7996857192084209	0.9271100936352459	0.7103859608900851	2.977116761378215	0.9302282982051931	0.6952865944703179	0.7487332881655929
BGene_0466	2.0082017337767852	2.3660123891905145	2.2529949037647836	2.3187655281227335	2.3617849686888692	2.3887123151589673	2.3191722841433173	2.307560010420922	2.248062048437442	2.439746394711047	2.434296892961636	2.347553239462198	2.3697995961163563	2.3706709200850273	2.478155076839417	2.508205516289931	2.3192268920382286	2.2371847643004967	5.482016717789647	1.9453946980526373	2.3858873850040507	2.116906086551584
BGene_0467	2.207675685993603	2.0534056665169786	2.456985949631088	2.223080073487411	2.2702236963743725	2.2516853337321576	2.093493838448119	2.2319733406808524	1.949448788244125	2.02522383743969	2.5027485074722815	2.1173759006917225	2.3682597401274235	2.3203375058153037	2.1531688741567128	2.386290267953135	2.211176423265998	2.1999830831893394	5.594354785271849	2.3098417971720933	2.165805989322959	2.3479632902948615
BGene_0468	7.394163515709642	7.26483974678373	6.810921744008886	6.861466272140918	7.135921080567337	7.00760338500892	7.370009429848679	7.376950818193447	7.132879049068082	7.012340990834759	7.05687138446686	7.336362532410506	7.318765599933565	7.027815077069189	7.055020029569368	7.075037602737523	6.955805073263903	6.788496090657296	8.0000448009759	6.868777522152392	6.8532673979623455	6.826866516890479
BGene_0469	5.110079218037264	4.780345339088647	4.875270643571013	4.890251340800232	5.018829961719769	4.9431441722563205	5.139912229813945	4.759259092711705	5.05219193744998	4.671803305157694	4.8938219525118	4.946313002538069	4.861161215447464	4.710328988352022	4.821683877608551	4.865558437784171	4.7027102148476025	4.859948946026291	6.995270732571981	4.898218220097509	4.685815455770392	5.197110211020509
BGene_0470	4.078794733588928	4.308026032261485	4.315716582874937	4.132499853390101	4.176511878665078	4.297210463851254	4.353459864227882	4.156245102947325	4.384307250282444	4.419539126402839	4.469348936973752	3.9022391932610634	4.147085342781994	3.9695746849738445	4.199443039324273	4.492532405450341	4.105115375449255	4.378375637948497	6.98463284611448	4.232906514429915	4.284025422822495	4.096715958609632
BGene_0471	3.732500058446845	3.664925203342023	3.8237159885278738	3.7939605020201643	3.8569893956124752	3.628767310648762	3.581942489552692	3.798950942054992	3.6075249688401483	3.4120791887202606	3.6055306444942965	3.775249395259567	3.6368162693842914	3.570873413192818	3.2279026768822496	3.5017685346947287	3.675568123583108	3.49192619307355	4.2538584393348895	3.6351059412089395	3.7030804394032013	3.6432107073230013
BGene_0472	3.828066214549822	3.9708416296427416	4.2040811514492065	3.8442433978385786	3.9729071327114	3.6145184301784137	3.954863123269076	3.9985787933081682	4.0020917969775995	4.045907801622335	4.168887680509881	3.9964885389985314	3.7811254245220924	3.931662887322517	4.06916292609037	4.047393917354182	4.072666483334514	4.0368932498580214	7.083253327051536	3.8493331646767786	3.969334193471499	3.910292999868675
BGene_0473	0.8202454283311091	0.9777413221354585	0.8920547247158408	0.8174784069809373	1.1523128442714405	0.7586712812901674	0.7870799258673176	0.9982928549155015	0.6701317811311692	1.0436815612787393	0.6710628749728188	0.7982973930419134	0.9963697621929034	0.6310750860019188	0.9628355791366828	0.8285623052525783	0.7645608014210455	0.8674838295679552	2.0737712793864063	0.9039606592015285	0.6771783618491605	0.7526932547624301
BGene_0474	3.3593308540053415	3.840606513550363	3.7489419600733065	3.4598919421692207	3.567793223509063	3.6775281435003215	3.7626360741220566	3.5215625082870283	3.717783102418735	3.4619381336541055	3.6359969928175757	3.610821117411175	3.6167489583290147	3.7652267266576076	3.182462635744006	3.642820750507973	3.6306223860082674	3.7019094173506057	4.932398734722314	3.633315986133865	3.6489548664410463	3.495867652644348
BGene_0475	1.8655940410249692	1.8687763084988545	1.85010103504425	1.819468447035122	1.9079459029295367	1.9707211208834832	1.57621294462918	1.676776557485539	2.090863238682471	2.043247245806381	1.8439553105908553	1.7001111230958488	1.8848645599578155	1.9902972078925072	1.6133935834160027	1.9565020240212492	2.1450204379360915	1.9591425588572768	3.2599013824650527	1.8113226880323279	1.9979643257100457	2.004227799625978
BGene_0476	2.588065786720389	2.26360297300221	2.628843144431242	2.4978900805390545	2.2327046849084864	2.3259768509444	2.60838470923394	2.5303867837242033	2.384590814834259	2.480286490734541	2.410581485188912	2.6616592235935204	2.144072554022534	2.590967580006911	2.324681813451991	2.373860151271935	1.8882388975588738	2.601682363780237	2.5288916155068795	5.480715725355828	2.494078292771065	2.1741425379832693
BGene_0477	4.812676266020805	4.826545265953164	4.8777331681235765	5.263300978630357	5.185106277539582	4.845959160970142	4.838198306237939	4.876102557049051	5.113682144734559	5.020672868384694	5.252870701692032	4.899840263140099	5.071494808601249	4.955111023582218	5.442348093579898	5.127690900253447	4.906530114952541	5.216875537316969	5.267949164193821	5.619979178877342	4.929702994500535	4.823677640228867
BGene_0478	3.664990343634005	3.7262170342964507	3.8556955771560744	3.758064207157276	3.679910867040852	3.718538865011804	3.9809239841027795	3.715216172726934	3.5384060633528245	3.727936424060493	3.540731853479754	3.4354310582435925	3.47007465317717	3.6079198050440526	3.8313322711224047	4.0029148107513155	3.9617194319083864	3.611058341866232	3.65242383088223	4.923188233626505	3.7867707990170656	3.916511107846143
BGene_0479	5.574112293558726	5.863598636576635	5.770852219597167	5.8332632677141225	5.8211593789401705	5.6719106109075375	5.814970450340799	5.82865818245452	5.7203571767851	5.78101875796754	5.6446837507478715	5.859557562400746	5.848055691532913	5.808612129578595	5.4038586395496075	5.661270661262772	5.584930366891788	5.646174557509763	5.593615504157215	7.786835016872022	5.389680386762388	5.582810641559329
BGene_0480	7.410411544363779	7.849529274956896	7.5638918996541005	7.636741819869748	7.271771450607353	7.428734492221981	7.738873024770437	7.449106717789643	7.63950846061705	7.576993480659885	7.806372650187938	7.531085191039784	7.542227586403781	7.549549578838091	7.39286824450091	7.492057493409776	7.570058988626988	7.492193837450914	7.571585947531935	8.905874559371762	7.825499110572098	7.646401136524471
BGene_0481	2.107418651945408	1.921605924840537	2.033525012183261	2.1195556360493786	2.0019501187990474	2.1311526676285992	2.076015170039172	2.001348973712515	2.0433984134174716	1.7463409660467977	2.5670088987227846	2.315735558590342	2.1375018297156547	1.892245146216155	2.161628234130709	2.108932646986085	2.3112692441376628	2.0800810083324666	2.125946447949399	5.374138785413456	2.2065296628600772	2.061411892041848
BGene_0482	3.2279717831921864	3.5656479301665107	3.1637540551491594	3.3449347058659282	3.5920973145408954	3.263186137369966	3.137089821527462	3.322781275034468	3.3624686697695516	3.1827772916234602	3.144349318259995	3.387420270901668	3.216973591188355	3.255522239441905	3.4998030495955708	3.4073673446707398	3.2795585626610038	3.372970394085185	3.405566552872284	3.9738919802091446	3.242472575818016	2.9693659659388514
BGene_0483	2.166472223860045	1.9357163086793143	1.7788922988407032	2.0008497609784874	1.8629562501752492	1.7183688459425612	1.8657112011498558	2.0442326384624687	1.8702871239571242	2.016924861139715	2.065374715139164	1.9116485621768107	1.9595751110033892	1.859535247755159	1.9969536430974058	1.8641838408712492	1.8329840982930952	2.1940880234492512	1.7270198818019828	5.715060253830456	1.8730481020954162	1.9252328257226543
BGene_0484	2.119236282831859	1.8732320981236303	2.0049568405824214	1.5557831308228256	1.8373903734223418	1.9068721764686583	1.9882227605756866	1.9541315800846828	1.9628880610873243	1.9809518420974073	1.9549670742549663	2.165421785304813	1.8899784614855675	1.7893672008163808	1.933831120694731	1.8406244804740368	1.7922826623057369	1.835038395523186	1.7968141684060441	5.16197550763082	1.9344399795327625	1.9656729117275418
BGene_0485	2.8033627754120687	2.65532454244612	2.9486318380383985	2.839739797497268	2.6822777870321586	2.8604102866865015	2.8315214946848086	2.8070825269700483	2.6586982135760886	2.885871715919892	2.8783664394161472	2.935023527837969	2.715267024328399	2.581048900226157	2.8820183466780422	2.8165109400657253	2.6950087719457394	2.8124194849226782	3.0845553931336704	5.6747612234395834	2.7787653892901174	2.554785697100929
BGene_0486	0.4869354797077475	0.33595197053758713	0.511222839439898	0.30195273835216707	0.5808559657972152	0.009083382217635605	0.4510067326930634	0.40375503819627284	0.0	0.3575410655411623	0.2679205494304698	0.5135127910074613	0.12375858076985938	0.13566388858454417	0.24364156362651623	0.4258499268055685	0.2643044491207847	0.37079048904157846	0.41118300775050154	4.296898800071456	0.17710551929989207	0.266721503443738
BGene_0487	0.1861166911075856	0.10482431500479523	0.4022928274978067	0.0	0.2071682810452397	0.14979057352751385	0.21948385074086432	0.1713747689269679	0.12240666803709967	0.07533522143054275	0.123846041284093	0.19212200015166725	0.18562137487389413	0.13620578287638663	0.266679769345056	0.23053129416385815	0.141563538014826	0.24193842863826892	0.19141908380536266	3.9740675909587955	0.2627182717135299	0.0
BGene_0488	0.0	0.0	0.001378038713640728	0.1909742426301518	0.14002435560481374	0.0	0.058007133870337416	0.026816312138854145	0.0	0.0	0.07551242657082415	0.3372350644970986	0.21441146400880753	0.3057332057762301	0.21039423501437732	0.3737129941369271	0.22253187101378308	0.0	0.0	2.9351469483378865	0.3615453362667628	0.03224230603822119
BGene_0489	1.2422972243754349	1.6331393775007397	1.3458344964382132	1.3707203924047078	1.0482419105502954	1.506501634732866	1.1534400392093396	1.3025515282138185	1.6064498689529358	1.0194602069680065	1.2173137682743476	1.3841279758285194	1.397448928524263	1.422800089134736	1.216575217193388	1.441718452118535	1.1664649527194801	1.31836475136053	1.5206441767784307	4.469112851449444	1.5121046272302825	1.3803986739431247
BGene_0490	1.2987254432913815	1.6428332001364998	1.3616085499955384	1.577712332278402	1.5883849130964713	1.2065171674173456	1.6373213834510543	1.194090637098018	1.5364319180832573	1.3990251881566431	1.2557286263339786	1.067872475482437	1.4204922936483508	1.4722516559445276	1.415800958378038	1.5111743847538717	1.4082761436895233	1.3879650314894956	1.6019105986755233	2.994818569116144	1.3656206252969616	1.409998041552228
BGene_0491	5.185796773745704	5.274211156865245	4.864038517303376	5.112772467366634	5.153094595180592	4.923607101974302	5.026904791006238	4.911301961033554	4.99854367897112	5.2105981689253404	4.903108991617816	5.136682715682587	4.976199978078674	5.201279314667775	4.914525089680107	5.012063984807667	5.379901617183922	5.049348948805767	5.238972514827694	8.99994725773159	5.2339224469727395	5.1308718155268345
BGene_0492	1.7087573321057785	2.1509035448817238	1.5618144742861584	1.9024436608399653	1.9735863725041165	1.8693967495339079	1.9641326937642347	1.7144473825347588	1.972998280277485	1.914723349269532	1.9001211440558905	1.944779966289629	1.8806473294783366	1.7910806795379415	2.0680839160753854	1.8815044584942306	1.9696497698037867	1.7438299029512128	1.9847091937186496	2.4086025723021782	2.0041675112037582	1.9594956970503405
BGene_0493	1.1754344217122588	1.4356785652167374	1.2593580005887612	1.0273010566108738	1.1390790789361342	1.3855500480546383	1.0588185848679286	1.3694007624135818	1.1867170856974263	1.152023115622165	1.3657434965156585	1.197971642655462	1.1944726035025879	1.36919964023117	1.125193427728773	1.0719552349917183	1.1465392686397493	1.5071885334969115	1.214351293324564	4.139128329107413	1.4181966716001837	1.4325252344543324
BGene_0494	2.000078790432726	1.693098689223109	2.0954070168473	1.819085227945633	1.7218480893245232	1.5661134777569385	1.8771248546768486	2.1351437028029987	1.853308480613227	1.602668136076081	1.9161110386774338	1.8441897399757698	1.6195129926992622	1.84978888281964	2.0128609479232	1.9258005646471756	1.8405725238253225	1.8094819467813568	1.6047426450593292	3.0445453398694298	2.0467666895852004	1.9739538234193565
BGene_0495	4.963779558031556	4.7442559230083665	4.899048072393936	5.026107270342135	4.664864748502003	4.617136620555072	4.961403031712663	4.841712239151897	4.868496042315651	5.143050060429461	5.1108083570089295	4.75035938850098	4.977533870818733	4.857657808267304	4.936249838388391	5.045288832608047	4.995742740259437	4.581755282450181	4.775357539174373	8.551725616614991	4.723211420991353	4.818412294184283
BGene_0496	2.9107424580101195	3.1180919778051814	2.8320046183919088	2.8729750645367096	2.913175014191917	2.866465581779932	2.975061230745039	2.6858497133950037	3.062661301105358	2.7821202005984063	2.7231145226397526	2.7978101102359036	2.7789738270464786	2.8211087059726982	2.89460345555935	2.8392242194231576	2.6089774310765566	2.8493864051531377	2.9075663197846007	5.148708185664636	2.7943364945117195	2.7582292064528153
BGene_0497	3.0555397781835296	2.9160465431622313	3.1615203495165667	2.9750150248473024	3.1412047179157785	3.105682456375909	3.177578190617112	3.1545161011980665	3.114429983286567	2.827589341147348	3.137112960223289	3.1485644617404716	2.780427117612639	3.2902743478974403	3.441842766198591	3.0762011536097926	3.4171471300889014	2.9880672333962024	3.168499048806672	4.944275235670285	3.0373816361051205	3.138899585184155
BGene_0498	6.293704966468899	6.027896688305835	5.724348402871196	6.286849071641367	6.059570569038386	6.587307993513411	6.295647171192678	6.110478226354131	6.189772475534782	6.167233852233418	6.273327996594981	6.341734996329949	6.32616354081918	6.187861650125069	6.243282545887899	6.481789198663004	6.289542669445671	6.1634394040225295	5.9892538408432765	9.025757076518559	6.276538918701556	6.200411882171364
BGene_0499	2.9783626683211377	3.14936132243468	3.009304940747188	3.0912470123990117	3.0235056229062156	2.799963584349514	3.10304149287998	3.121026938496795	2.986701267218003	3.2156857565571064	3.0076278170889292	2.9990150159433093	2.933957968527886	3.1739496213989655	3.1658789300805408	3.21221985054914	3.129314959030034	3.3042460541268537	3.0707595525838953	6.444476706838338	2.962138645929667	3.2761562296387354
BGene_0500	9.73128151136036	9.519112931817164	9.60189537842334	10.049321478365744	9.653857949300225	9.386502511878353	9.57140620669646	9.52633761131909	9.464821648828398	9.594899282747305	9.911459656726414	9.374532340426624	9.816523573336951	9.860701629852842	9.726207154142728	9.547003395027552	9.774677853481222	9.761220379507717	9.796576469337886	9.573817445235418	11.29753647413622	9.68967502600062
BGene_0501	6.504484662299578	6.560111568684282	6.771173547908846	6.4824689398334225	6.621392922621891	6.473326786799283	6.408948561571732	6.4630234603534005	6.55489487679523	6.560492665576019	6.555703407863457	6.381766714551357	6.776071650283337	6.381485609586764	6.7687675442274475	6.372713145906225	6.607330467413963	6.633946645498626	6.507175552428612	6.541550871598275	7.314982916616367	6.469984466216382
BGene_0502	3.811981976348462	4.0257149144250155	3.6434833014059156	3.7597744051727764	3.630292881213209	3.5734696865074085	3.790861280981241	3.5914884879152114	3.6484383224528965	3.8132164488976974	3.731576587967216	3.6365440501160884	3.532133450967053	3.8568771871956042	3.478165163706959	3.606559633966519	3.4176944159328455	3.9416695225221647	3.7571015771007445	3.4767772047381706	4.540757556825684	3.7390830517713947
BGene_0503	0.14984355364410393	0.0044484313080075805	0.2036690043832108	0.29752721217629363	0.0	0.10740806888516137	0.1181142701697634	0.0	0.0	0.35770036171850383	0.11839680529842488	0.2762657627798638	0.11383343857201977	0.28065253172827836	0.0054533612289789785	0.01565731228943222	0.19231306241341897	0.0	0.0	0.0	1.6213506972374088	0.1439603927146112
BGene_0504	8.533421216828982	8.352460506041556	8.560440771716289	8.686083142486636	8.483354170280581	8.595682012383913	8.587058496674182	8.716148876993843	8.6372634108753	8.460088500472791	8.653505624485817	8.353409401315064	8.909827376313412	8.4500276718391	8.353140227916333	8.42346288638087	8.59721261951456	8.833406348941635	8.475645467175713	8.714634094448009	11.828740739447566	8.763966323547336
BGene_0505	2.8521825047831535	2.592240675083718	2.3669294104318426	2.6286507622622914	2.697096154165577	2.780594021110622	2.4558827382341235	2.4150699471336265	2.736851606042566	2.5688680449658343	2.8129893665600463	2.628545096218612	2.51380968364933	2.597825926309761	2.6420429081346626	2.7823805858485895	2.3038322151103485	2.774921594907441	2.713889834796781	2.538705933943538	4.687192725726831	2.6692934166197118
BGene_0506	1.6559451831134346	1.5363861776090246	1.542343186467019	1.6755916152049635	1.4011686757110642	1.11787958162188	1.5099707443584085	1.5152006231960513	1.4764534048725657	1.3568518343274012	1.3148980261704453	1.3293661738942548	1.617430573039659	1.6678713794891054	1.4644372416859284	1.4868408212593522	1.5869962994270455	1.5958163878239857	1.5408709201992337	1.6852232857139349	4.687021667003517	1.473546829070914
BGene_0507	0.5279348695513739	0.8196789155905037	0.6009693082708355	0.8003973063843864	0.6128678105267191	0.6086397950336704	0.7655492725947878	0.8663053747596681	0.7907314388383142	0.8699488807759994	0.9178989504155217	0.7164337109771488	0.9001193796953635	1.0359556159413112	0.7757203853721414	0.7415693995548568	1.0515339595644004	1.1275168400554318	0.9985963860747004	1.013227790596825	3.8535290195571617	0.783787491162124
BGene_0508	3.216047969296773	2.8589642525951344	2.8584765422323946	2.972994054471635	3.143829042149478	2.882728269834704	2.8902977399941165	2.8236445486017825	2.667678097678033	2.9324266164411448	2.790018919728257	2.7575390142925493	2.9009247319052807	2.8846398471971724	2.9789068688660447	3.0319267856217937	2.9768320786652125	2.8936198807213334	2.9311370937167713	2.8149480707730805	5.545843185308434	2.7692662375586137
BGene_0509	7.480746805372381	7.7152584775308455	7.724730288176612	7.803717037528589	7.790305433518727	7.783917965030456	7.790490991646089	7.511967177452967	7.896771728552448	7.545134531377615	7.74192854246151	7.748239898953177	7.565550990253734	7.823839175228083	7.613003456297116	7.824197030324531	7.638904113354117	7.517618923084815	7.862198220018115	7.7649801292618505	8.561206977178706	7.853836575140276
BGene_0510	0.6928362592856805	0.555044491130483	0.40787221539115376	0.5573196946254262	0.49508666659979095	0.5654077103966044	0.7307950963733582	0.6781079609153646	0.6761079091355567	0.5925841104416957	0.7637703706457576	0.670800202143978	0.6259907447622568	0.6235687613828551	0.6374500318354408	0.3404501134738934	0.3965241192074953	0.5921301213467658	0.7006657720237556	0.7532404044540758	4.377738898356037	0.539321842545584
BGene_0511	3.6050488289544567	3.770985826760055	3.829741460845799	4.042382744151711	4.246672655082269	3.8978510685290964	3.5984980343775126	4.081769409652475	3.5888695955507934	3.9718654497552017	4.133751179859545	4.029239693436353	3.9115104194103316	3.881782963436133	4.104057461061661	3.760069224517213	3.9620227170236144	3.8946849976398523	3.7763843729819113	3.736639743815476	7.972342048613573	3.8001685360600654
BGene_0512	2.0608610126992715	2.2527518451778885	2.1609473437910207	2.2408420633902	2.258953003382126	2.4742475686164824	2.0632764945248505	2.259614338781597	2.1247095177134474	2.1643280372310625	2.3956810067522243	2.347228725627592	2.2363308153108017	2.1481138085432563	2.0751812077318865	1.9873002899943655	2.0037214840504767	2.233208420720469	2.2158036750493872	2.3041001153499034	4.269222490667295	2.2165639649139193
BGene_0513	3.603636843882036	3.638379421800773	3.57972357729216	3.45786704787375	3.4938017296338377	3.5134907416644716	3.6116294843767256	3.6325829926835533	3.5995752460794463	3.515690883266846	3.2250208622253482	3.491752321924038	3.5862989828600225	3.4570795317277994	3.383785058088434	3.5388940349995974	3.4199744899765148	3.4281707686082137	3.229872151996851	3.5748727507835505	5.202437065096746	3.5142343752479257
BGene_0514	3.3204423686777877	3.0754517773291594	2.8015750715967958	2.982277452162314	2.760497648225522	2.847931504120662	2.995300653909049	2.8694318300526973	2.875854394504326	2.869775189926087	2.7438911286621535	2.856867871931511	3.0139475612470514	2.9592151826553255	3.196728833312585	2.8904152416948268	2.763674882313915	2.9728676671851213	2.956691497221504	2.994291205418863	4.731389982717636	3.0218383485387688
BGene_0515	3.920744286515026	3.6683783401036187	3.417316573566098	3.6535556356886287	3.7321195672175995	3.7035339961856484	3.654617221377132	3.6215148216110475	3.7048033936181035	3.6112704265159388	3.5507655760864267	3.7448694003207037	3.6247153284050238	3.8806231822414863	3.714774713405111	3.7796601811565727	3.4746257584162	3.7153390461712816	3.8129219867257667	3.5989786789205405	5.473136703780046	3.6268473640465055
BGene_0516	4.948043560042084	4.854818096179263	4.923120628612367	4.689367313211665	5.076565851519895	4.679708320429835	4.868049382565513	4.814695955415142	4.850038068155635	4.894995283614583	5.158785548303168	4.859163764812167	5.266946953847017	5.30269116276535	4.86469258321755	5.043865317486653	4.631794265166965	4.97140446663396	4.950132172473838	4.967637148460003	8.160969690843089	4.918251454577626
BGene_0517	2.4803014933623757	2.9296001601900152	2.935162621311224	2.5196069339429292	3.0001283278157196	2.898163154661677	2.477263705104239	2.684010550106985	2.5751185804514396	2.491353368626001	2.552411613846183	2.676260893420107	2.712223789861513	2.879739554742065	2.635285491880979	2.573859804375854	2.6238390602600803	2.644601528730537	2.646247182422415	2.665546837736716	6.460995022663164	2.3864635933883958
BGene_0518	4.445402351966909	4.494773137160312	4.5496789248934295	4.433944700600398	4.203238208709366	4.572118339774656	4.5008940139059375	4.576220977722374	4.303730696589872	4.501264908217259	4.543753925206924	4.670739925958252	4.343624263698419	4.404086491789388	4.67238482012905	4.2905002102425716	4.433878099160535	4.411173347681072	4.225994602931936	4.421704184234643	7.5483000106532865	4.239302912136408
BGene_0519	2.5512949605950896	2.440953408057889	2.271221582698118	2.2474553962262145	2.2553317735127427	2.1176645255257935	2.233761952091861	2.2032821430827614	2.507075053434529	2.64797592585796	2.4027530162620674	2.330299540488045	2.3490589113852423	2.3289801818536593	2.297911283052412	2.509737368401953	2.4213471476945205	2.4329228886215564	2.2430816956760724	2.279883061457135	5.046676269633776	2.4436691407474798
BGene_0520	3.0232545538200806	2.821927607022461	3.0674640729622675	3.139935098216415	2.8954629251362998	3.06543892327201	3.1531937089097952	3.1502595545537693	2.881205605175837	3.2750979981724067	2.7915813898187016	3.1150370852917404	2.864014587885883	2.7659676886995195	2.9967308310776772	2.9757188991121284	3.2984035807542686	2.8717112166692798	2.804180099208837	2.899324881270248	4.2338654110384875	3.054040840966876
BGene_0521	7.108786314675123	7.105770541260466	7.175454886028632	7.064406632924716	7.130442820418101	7.258703089632082	7.219612541963832	7.463802649598415	7.287129653643423	7.10812036535386	7.360301290870541	7.071318285645733	7.206690161330955	7.407732688916767	7.0915903264502065	7.286154014439362	7.132145353112074	7.166481005365293	7.302465287701112	7.163436375812058	8.922946870323146	7.067806634924487
BGene_0522	3.007414303988163	2.748765865650828	3.0759695802054043	2.947800492438687	2.775349186670277	2.9933318072163666	3.091183668431079	3.1442409308109096	2.810433929838496	2.931213442930818	2.741853939992435	3.017403871856232	2.7959819823196366	3.1173777918460464	3.17338018871133	3.1055248537097917	2.964973935542727	2.9205392671092083	3.1135082351412895	2.9896445657253086	4.6429072236778755	3.0263905186511053
BGene_0523	6.368770442948266	6.5199948855379635	6.466421293299052	6.667931437484949	6.593497841845952	6.632117346187593	6.409650178957689	6.294344653938016	6.304461166553088	6.605812118930973	6.347016233065428	6.373955008760198	6.731279137327218	6.518851428026066	6.774824203421112	6.4019670742736645	6.74114129229471	6.707457292174066	6.688553763174085	6.493548111199011	7.692042985503759	6.358851157606229
BGene_0524	4.99831604579873	4.994002956607036	5.0462967349762655	5.005301415922348	5.19034977117993	5.06647310993787	5.2227844154656795	5.160595649554803	4.960003239350226	4.742522624206269	5.132069369534556	5.003212179976405	5.322886838305081	4.97206588939563	4.939979867570471	5.122703560044311	5.111972673493275	5.113232251598821	5.2091621071352066	4.910148936156942	4.71126540454049	6.867731447217506
BGene_0525	4.549883020762326	4.937731756621486	4.657284074516816	4.4521732408584045	4.600100496966202	4.640526784045474	4.533973494651334	4.821774705732829	4.812740543291153	4.827908081928079	4.667917810200254	4.595823089285442	5.086507082320825	4.686775586964183	4.992352518977942	4.935728516892445	4.804087792593745	4.721358913661796	4.841543951861118	4.780560398000449	4.824155506948702	8.835591734414827
BGene_0526	5.061580872843382	4.698491240505997	4.687550300227463	4.722761293810455	4.837406049403254	4.626209124874487	4.444048020812569	4.512054349468097	4.8956925694935105	4.645528724101096	4.739800524736409	4.5643150389157165	4.775100543867685	4.780326785317744	4.670368874195078	4.3461771405040945	4.74555187791562	4.674459544341155	4.641047203830338	4.567050566184106	4.434347654882861	7.500354412457562
BGene_0527	1.1374591095283613	1.0440331357014119	1.252465126577836	1.005141097267687	1.4371760847565382	1.0583748506473283	1.2734843449575055	1.2030872217096915	1.096851467228034	0.8306538454137817	1.3849626640625055	1.0851774222063852	1.0327837028980797	1.1695843633960024	1.199306618029427	1.3408596929250671	1.2422944777923	1.1896622923631852	1.285399003683362	1.0183407210790911	1.2503568743956242	4.76094447961436
BGene_0528	3.2087749536010697	2.99929158739861	3.228895712134346	3.1254930207813056	3.099050653693631	3.192806647448434	3.341828182896582	3.023390531701574	2.898230097987101	3.00065315405755	2.9014979813516057	3.3485380450511277	2.9884923959698355	3.1486093551187326	3.1592315708574517	2.932618029181224	3.1915536252588033	3.1692193705135057	3.3064396236822224	3.188995651675638	3.1030771305614726	5.25439591878329
BGene_0529	2.40141649612635	2.7617006561219286	2.5467450278142625	2.257035150198861	2.652340091022522	2.431345292603631	2.49506004890878	2.2731336618249536	2.0183054984770457	2.470272580868563	2.514198564620583	2.443735115469503	2.5221794621417053	2.6093796114217915	2.1842792972219596	2.414078078469737	2.4680702439961295	2.403882283989064	2.489219347645215	2.602864562058163	2.4749509149816307	3.040106486908931
BGene_0530	0.7783679438220091	0.9324459761451374	1.1159524500722635	0.7904460915815272	1.2410722014305222	0.96840166991169	0.7612252716759673	0.6640599642963955	0.9228734577758589	0.659768293749153	1.0465014161526662	0.7774093651064269	0.9826141127590908	0.837359245416518	0.6659468223411658	0.8902191522999578	0.690594390899999	0.938601804871371	0.838996181922598	0.8274885713793177	1.1880051506249985	3.5330347900146752
BGene_0531	0.5510658553563708	0.2799788489270964	0.36330627776808755	0.518927357703379	0.3233893286960509	0.27475071323219347	0.014322799196301028	0.5105924314878476	0.25705057359611494	0.19556784565318858	0.305167163397733	0.19851827167028246	0.38320914974531667	0.10078793300078884	0.26184872088767625	0.29691126599623785	0.3115034600247808	0.3924925417461482	0.3789351917402306	0.23893388321092113	0.4956679342259613	2.1432519774146077
BGene_0532	4.006794854571683	4.0923479895093	4.081823320999414	4.05724655328924	3.8756169577973103	4.009966363977378	3.799525934867305	4.077839816181865	4.159286354638354	4.082416350327385	3.8366170600523004	4.286565472064396	4.340069553228106	3.9331017537004724	4.0602287879585734	4.191105723297768	3.8870348394370584	4.016495004523084	4.002636052430016	4.154610746330118	3.9212623116648673	4.76213010294571
BGene_0533	0.8643517574317691	0.8639438662455244	0.9235073395952136	0.8536239414825697	0.7485702925197679	0.8870125182504486	0.8542182818297636	1.0240082658021705	0.8296605480489838	0.8559450049201413	0.7882465920557463	0.9194245238392598	0.4521259536485959	0.5762217232928548	0.67850985172616	0.7112995429152102	0.9181193034434655	0.8541080796224103	0.6351368596508532	0.8362279877203428	0.45206343022654455	2.7032514741658877
BGene_0534	2.8058294347704864	2.6633186748315056	2.8286337046744476	2.8289763364027944	2.9944621379163876	2.9355753506073965	2.7796327492060726	2.867962179389622	2.7353485304610436	2.861202690387039	3.1386788514534296	3.1166570909849165	2.8432488769661375	2.7664046099292903	2.989559434940965	3.0929864837340446	2.812984633321475	2.7317623582152604	2.8332486160346493	3.1120413687597663	2.9234672627268967	6.243950214529944
BGene_0535	6.949969427370221	7.152891118805009	6.7055779693469795	7.101364192185953	6.6528580896883875	7.1434376445374115	6.839173018859854	7.082651719350891	7.006494000784737	6.8801863182637355	6.866488495541509	6.613332228682824	6.843704001421796	6.97542618595779	6.9577924653672945	6.968325518468579	7.199712639548618	6.912142970245173	7.000442941532833	6.724010251800769	6.8348620409465894	9.354069115142309
BGene_0536	5.764263417061747	5.621948166475082	5.5904663425726575	5.723907081510539	5.719037744274339	5.750941438799635	5.522976198882783	5.691267926186699	5.691038123167204	5.807299559834142	5.914831877092539	6.002160595415455	5.869706146607383	5.783617060984175	5.844959872436814	5.860091580751815	5.716598575983184	5.630237626785005	5.6790585711967445	5.48932917244634	5.71666648924989	8.037673121451686
BGene_0537	0.0	0.1559378136828084	0.08286002279309876	0.4913368688455415	0.15419066544791643	0.13411849561896402	0.0	0.23008009741187668	0.1436031988430155	0.22791674406599344	0.0	0.3266604443945586	0.033198568543837986	0.24220479771837214	0.15483625716840718	0.14052651010952505	0.2391640032468127	0.11816273466210328	0.21945195519225302	0.12426684716830938	0.09213187599668034	2.9946256500774746
BGene_0538	5.100290709564027	5.2888325778461605	4.862217622123861	5.1829718114300585	5.120146098737377	5.146775950391653	5.095155027265782	5.212636472619748	5.332966754260765	5.128458511916216	5.273585854360972	5.167117060759286	4.942832416109344	5.291833135036184	5.41127289072399	5.158000171411964	5.3330079666274885	5.176963709031686	5.054793724226801	5.15981678964843	5.078198499288337	8.816331773141707
BGene_0539	1.9512210962568128	1.912526424410756	1.8573143813762214	1.7971586426732242	2.0309478589096344	1.8325721236868189	1.7192537809488646	2.076181932180727	1.754575404894223	1.8668966298366358	1.8418033944296461	1.5555620282229998	1.9278975303319528	1.8440222489410025	1.9226739377084077	1.8710623699105395	1.9069083446712323	1.744415193171226	1.6232982243366294	1.8666656228941927	1.8872122135256826	4.8504383042657455
BGene_0540	3.174451716942842	2.832170987103246	2.8670865298042942	2.823980684728072	3.3608798890769847	2.883236947315642	2.859020897556277	3.0299441458946372	2.8017736069803965	3.043089744634396	2.963379913365246	2.8811790001092787	3.2608526612908104	2.9579364947669795	3.0077381667735708	3.0083454162439924	2.785413108449253	3.034963406870156	3.0374945131807776	3.0640359314116425	2.8283989531829006	5.882085526712468
BGene_0541	2.652274398637012	2.761636300918421	2.7442647310666706	2.808185417272316	2.6810694025329527	2.8353985082526125	3.043005316193136	2.974826245684289	2.9953491600118554	2.807424625911559	2.7186686949620893	2.9742615437198086	2.665933027797182	2.8046113784525097	2.799697614863769	2.871639773313781	2.5637437916373074	2.488932271706841	2.9643540885351722	2.779971058318215	2.7818985816808808	6.8185184150740765
BGene_0542	2.6080466863740512	2.4433944920289785	2.410222901767234	2.52765189503546	2.2710057936698065	2.3992233310578697	2.600139657388893	2.6160794363705273	2.584263204469363	2.5089221721048824	2.4762104227544186	2.6349707572358456	2.4882760496226894	2.5269780811801255	2.611548402345387	2.681243675582513	2.7765169205957143	2.882733147566872	2.4522297894373506	2.6781313418296135	2.423099073838867	3.262846803008589
BGene_0543	3.0897522217076925	3.227504903367379	3.6419473890566043	3.246332765841841	3.2189339445966323	3.2946604573945604	3.2431877332878405	3.1139296468343307	3.380700378983697	3.2993462924584627	3.4507417878932714	3.233765770689086	3.4369227324959466	3.350059853599043	3.1356904418610116	3.3012009684336587	3.1197519513821943	3.2946270832149644	3.0673354596620435	3.1675915907876266	3.191210188117225	4.788679322457261
BGene_0544	2.1136743809483862	1.749501196147321	1.8377601461539341	1.964122296365672	2.4095463542398	2.059437590035587	2.277464820467017	1.9777069843144142	2.220421174762238	2.346354304800892	2.223726696368425	2.015021917532095	2.1639705863415744	2.235096744722119	1.8934352631660507	1.9820656063941717	2.049538127082035	2.200524392234385	2.2664236352873655	2.1348666223589285	2.086621591729369	2.479406326467803
BGene_0545	0.4699067725447757	0.4761741242259063	0.8343857388374296	0.6931501507222892	0.5682275479726655	0.6905945940808268	0.5817752286234442	0.46879605351832043	0.790377926000921	0.24592122162454566	0.40535281588795735	0.473585862035964	0.5253355598405042	0.5528372056293237	0.2965479340682569	0.6783065423960617	0.8114743523035588	0.4421770048160717	0.4104770163377014	0.8033328311905957	0.7647911295674863	1.0267733979218199
BGene_0546	1.7246660820998188	1.6086970014752686	1.9128885625300454	1.9669477203122874	1.6443146534913666	1.6534575849452304	1.4361783454745742	1.6972274790454334	1.5743485309723222	1.6139010015916428	1.4724698236760325	1.7171188539179691	1.4593873369147052	1.7092568281767688	1.6007530919494186	1.727383212279807	2.0612310037270105	1.7216631148296917	1.618898049320759	1.663222043115813	1.7424089885012082	5.242736439670048
BGene_0547	2.8115258104922916	2.923582722003801	2.6668177160895405	2.905858318556065	2.955500394172335	2.9257844615394997	2.6758961769966123	3.082258668856674	2.7787454369186473	2.9392116983749346	2.6765814893355135	2.7527260438730803	3.044109110424899	2.9068690846955807	3.163113473101788	2.900197511428865	2.7945458842232402	2.8454985774452193	2.7063564943653837	2.675935503604519	2.839508098895258	4.205712049682665
